{
  "H_base": 4.706051578121345,
  "H_ib": 4.702121705439104,
  "H_hash": 4.813806172385562,
  "delta_ib": {
    "mean": -0.003929872682241543,
    "lo95": -0.007350962786030638,
    "hi95": -0.0016640166771972375,
    "p_le_0": 1.0
  },
  "delta_hash": {
    "mean": 0.107754594264217,
    "lo95": 0.06522625790917481,
    "hi95": 0.1536600737742518,
    "p_le_0": 0.0
  },
  "k_ctx": 5,
  "ib_clusters": 32,
  "stride": 2,
  "label_mode": "ib",
  "null_label": "C-1",
  "n_clusters": 32,
  "n_gram_order": 3,
  "coverage_train": {
    "full_frac": 0.07363156432342317,
    "backoff_frac": 0.9263684356765768,
    "null_frac": 0.0002778549597110308
  },
  "coverage_test": {
    "full_frac": 0.002506265664160401,
    "backoff_frac": 0.9974937343358395,
    "null_frac": 0.002506265664160401
  },
  "control": "block",
  "control_tag": "ctrl-block-2-111"
}