{
  "H_base": 5.453434201600999,
  "H_ib": 5.445920221027501,
  "H_hash": 5.0256522574312505,
  "delta_ib": {
    "mean": -0.007513980573497366,
    "lo95": -0.012428590246162084,
    "hi95": -0.003966538764202103,
    "p_le_0": 1.0
  },
  "delta_hash": {
    "mean": -0.4277819441697487,
    "lo95": -0.5008977057576692,
    "hi95": -0.35220441705556216,
    "p_le_0": 1.0
  },
  "k_ctx": 7,
  "ib_clusters": 32,
  "stride": 1,
  "label_mode": "ib",
  "null_label": "C-1",
  "n_clusters": 32,
  "n_gram_order": 4,
  "coverage_train": {
    "full_frac": 0.07058300450175069,
    "backoff_frac": 0.9294169954982493,
    "null_frac": 0.000389040182293114
  },
  "coverage_test": {
    "full_frac": 0.0,
    "backoff_frac": 1.0,
    "null_frac": 0.0035122930255895636
  },
  "control": "block",
  "control_tag": "ctrl-block-2-111"
}