{
  "H_base": 3.368985658310953,
  "H_ib": 3.36923903483105,
  "H_hash": 3.2755812457634437,
  "delta_ib": {
    "mean": 0.0002533765200966937,
    "lo95": -6.825967533699374e-05,
    "hi95": 0.0005886394512675774,
    "p_le_0": 0.064
  },
  "delta_hash": {
    "mean": -0.09340441254750957,
    "lo95": -0.09715135773228697,
    "hi95": -0.08989271376056435,
    "p_le_0": 1.0
  },
  "k_ctx": 7,
  "ib_clusters": 32,
  "stride": 1,
  "label_mode": "ib",
  "null_label": "C-1",
  "n_clusters": 32,
  "n_gram_order": 3,
  "coverage_train": {
    "full_frac": 0.01776249684513293,
    "backoff_frac": 0.982237503154867,
    "null_frac": 3.333444448148272e-05
  },
  "coverage_test": {
    "full_frac": 0.0,
    "backoff_frac": 1.0,
    "null_frac": 7.778382763103797e-05
  },
  "control": "global",
  "control_tag": "ctrl-global-111"
}