{
  "model_runs": 64,
  "valid_metric_runs": 64,
  "metric_name": "delta_ib.mean",
  "mean": 0.007791334417257262,
  "median": 0.0016098181089299452,
  "std": 0.010984393433989747,
  "min": -0.0023484822595655655,
  "max": 0.036937516965714186,
  "robust_median": 0.0016098181089299452,
  "robust_mad": 0.003836027491862569,
  "sinusoid_fit": {
    "amp": 0.011147090651851458,
    "freq": 0.009968484242121062,
    "phase": -2.734073521370044,
    "offset": 0.011273094076159246,
    "r2": 0.4192080786106509
  },
  "groups": {
    "k_ctx": {
      "k_ctx": [
        5,
        7
      ],
      "count": [
        32,
        32
      ],
      "mean": [
        0.0031125304700955784,
        0.012470138364418947
      ],
      "median": [
        -0.0008224911107184641,
        0.010700073322468895
      ],
      "std": [
        0.007548876417080007,
        0.012120966565815504
      ]
    },
    "ib_clusters": {
      "ib_clusters": [
        32,
        64
      ],
      "count": [
        32,
        32
      ],
      "mean": [
        0.0015737848892270901,
        0.014008883945287435
      ],
      "median": [
        4.099050714980897e-05,
        0.015461333257251103
      ],
      "std": [
        0.004652946743464884,
        0.012150650070680107
      ]
    },
    "stride": {
      "stride": [
        1,
        2
      ],
      "count": [
        32,
        32
      ],
      "mean": [
        0.005723964474374636,
        0.00985870436013989
      ],
      "median": [
        0.0016098181089299452,
        0.006567291365151944
      ],
      "std": [
        0.007676676337027004,
        0.013466364565999653
      ]
    },
    "n": {
      "n": [
        3,
        4
      ],
      "count": [
        32,
        32
      ],
      "mean": [
        0.012197555842786844,
        0.0033851129917276796
      ],
      "median": [
        0.013216708117493672,
        0.00045994816753506433
      ],
      "std": [
        0.012287675262333972,
        0.007617677436303498
      ]
    },
    "ib_max_contexts": {
      "ib_max_contexts": [
        6000,
        9000
      ],
      "count": [
        32,
        32
      ],
      "mean": [
        0.007791334417257262,
        0.007791334417257262
      ],
      "median": [
        0.0016098181089299452,
        0.0016098181089299452
      ],
      "std": [
        0.01116015488909405,
        0.01116015488909405
      ]
    },
    "seed": {
      "seed": [
        111,
        333
      ],
      "count": [
        32,
        32
      ],
      "mean": [
        0.007791334417257262,
        0.007791334417257262
      ],
      "median": [
        0.0016098181089299452,
        0.0016098181089299452
      ],
      "std": [
        0.011160154889094052,
        0.011160154889094052
      ]
    }
  },
  "main_effects": {
    "betas": {
      "n_3": 0.20056733490503395,
      "n_4": -0.20056733490503392,
      "k_ctx_5": -0.2129750522268825,
      "k_ctx_7": 0.21297505222688257,
      "ib_clusters_32": -0.2830174015431333,
      "ib_clusters_64": 0.2830174015431333,
      "ib_max_contexts_6000": 1.1102230246251565e-16,
      "ib_max_contexts_9000": -8.326672684688674e-17,
      "stride_1": -0.09410486665610651,
      "stride_2": 0.09410486665610648,
      "seed_111": 2.7755575615628914e-17,
      "seed_333": -8.326672684688674e-17
    },
    "betas_group": {
      "n": 0.2836450451917256,
      "k_ctx": 0.3011922073063755,
      "ib_clusters": 0.4002470476498913,
      "ib_max_contexts": 1.3877787807814457e-16,
      "stride": 0.13308437871037745,
      "seed": 8.777083671441753e-17
    },
    "r2": 0.6981609411522146
  }
}