{
  "H_base": 3.992799039930589,
  "H_ib": 3.9928029417674344,
  "H_hash": 3.983848586806976,
  "delta_ib": {
    "mean": 3.901836845693987e-06,
    "lo95": 0.0,
    "hi95": 1.1705510537081961e-05,
    "p_le_0": 0.374
  },
  "delta_hash": {
    "mean": -0.00895045312361296,
    "lo95": -0.010332152759855686,
    "hi95": -0.007660355055981836,
    "p_le_0": 1.0
  },
  "k_ctx": 5,
  "ib_clusters": 64,
  "stride": 2,
  "label_mode": "ib",
  "null_label": "C-1",
  "n_clusters": 64,
  "n_gram_order": 4,
  "coverage_train": {
    "full_frac": 0.136588966403962,
    "backoff_frac": 0.863411033596038,
    "null_frac": 2.381009071644563e-05
  },
  "coverage_test": {
    "full_frac": 0.0005778098783265737,
    "backoff_frac": 0.9994221901216734,
    "null_frac": 5.555864214678593e-05
  },
  "control": "global",
  "control_tag": "ctrl-global-333"
}