{
  "H_base": 1.510751789693792,
  "H_ib": 1.5216467897398354,
  "H_hash": 1.527466762795292,
  "delta_ib": {
    "mean": 0.010895000046043178,
    "lo95": 0.004213558095237675,
    "hi95": 0.019648650681291235,
    "p_le_0": 0.0
  },
  "delta_hash": {
    "mean": 0.016714973101499817,
    "lo95": 0.008282502274866856,
    "hi95": 0.02590867679956787,
    "p_le_0": 0.0
  },
  "k_ctx": 5,
  "ib_clusters": 32,
  "stride": 2,
  "label_mode": "ib",
  "null_label": "C-1",
  "n_clusters": 32,
  "n_gram_order": 3,
  "coverage_train": {
    "full_frac": 0.12525701583773272,
    "backoff_frac": 0.8747429841622673,
    "null_frac": 0.0002778549597110308
  },
  "coverage_test": {
    "full_frac": 0.07268170426065163,
    "backoff_frac": 0.9273182957393483,
    "null_frac": 0.002506265664160401
  },
  "control": "block",
  "control_tag": "ctrl-block-2-333"
}