{
  "H_base": 3.4630217005588713,
  "H_ib": 3.4630451707836873,
  "H_hash": 3.3751893171779614,
  "delta_ib": {
    "mean": 2.34702248159722e-05,
    "lo95": -2.142803947485788e-05,
    "hi95": 6.989446548339794e-05,
    "p_le_0": 0.154
  },
  "delta_hash": {
    "mean": -0.08783238338091023,
    "lo95": -0.0923638880429775,
    "hi95": -0.08344992826501187,
    "p_le_0": 1.0
  },
  "k_ctx": 7,
  "ib_clusters": 32,
  "stride": 1,
  "label_mode": "ib",
  "null_label": "C-1",
  "n_clusters": 32,
  "n_gram_order": 3,
  "coverage_train": {
    "full_frac": 0.038225083693265965,
    "backoff_frac": 0.9617749163067341,
    "null_frac": 3.333444448148272e-05
  },
  "coverage_test": {
    "full_frac": 1.1111975375862567e-05,
    "backoff_frac": 0.9999888880246242,
    "null_frac": 7.778382763103797e-05
  },
  "control": "block",
  "control_tag": "ctrl-block-2-333"
}