{
  "H_base": 2.826837415247051,
  "H_ib": 2.8563863827441454,
  "H_hash": 2.9634542397546553,
  "delta_ib": {
    "mean": 0.029548967497094448,
    "lo95": 0.02726459675140124,
    "hi95": 0.031700067620167076,
    "p_le_0": 0.0
  },
  "delta_hash": {
    "mean": 0.1366168245076045,
    "lo95": 0.13263359531985972,
    "hi95": 0.1406516024366825,
    "p_le_0": 0.0
  },
  "k_ctx": 7,
  "ib_clusters": 64,
  "stride": 2,
  "label_mode": "ib",
  "null_label": "C-1",
  "n_clusters": 64,
  "n_gram_order": 3,
  "coverage_train": {
    "full_frac": 0.01737200763834985,
    "backoff_frac": 0.9826279923616501,
    "null_frac": 3.333444448148272e-05
  },
  "coverage_test": {
    "full_frac": 0.006644961274765815,
    "backoff_frac": 0.9933550387252342,
    "null_frac": 7.778382763103797e-05
  },
  "control": "block",
  "control_tag": "ctrl-block-2-333"
}