{
  "H_base": 3.35617615401262,
  "H_ib": 3.4005757851351377,
  "H_hash": 3.080659532504758,
  "delta_ib": {
    "mean": 0.04439963112251764,
    "lo95": 0.03984024029889555,
    "hi95": 0.049061592390381985,
    "p_le_0": 0.0
  },
  "delta_hash": {
    "mean": -0.27551662150786227,
    "lo95": -0.2855871177922981,
    "hi95": -0.26573402919724226,
    "p_le_0": 1.0
  },
  "k_ctx": 7,
  "ib_clusters": 64,
  "stride": 1,
  "label_mode": "ib",
  "null_label": "C-1",
  "n_clusters": 64,
  "n_gram_order": 4,
  "coverage_train": {
    "full_frac": 0.026296012441124166,
    "backoff_frac": 0.9737039875588759,
    "null_frac": 5.2086046148236886e-05
  },
  "coverage_test": {
    "full_frac": 0.0,
    "backoff_frac": 1.0,
    "null_frac": 0.00012154254857361138
  },
  "control": "global",
  "control_tag": "ctrl-global-111"
}