{
  "H_base": 3.4630217005588713,
  "H_ib": 3.46258130195917,
  "H_hash": 3.4591981230550553,
  "delta_ib": {
    "mean": -0.00044039859970162527,
    "lo95": -0.0006955995780042638,
    "hi95": -0.00018858145388932744,
    "p_le_0": 0.9975
  },
  "delta_hash": {
    "mean": -0.0038235775038163535,
    "lo95": -0.004682047895052627,
    "hi95": -0.0030153889235846033,
    "p_le_0": 1.0
  },
  "k_ctx": 5,
  "ib_clusters": 64,
  "stride": 1,
  "label_mode": "ib",
  "null_label": "C-1",
  "n_clusters": 64,
  "n_gram_order": 3,
  "coverage_train": {
    "full_frac": 0.3552179813805091,
    "backoff_frac": 0.6447820186194909,
    "null_frac": 2.381009071644563e-05
  },
  "coverage_test": {
    "full_frac": 0.0402800155564198,
    "backoff_frac": 0.9597199844435802,
    "null_frac": 5.555864214678593e-05
  },
  "control": "block",
  "control_tag": "ctrl-block-2-333"
}