{
  "H_base": 0.766841945581487,
  "H_ib": 0.7180715770771385,
  "H_hash": 4.810044334091481,
  "delta_ib": {
    "mean": -0.048770368504348474,
    "lo95": -0.07051687454565626,
    "hi95": -0.02787080416877448,
    "p_le_0": 1.0
  },
  "delta_hash": {
    "mean": 4.043202388509994,
    "lo95": 3.963810152524516,
    "hi95": 4.116630175848656,
    "p_le_0": 0.0
  },
  "k_ctx": 5,
  "ib_clusters": 64,
  "stride": 2,
  "label_mode": "ib",
  "null_label": "C-1",
  "n_clusters": 64,
  "n_gram_order": 3,
  "coverage_train": {
    "full_frac": 0.9979438732981384,
    "backoff_frac": 0.0020561267018616284,
    "null_frac": 0.0002778549597110308
  },
  "coverage_test": {
    "full_frac": 0.9929824561403509,
    "backoff_frac": 0.007017543859649123,
    "null_frac": 0.002506265664160401
  },
  "notes": "Bits/token. delta<0 means conditional helps. Hash control preserves label histogram."
}