{
  "H_base": 4.941751550446055,
  "H_ib": 4.942103753539228,
  "H_hash": 4.9185907621034985,
  "delta_ib": {
    "mean": 0.00035220309317250464,
    "lo95": -0.005822263024031095,
    "hi95": 0.007450513072073952,
    "p_le_0": 0.4825
  },
  "delta_hash": {
    "mean": -0.023160788342555944,
    "lo95": -0.040477306050661965,
    "hi95": -0.006690331462342706,
    "p_le_0": 0.9975
  },
  "k_ctx": 5,
  "ib_clusters": 32,
  "stride": 1,
  "label_mode": "ib",
  "null_label": "C-1",
  "n_clusters": 32,
  "n_gram_order": 3,
  "coverage_train": {
    "full_frac": 0.07941094748541261,
    "backoff_frac": 0.9205890525145873,
    "null_frac": 0.0002778549597110308
  },
  "coverage_test": {
    "full_frac": 0.0010025062656641604,
    "backoff_frac": 0.9989974937343359,
    "null_frac": 0.002506265664160401
  },
  "control": "block",
  "control_tag": "ctrl-block-2-333"
}