{
  "H_base": 5.453434201600999,
  "H_ib": 5.452386504715286,
  "H_hash": 5.496983569162165,
  "delta_ib": {
    "mean": -0.001047696885712592,
    "lo95": -0.0027142167956116475,
    "hi95": -7.147897692102134e-05,
    "p_le_0": 1.0
  },
  "delta_hash": {
    "mean": 0.04354936756116553,
    "lo95": 0.012865299430411741,
    "hi95": 0.07527673777660222,
    "p_le_0": 0.0035
  },
  "k_ctx": 5,
  "ib_clusters": 64,
  "stride": 2,
  "label_mode": "ib",
  "null_label": "C-1",
  "n_clusters": 64,
  "n_gram_order": 4,
  "coverage_train": {
    "full_frac": 0.10286190608502362,
    "backoff_frac": 0.8971380939149763,
    "null_frac": 0.0002778549597110308
  },
  "coverage_test": {
    "full_frac": 0.010025062656641603,
    "backoff_frac": 0.9899749373433584,
    "null_frac": 0.002506265664160401
  },
  "control": "block",
  "control_tag": "ctrl-block-2-111"
}