{
  "model_runs": 64,
  "valid_metric_runs": 64,
  "metric_name": "delta_ib.mean",
  "mean": -0.0013620401146237017,
  "median": -0.00035021985907054585,
  "std": 0.0024455806985039827,
  "min": -0.006355585007698735,
  "max": 0.004194876663960136,
  "robust_median": -0.00035021985907054585,
  "robust_mad": 0.00035021985907054585,
  "sinusoid_fit": {
    "amp": 0.002062986004822338,
    "freq": 0.12481490745372686,
    "phase": -1.8987842937997121,
    "offset": -0.001364320709420645,
    "r2": 0.3557602398171482
  },
  "groups": {
    "k_ctx": {
      "k_ctx": [
        5,
        7
      ],
      "count": [
        32,
        32
      ],
      "mean": [
        -0.000881912293894604,
        -0.0018421679353527996
      ],
      "median": [
        0.0,
        -0.0008080816371486537
      ],
      "std": [
        0.0026941663941876816,
        0.0021478225529469935
      ]
    },
    "ib_clusters": {
      "ib_clusters": [
        32,
        64
      ],
      "count": [
        32,
        32
      ],
      "mean": [
        -0.0011715136471713667,
        -0.0015525665820760367
      ],
      "median": [
        -0.00025208121859912743,
        -0.00035021985907054585
      ],
      "std": [
        0.002544139679552988,
        0.0024083195022787953
      ]
    },
    "stride": {
      "stride": [
        1,
        2
      ],
      "count": [
        32,
        32
      ],
      "mean": [
        -0.001404143595477841,
        -0.0013199366337695627
      ],
      "median": [
        -0.00017510992953527292,
        -0.00035021985907054585
      ],
      "std": [
        0.003158724418809939,
        0.0015383083022228541
      ]
    },
    "n": {
      "n": [
        3,
        4
      ],
      "count": [
        32,
        32
      ],
      "mean": [
        -0.002636525264479767,
        -8.755496476763646e-05
      ],
      "median": [
        -0.003169786502706673,
        0.0
      ],
      "std": [
        0.0029950682035754963,
        0.00015407619586764145
      ]
    },
    "ib_max_contexts": {
      "ib_max_contexts": [
        6000,
        9000
      ],
      "count": [
        32,
        32
      ],
      "mean": [
        -0.0013620401146237017,
        -0.0013620401146237017
      ],
      "median": [
        -0.00035021985907054585,
        -0.00035021985907054585
      ],
      "std": [
        0.002484712474393763,
        0.002484712474393763
      ]
    },
    "seed": {
      "seed": [
        111,
        333
      ],
      "count": [
        32,
        32
      ],
      "mean": [
        -0.0024336401465271666,
        -0.0002904400827202369
      ],
      "median": [
        -0.0016962066941727542,
        -0.00035021985907054585
      ],
      "std": [
        0.0026492080690107816,
        0.0017200435814902057
      ]
    }
  },
  "main_effects": {
    "betas": {
      "n_3": -0.2605689176494629,
      "n_4": 0.26056891764946294,
      "k_ctx_5": 0.09816229447232513,
      "k_ctx_7": -0.09816229447232512,
      "ib_clusters_32": 0.038953200367408944,
      "ib_clusters_64": -0.03895320036740896,
      "ib_max_contexts_6000": -1.0408340855860843e-17,
      "ib_max_contexts_9000": 3.2959746043559335e-17,
      "stride_1": -0.008608070825051817,
      "stride_2": 0.008608070825051831,
      "seed_111": -0.21908898702958626,
      "seed_333": 0.21908898702958626
    },
    "betas_group": {
      "n": 0.3685000972727486,
      "k_ctx": 0.1388224481564237,
      "ib_clusters": 0.055088144257426364,
      "ib_max_contexts": 3.4564120394242746e-17,
      "stride": 0.012173650506656447,
      "seed": 0.309838616823824
    },
    "r2": 0.5084941411768396
  }
}