{
  "H_base": 5.810018269537211,
  "H_ib": 5.808544085921418,
  "H_hash": 5.079577727572608,
  "delta_ib": {
    "mean": -0.0014741836157923386,
    "lo95": -0.004422550847377016,
    "hi95": 0.0,
    "p_le_0": 1.0
  },
  "delta_hash": {
    "mean": -0.7304405419646027,
    "lo95": -0.8661192562583535,
    "hi95": -0.5877021839831338,
    "p_le_0": 1.0
  },
  "k_ctx": 7,
  "ib_clusters": 32,
  "stride": 2,
  "label_mode": "ib",
  "null_label": "C-1",
  "n_clusters": 32,
  "n_gram_order": 4,
  "coverage_train": {
    "full_frac": 0.07047185016395265,
    "backoff_frac": 0.9295281498360474,
    "null_frac": 0.000389040182293114
  },
  "coverage_test": {
    "full_frac": 0.0,
    "backoff_frac": 1.0,
    "null_frac": 0.0035122930255895636
  },
  "control": "block",
  "control_tag": "ctrl-block-2-111"
}