{
  "H_base": 5.278110185448482,
  "H_ib": 5.27717500308869,
  "H_hash": 5.013785045230337,
  "delta_ib": {
    "mean": -0.000935182359791702,
    "lo95": -0.0028055470793751057,
    "hi95": 0.0,
    "p_le_0": 1.0
  },
  "delta_hash": {
    "mean": -0.26432514021814507,
    "lo95": -0.324885581170236,
    "hi95": -0.21316913896256715,
    "p_le_0": 1.0
  },
  "k_ctx": 5,
  "ib_clusters": 32,
  "stride": 2,
  "label_mode": "ib",
  "null_label": "C-1",
  "n_clusters": 32,
  "n_gram_order": 3,
  "coverage_train": {
    "full_frac": 0.06979716587941094,
    "backoff_frac": 0.930202834120589,
    "null_frac": 0.0002778549597110308
  },
  "coverage_test": {
    "full_frac": 0.0,
    "backoff_frac": 1.0,
    "null_frac": 0.002506265664160401
  },
  "control": "global",
  "control_tag": "ctrl-global-111"
}