{
  "H_base": 4.053112485471107,
  "H_ib": 4.113988314023095,
  "H_hash": 4.886663869884006,
  "delta_ib": {
    "mean": 0.060875828551987504,
    "lo95": 0.02526696686783283,
    "hi95": 0.09937343220197062,
    "p_le_0": 0.0
  },
  "delta_hash": {
    "mean": 0.8335513844128987,
    "lo95": 0.48860902800856354,
    "hi95": 1.1965636630317005,
    "p_le_0": 0.0
  },
  "k_ctx": 7,
  "ib_clusters": 32,
  "stride": 2,
  "label_mode": "ib",
  "null_label": "C-1",
  "n_clusters": 32,
  "n_gram_order": 3,
  "coverage_train": {
    "full_frac": 0.06986050130606347,
    "backoff_frac": 0.9301394986939365,
    "null_frac": 0.000389040182293114
  },
  "coverage_test": {
    "full_frac": 0.0,
    "backoff_frac": 1.0,
    "null_frac": 0.0035122930255895636
  },
  "control": "block",
  "control_tag": "ctrl-block-2-333"
}