{
  "H_base": 4.053112485471107,
  "H_ib": 4.19758575157163,
  "H_hash": 4.863451372820239,
  "delta_ib": {
    "mean": 0.14447326610052263,
    "lo95": 0.06702413985669729,
    "hi95": 0.22810478323592664,
    "p_le_0": 0.0
  },
  "delta_hash": {
    "mean": 0.8103388873491314,
    "lo95": 0.47311197214090744,
    "hi95": 1.159413954819114,
    "p_le_0": 0.0
  },
  "k_ctx": 7,
  "ib_clusters": 64,
  "stride": 2,
  "label_mode": "ib",
  "null_label": "C-1",
  "n_clusters": 64,
  "n_gram_order": 3,
  "coverage_train": {
    "full_frac": 0.08408825654421163,
    "backoff_frac": 0.9159117434557884,
    "null_frac": 0.000389040182293114
  },
  "coverage_test": {
    "full_frac": 0.0,
    "backoff_frac": 1.0,
    "null_frac": 0.0035122930255895636
  },
  "control": "block",
  "control_tag": "ctrl-block-2-333"
}