{
  "H_base": 4.093710525676749,
  "H_ib": 4.093710100762225,
  "H_hash": 3.9356249702230817,
  "delta_ib": {
    "mean": -4.2491452396919983e-07,
    "lo95": -2.568704626434826e-05,
    "hi95": 4.103333262819541e-05,
    "p_le_0": 0.566
  },
  "delta_hash": {
    "mean": -0.15808555545366737,
    "lo95": -0.16546978506037904,
    "hi95": -0.15109070612837733,
    "p_le_0": 1.0
  },
  "k_ctx": 7,
  "ib_clusters": 32,
  "stride": 1,
  "label_mode": "ib",
  "null_label": "C-1",
  "n_clusters": 32,
  "n_gram_order": 4,
  "coverage_train": {
    "full_frac": 0.038225083693265965,
    "backoff_frac": 0.9617749163067341,
    "null_frac": 3.333444448148272e-05
  },
  "coverage_test": {
    "full_frac": 1.1111975375862567e-05,
    "backoff_frac": 0.9999888880246242,
    "null_frac": 7.778382763103797e-05
  },
  "control": "block",
  "control_tag": "ctrl-block-2-333"
}