{
  "H_base": 5.810018269537211,
  "H_ib": 5.786585708932959,
  "H_hash": 5.78395635231288,
  "delta_ib": {
    "mean": -0.02343256060425096,
    "lo95": -0.03654456706389795,
    "hi95": -0.012130877218918581,
    "p_le_0": 1.0
  },
  "delta_hash": {
    "mean": -0.02606191722433057,
    "lo95": -0.038473493045546946,
    "hi95": -0.015306507033325686,
    "p_le_0": 1.0
  },
  "k_ctx": 5,
  "ib_clusters": 32,
  "stride": 1,
  "label_mode": "ib",
  "null_label": "C-1",
  "n_clusters": 32,
  "n_gram_order": 4,
  "coverage_train": {
    "full_frac": 0.13687135315365379,
    "backoff_frac": 0.8631286468463462,
    "null_frac": 0.0002778549597110308
  },
  "coverage_test": {
    "full_frac": 0.07468671679197995,
    "backoff_frac": 0.9253132832080201,
    "null_frac": 0.002506265664160401
  },
  "control": "block",
  "control_tag": "ctrl-block-2-111"
}