{
  "H_base": 5.252291420871503,
  "H_ib": 5.2513071881873605,
  "H_hash": 5.02104728540553,
  "delta_ib": {
    "mean": -0.0009842326841416824,
    "lo95": -0.0026689050864244566,
    "hi95": 0.0,
    "p_le_0": 1.0
  },
  "delta_hash": {
    "mean": -0.23124413546597278,
    "lo95": -0.2952438654137248,
    "hi95": -0.1665083997653342,
    "p_le_0": 1.0
  },
  "k_ctx": 5,
  "ib_clusters": 64,
  "stride": 2,
  "label_mode": "ib",
  "null_label": "C-1",
  "n_clusters": 64,
  "n_gram_order": 3,
  "coverage_train": {
    "full_frac": 0.08413448180050014,
    "backoff_frac": 0.9158655181994999,
    "null_frac": 0.0002778549597110308
  },
  "coverage_test": {
    "full_frac": 0.0,
    "backoff_frac": 1.0,
    "null_frac": 0.002506265664160401
  },
  "control": "global",
  "control_tag": "ctrl-global-111"
}