{
  "H_base": 5.3044212129695225,
  "H_ib": 5.303720773251381,
  "H_hash": 5.01841267701624,
  "delta_ib": {
    "mean": -0.0007004397181410917,
    "lo95": -0.0021013191544232753,
    "hi95": 0.0,
    "p_le_0": 1.0
  },
  "delta_hash": {
    "mean": -0.28600853595328213,
    "lo95": -0.38660563436601997,
    "hi95": -0.1943417939243032,
    "p_le_0": 1.0
  },
  "k_ctx": 5,
  "ib_clusters": 32,
  "stride": 2,
  "label_mode": "ib",
  "null_label": "C-1",
  "n_clusters": 32,
  "n_gram_order": 3,
  "coverage_train": {
    "full_frac": 0.06985273687135315,
    "backoff_frac": 0.9301472631286468,
    "null_frac": 0.0002778549597110308
  },
  "coverage_test": {
    "full_frac": 0.0,
    "backoff_frac": 1.0,
    "null_frac": 0.002506265664160401
  },
  "control": "global",
  "control_tag": "ctrl-global-333"
}