{
  "H_base": 1.510751789693792,
  "H_ib": 1.5682691284501615,
  "H_hash": 3.8694736525151683,
  "delta_ib": {
    "mean": 0.057517338756369385,
    "lo95": 0.01270012626267708,
    "hi95": 0.1127045412077692,
    "p_le_0": 0.0025
  },
  "delta_hash": {
    "mean": 2.358721862821376,
    "lo95": 2.1714872872825937,
    "hi95": 2.5742826872448363,
    "p_le_0": 0.0
  },
  "k_ctx": 7,
  "ib_clusters": 32,
  "stride": 1,
  "label_mode": "ib",
  "null_label": "C-1",
  "n_clusters": 32,
  "n_gram_order": 3,
  "coverage_train": {
    "full_frac": 0.07408436614238871,
    "backoff_frac": 0.9259156338576113,
    "null_frac": 0.000389040182293114
  },
  "coverage_test": {
    "full_frac": 0.002007024586051179,
    "backoff_frac": 0.9979929754139488,
    "null_frac": 0.0035122930255895636
  },
  "control": "block",
  "control_tag": "ctrl-block-2-333"
}