{
  "H_base": 5.278110185448482,
  "H_ib": 5.276470775163738,
  "H_hash": 5.021324057161747,
  "delta_ib": {
    "mean": -0.0016394102847435326,
    "lo95": -0.0035135632111376754,
    "hi95": -0.00023474264165061022,
    "p_le_0": 1.0
  },
  "delta_hash": {
    "mean": -0.25678612828673475,
    "lo95": -0.31352163491220947,
    "hi95": -0.2078739940341272,
    "p_le_0": 1.0
  },
  "k_ctx": 5,
  "ib_clusters": 32,
  "stride": 1,
  "label_mode": "ib",
  "null_label": "C-1",
  "n_clusters": 32,
  "n_gram_order": 3,
  "coverage_train": {
    "full_frac": 0.06985273687135315,
    "backoff_frac": 0.9301472631286468,
    "null_frac": 0.0002778549597110308
  },
  "coverage_test": {
    "full_frac": 0.0,
    "backoff_frac": 1.0,
    "null_frac": 0.002506265664160401
  },
  "control": "global",
  "control_tag": "ctrl-global-111"
}