{
  "H_base": 0.8787513803793275,
  "H_ib": 0.8721411452884735,
  "H_hash": 3.62415387585724,
  "delta_ib": {
    "mean": -0.0066102350908539735,
    "lo95": -0.019775165868752637,
    "hi95": 0.008393794860510817,
    "p_le_0": 0.825
  },
  "delta_hash": {
    "mean": 2.745402495477912,
    "lo95": 2.6419311219061523,
    "hi95": 2.8419412777520123,
    "p_le_0": 0.0
  },
  "k_ctx": 5,
  "ib_clusters": 32,
  "stride": 1,
  "label_mode": "ib",
  "null_label": "C-1",
  "n_clusters": 32,
  "n_gram_order": 3,
  "coverage_train": {
    "full_frac": 0.99622117254793,
    "backoff_frac": 0.0037788274520700192,
    "null_frac": 0.0002778549597110308
  },
  "coverage_test": {
    "full_frac": 0.9854636591478697,
    "backoff_frac": 0.014536340852130326,
    "null_frac": 0.002506265664160401
  },
  "notes": "Bits/token. delta<0 means conditional helps. Hash control preserves label histogram."
}