{
  "H_base": 1.817148589610931,
  "H_ib": 1.8540861065766452,
  "H_hash": 3.3056704175624554,
  "delta_ib": {
    "mean": 0.036937516965714186,
    "lo95": 0.010399795221873363,
    "hi95": 0.06725383123029426,
    "p_le_0": 0.0
  },
  "delta_hash": {
    "mean": 1.4885218279515242,
    "lo95": 1.3550364797825107,
    "hi95": 1.6232084512209326,
    "p_le_0": 0.0
  },
  "k_ctx": 7,
  "ib_clusters": 64,
  "stride": 2,
  "label_mode": "ib",
  "null_label": "C-1",
  "n_clusters": 64,
  "n_gram_order": 3,
  "coverage_train": {
    "full_frac": 0.249208025343189,
    "backoff_frac": 0.750791974656811,
    "null_frac": 0.000389040182293114
  },
  "coverage_test": {
    "full_frac": 0.5032614149523331,
    "backoff_frac": 0.4967385850476668,
    "null_frac": 0.0035122930255895636
  },
  "notes": "Bits/token. delta<0 means conditional helps. Hash control preserves label histogram."
}