{
  "H_base": 4.941751550446055,
  "H_ib": 4.925064446512883,
  "H_hash": 5.0061304548209735,
  "delta_ib": {
    "mean": -0.016687103933171785,
    "lo95": -0.022799237572806826,
    "hi95": -0.011174342093066968,
    "p_le_0": 1.0
  },
  "delta_hash": {
    "mean": 0.06437890437491835,
    "lo95": -0.04049433352853832,
    "hi95": 0.17850658597933083,
    "p_le_0": 0.1115
  },
  "k_ctx": 7,
  "ib_clusters": 32,
  "stride": 1,
  "label_mode": "ib",
  "null_label": "C-1",
  "n_clusters": 32,
  "n_gram_order": 3,
  "coverage_train": {
    "full_frac": 0.06986050130606347,
    "backoff_frac": 0.9301394986939365,
    "null_frac": 0.000389040182293114
  },
  "coverage_test": {
    "full_frac": 0.0,
    "backoff_frac": 1.0,
    "null_frac": 0.0035122930255895636
  },
  "control": "block",
  "control_tag": "ctrl-block-2-333"
}