{
  "H_base": 3.1200526821798125,
  "H_ib": 3.12867137568687,
  "H_hash": 3.0153768174427937,
  "delta_ib": {
    "mean": 0.008618693507057316,
    "lo95": 0.007254600686117513,
    "hi95": 0.010015146751675382,
    "p_le_0": 0.0
  },
  "delta_hash": {
    "mean": -0.10467586473701873,
    "lo95": -0.11020588593607519,
    "hi95": -0.09954778591695271,
    "p_le_0": 1.0
  },
  "k_ctx": 7,
  "ib_clusters": 64,
  "stride": 1,
  "label_mode": "ib",
  "null_label": "C-1",
  "n_clusters": 64,
  "n_gram_order": 4,
  "coverage_train": {
    "full_frac": 0.01626244684346621,
    "backoff_frac": 0.9837375531565338,
    "null_frac": 3.333444448148272e-05
  },
  "coverage_test": {
    "full_frac": 0.0009111819808207305,
    "backoff_frac": 0.9990888180191793,
    "null_frac": 7.778382763103797e-05
  },
  "control": "global",
  "control_tag": "ctrl-global-333"
}