{
  "H_base": 5.017516568814675,
  "H_ib": 5.017516568814675,
  "H_hash": 5.001425305303547,
  "delta_ib": {
    "mean": 0.0,
    "lo95": 0.0,
    "hi95": 0.0,
    "p_le_0": 1.0
  },
  "delta_hash": {
    "mean": -0.0160912635111279,
    "lo95": -0.028073864910757293,
    "hi95": -0.0029425253168669273,
    "p_le_0": 0.996
  },
  "k_ctx": 5,
  "ib_clusters": 64,
  "stride": 2,
  "label_mode": "ib",
  "null_label": "C-1",
  "n_clusters": 64,
  "n_gram_order": 4,
  "coverage_train": {
    "full_frac": 0.08480133370380662,
    "backoff_frac": 0.9151986662961934,
    "null_frac": 0.0002778549597110308
  },
  "coverage_test": {
    "full_frac": 0.0040100250626566416,
    "backoff_frac": 0.9959899749373433,
    "null_frac": 0.002506265664160401
  },
  "control": "block",
  "control_tag": "ctrl-block-2-333"
}