{
  "H_base": 0.8699658146768667,
  "H_ib": 0.8648516460765507,
  "H_hash": 4.740663647607379,
  "delta_ib": {
    "mean": -0.005114168600315962,
    "lo95": -0.015839830280320245,
    "hi95": 0.006143118320500977,
    "p_le_0": 0.827
  },
  "delta_hash": {
    "mean": 3.8706978329305124,
    "lo95": 3.807357340698446,
    "hi95": 3.9318216805985013,
    "p_le_0": 0.0
  },
  "k_ctx": 5,
  "ib_clusters": 64,
  "stride": 2,
  "label_mode": "ib",
  "null_label": "C-1",
  "n_clusters": 64,
  "n_gram_order": 4,
  "coverage_train": {
    "full_frac": 0.987329813837177,
    "backoff_frac": 0.012670186162823007,
    "null_frac": 0.0002778549597110308
  },
  "coverage_test": {
    "full_frac": 0.9774436090225563,
    "backoff_frac": 0.022556390977443608,
    "null_frac": 0.002506265664160401
  },
  "notes": "Bits/token. delta<0 means conditional helps. Hash control preserves label histogram."
}