{
  "H_base": 3.1297911462514882,
  "H_ib": 3.1317707131346957,
  "H_hash": 3.1282999454912184,
  "delta_ib": {
    "mean": 0.0019795668832074858,
    "lo95": 0.0013449640665078887,
    "hi95": 0.002622086791411608,
    "p_le_0": 0.0
  },
  "delta_hash": {
    "mean": -0.001491200760269832,
    "lo95": -0.0025110661589213953,
    "hi95": -0.0004918803785861366,
    "p_le_0": 0.997
  },
  "k_ctx": 5,
  "ib_clusters": 64,
  "stride": 1,
  "label_mode": "ib",
  "null_label": "C-1",
  "n_clusters": 64,
  "n_gram_order": 4,
  "coverage_train": {
    "full_frac": 0.09344984404390581,
    "backoff_frac": 0.9065501559560942,
    "null_frac": 2.381009071644563e-05
  },
  "coverage_test": {
    "full_frac": 0.06487027057058725,
    "backoff_frac": 0.9351297294294127,
    "null_frac": 5.555864214678593e-05
  },
  "control": "global",
  "control_tag": "ctrl-global-111"
}