{
  "H_base": 2.8452917226815764,
  "H_ib": 2.8491688695327717,
  "H_hash": 2.8598917981117356,
  "delta_ib": {
    "mean": 0.0038771468511956592,
    "lo95": 0.002998725688787832,
    "hi95": 0.004828724694724656,
    "p_le_0": 0.0
  },
  "delta_hash": {
    "mean": 0.014600075430159407,
    "lo95": 0.01215176295094575,
    "hi95": 0.01711870710723758,
    "p_le_0": 0.0
  },
  "k_ctx": 7,
  "ib_clusters": 64,
  "stride": 1,
  "label_mode": "ib",
  "null_label": "C-1",
  "n_clusters": 64,
  "n_gram_order": 4,
  "coverage_train": {
    "full_frac": 0.06859752467939408,
    "backoff_frac": 0.9314024753206059,
    "null_frac": 3.333444448148272e-05
  },
  "coverage_test": {
    "full_frac": 0.055037614036647295,
    "backoff_frac": 0.9449623859633527,
    "null_frac": 7.778382763103797e-05
  },
  "notes": "Bits/token. delta<0 means conditional helps. Hash control preserves label histogram."
}