{
  "H_base": 4.173673950432172,
  "H_ib": 4.171135962824789,
  "H_hash": 3.431011049033788,
  "delta_ib": {
    "mean": -0.002537987607382673,
    "lo95": -0.0028055966255661645,
    "hi95": -0.002277843877625949,
    "p_le_0": 1.0
  },
  "delta_hash": {
    "mean": -0.7426629013983836,
    "lo95": -0.761003384128871,
    "hi95": -0.7250697448510061,
    "p_le_0": 1.0
  },
  "k_ctx": 5,
  "ib_clusters": 64,
  "stride": 1,
  "label_mode": "ib",
  "null_label": "C-1",
  "n_clusters": 64,
  "n_gram_order": 3,
  "coverage_train": {
    "full_frac": 0.17113731909669258,
    "backoff_frac": 0.7976189590386548,
    "null_frac": 0.031280925629673724
  },
  "coverage_test": {
    "full_frac": 0.04861533119194374,
    "backoff_frac": 0.5990103307578782,
    "null_frac": 0.35246115114159215
  },
  "control": "global",
  "control_tag": "ctrl-global-111"
}