{
  "H_base": 3.0077488054697,
  "H_ib": 3.0085883355523984,
  "H_hash": 3.008340407435964,
  "delta_ib": {
    "mean": 0.0008395300826982008,
    "lo95": 0.0004823209969151083,
    "hi95": 0.0011819970125121401,
    "p_le_0": 0.0
  },
  "delta_hash": {
    "mean": 0.0005916019662641357,
    "lo95": 0.0003092096236962895,
    "hi95": 0.0008796329737562035,
    "p_le_0": 0.001
  },
  "k_ctx": 5,
  "ib_clusters": 32,
  "stride": 1,
  "label_mode": "ib",
  "null_label": "C-1",
  "n_clusters": 32,
  "n_gram_order": 3,
  "coverage_train": {
    "full_frac": 0.07907807328745922,
    "backoff_frac": 0.9209219267125408,
    "null_frac": 2.381009071644563e-05
  },
  "coverage_test": {
    "full_frac": 0.055991999555530865,
    "backoff_frac": 0.9440080004444691,
    "null_frac": 5.555864214678593e-05
  },
  "control": "global",
  "control_tag": "ctrl-global-111"
}