{
  "H_base": 2.82556404821523,
  "H_ib": 2.828133721741026,
  "H_hash": 2.834891886892762,
  "delta_ib": {
    "mean": 0.002569673525795907,
    "lo95": 0.0018692934666596946,
    "hi95": 0.003355189494783297,
    "p_le_0": 0.0
  },
  "delta_hash": {
    "mean": 0.009327838677532084,
    "lo95": 0.008575998478848707,
    "hi95": 0.010034413191663613,
    "p_le_0": 0.0
  },
  "k_ctx": 5,
  "ib_clusters": 64,
  "stride": 1,
  "label_mode": "ib",
  "null_label": "C-1",
  "n_clusters": 64,
  "n_gram_order": 3,
  "coverage_train": {
    "full_frac": 0.14927498273768422,
    "backoff_frac": 0.8507250172623158,
    "null_frac": 2.381009071644563e-05
  },
  "coverage_test": {
    "full_frac": 0.21314517473192957,
    "backoff_frac": 0.7868548252680705,
    "null_frac": 5.555864214678593e-05
  },
  "control": "block",
  "control_tag": "ctrl-block-2-111"
}