{
  "H_base": 1.584976616032563,
  "H_ib": 1.5851764709960512,
  "H_hash": 2.2551913691270706,
  "delta_ib": {
    "mean": 0.0001998549634884232,
    "lo95": 0.00016731736892708972,
    "hi95": 0.00023212705761510797,
    "p_le_0": 0.0
  },
  "delta_hash": {
    "mean": 0.670214753094508,
    "lo95": 0.6604439056784952,
    "hi95": 0.6797209772665582,
    "p_le_0": 0.0
  },
  "k_ctx": 7,
  "ib_clusters": 32,
  "stride": 1,
  "label_mode": "ib",
  "null_label": "C-1",
  "n_clusters": 32,
  "n_gram_order": 3,
  "coverage_train": {
    "full_frac": 0.2288214415929401,
    "backoff_frac": 0.7399269307181178,
    "null_frac": 0.03130371373509037
  },
  "coverage_test": {
    "full_frac": 0.0416717309395239,
    "backoff_frac": 0.6059764207455767,
    "null_frac": 0.352473390863473
  },
  "control": "block",
  "control_tag": "ctrl-block-2-111"
}