{
  "H_base": 2.5699526488454447,
  "H_ib": 2.6901236893920153,
  "H_hash": 4.845212635646848,
  "delta_ib": {
    "mean": 0.12017104054657086,
    "lo95": 0.07534272142035774,
    "hi95": 0.16955672548732162,
    "p_le_0": 0.0
  },
  "delta_hash": {
    "mean": 2.2752599868014034,
    "lo95": 2.1260811730478726,
    "hi95": 2.424199993857948,
    "p_le_0": 0.0
  },
  "k_ctx": 7,
  "ib_clusters": 64,
  "stride": 2,
  "label_mode": "ib",
  "null_label": "C-1",
  "n_clusters": 64,
  "n_gram_order": 3,
  "coverage_train": {
    "full_frac": 0.08469960540210082,
    "backoff_frac": 0.9153003945978991,
    "null_frac": 0.000389040182293114
  },
  "coverage_test": {
    "full_frac": 0.0,
    "backoff_frac": 1.0,
    "null_frac": 0.0035122930255895636
  },
  "control": "block",
  "control_tag": "ctrl-block-2-111"
}