{
  "H_base": 1.841926414935292,
  "H_ib": 1.7893849104686856,
  "H_hash": 2.0796809342930263,
  "delta_ib": {
    "mean": -0.05254150446660631,
    "lo95": -0.056838219558864034,
    "hi95": -0.048401048365280655,
    "p_le_0": 1.0
  },
  "delta_hash": {
    "mean": 0.23775451935773434,
    "lo95": 0.2318343588855286,
    "hi95": 0.24401434135333971,
    "p_le_0": 0.0
  },
  "k_ctx": 7,
  "ib_clusters": 64,
  "stride": 1,
  "label_mode": "ib",
  "null_label": "C-1",
  "n_clusters": 64,
  "n_gram_order": 3,
  "coverage_train": {
    "full_frac": 0.973803888701052,
    "backoff_frac": 0.026196111298948062,
    "null_frac": 3.333444448148272e-05
  },
  "coverage_test": {
    "full_frac": 0.4628137744046759,
    "backoff_frac": 0.537186225595324,
    "null_frac": 7.778382763103797e-05
  },
  "notes": "Bits/token. delta<0 means conditional helps. Hash control preserves label histogram."
}