{
  "model_runs": 64,
  "valid_metric_runs": 64,
  "metric_name": "delta_ib.mean",
  "mean": 0.015814369025844068,
  "median": 0.001372770803778934,
  "std": 0.03386017969923944,
  "min": -0.02463312256085276,
  "max": 0.12017104054657086,
  "robust_median": 0.001372770803778934,
  "robust_mad": 0.005905758993112131,
  "sinusoid_fit": {
    "amp": 0.025295606815633295,
    "freq": 0.011214107053526764,
    "phase": -2.37844311466433,
    "offset": 0.017190964519994835,
    "r2": 0.3350190711583303
  },
  "groups": {
    "k_ctx": {
      "k_ctx": [
        5,
        7
      ],
      "count": [
        32,
        32
      ],
      "mean": [
        -0.0027172705281953654,
        0.0343460085798835
      ],
      "median": [
        -0.00017510992953527292,
        0.01995149640813524
      ],
      "std": [
        0.00983802555728558,
        0.0395120959626505
      ]
    },
    "ib_clusters": {
      "ib_clusters": [
        32,
        64
      ],
      "count": [
        32,
        32
      ],
      "mean": [
        0.00995166020825057,
        0.021677077843437566
      ],
      "median": [
        0.0006505168552285172,
        0.0027935982131425613
      ],
      "std": [
        0.023864082814265847,
        0.041551623013945035
      ]
    },
    "stride": {
      "stride": [
        1,
        2
      ],
      "count": [
        32,
        32
      ],
      "mean": [
        0.010379977319054932,
        0.021248760732633203
      ],
      "median": [
        0.0018782634089509556,
        0.0007222539485504168
      ],
      "std": [
        0.030338590694383057,
        0.03722353285383021
      ]
    },
    "n": {
      "n": [
        3,
        4
      ],
      "count": [
        32,
        32
      ],
      "mean": [
        0.03502147547204678,
        -0.003392737420358647
      ],
      "median": [
        0.021362684290884365,
        -0.0008178110389663968
      ],
      "std": [
        0.03900157603649052,
        0.009178365631135157
      ]
    },
    "ib_max_contexts": {
      "ib_max_contexts": [
        6000,
        9000
      ],
      "count": [
        32,
        32
      ],
      "mean": [
        0.015814369025844068,
        0.015814369025844068
      ],
      "median": [
        0.001372770803778934,
        0.001372770803778934
      ],
      "std": [
        0.03440197697642146,
        0.03440197697642146
      ]
    },
    "seed": {
      "seed": [
        111,
        333
      ],
      "count": [
        32,
        32
      ],
      "mean": [
        0.01552170074879416,
        0.016107037302893975
      ],
      "median": [
        0.0,
        0.0019500005022728552
      ],
      "std": [
        0.03928635035929631,
        0.028694910344298108
      ]
    }
  },
  "main_effects": {
    "betas": {
      "n_3": 0.2836238036533625,
      "n_4": -0.2836238036533626,
      "k_ctx_5": -0.2736494491229776,
      "k_ctx_7": 0.27364944912297773,
      "ib_clusters_32": -0.08657232046978701,
      "ib_clusters_64": 0.08657232046978704,
      "ib_max_contexts_6000": 5.551115123125783e-17,
      "ib_max_contexts_9000": -8.326672684688674e-17,
      "stride_1": -0.08024752977440527,
      "stride_2": 0.08024752977440525,
      "seed_111": -0.004321717598539193,
      "seed_333": 0.004321717598539221
    },
    "betas_group": {
      "n": 0.4011046297384291,
      "k_ctx": 0.3869987622856413,
      "ib_clusters": 0.12243174973448272,
      "ib_max_contexts": 1.0007415106216802e-16,
      "stride": 0.11348714495390268,
      "seed": 0.006111831640600629
    },
    "r2": 0.6771184091006108
  }
}