{
  "H_base": 1.584976616032563,
  "H_ib": 1.583231470953847,
  "H_hash": 1.602377112798581,
  "delta_ib": {
    "mean": -0.0017451450787156716,
    "lo95": -0.0018272068199786432,
    "hi95": -0.001611243829994721,
    "p_le_0": 1.0
  },
  "delta_hash": {
    "mean": 0.017400496766018334,
    "lo95": 0.015677888023329846,
    "hi95": 0.019111990942544392,
    "p_le_0": 0.0
  },
  "k_ctx": 5,
  "ib_clusters": 64,
  "stride": 1,
  "label_mode": "ib",
  "null_label": "C-1",
  "n_clusters": 64,
  "n_gram_order": 3,
  "coverage_train": {
    "full_frac": 0.8335801183079727,
    "backoff_frac": 0.16641988169202723,
    "null_frac": 3.720376502102013e-05
  },
  "coverage_test": {
    "full_frac": 0.6163729490407154,
    "backoff_frac": 0.3836270509592847,
    "null_frac": 8.681309141418526e-05
  },
  "control": "block",
  "control_tag": "ctrl-block-2-111"
}