{
  "H_base": 1.5281685948387733,
  "H_ib": 1.5004732666921665,
  "H_hash": 1.8224091341578876,
  "delta_ib": {
    "mean": -0.02769532814660677,
    "lo95": -0.03102096294415866,
    "hi95": -0.024433478821929398,
    "p_le_0": 1.0
  },
  "delta_hash": {
    "mean": 0.29424053931911415,
    "lo95": 0.28814837669475396,
    "hi95": 0.30071334354683654,
    "p_le_0": 0.0
  },
  "k_ctx": 7,
  "ib_clusters": 64,
  "stride": 1,
  "label_mode": "ib",
  "null_label": "C-1",
  "n_clusters": 64,
  "n_gram_order": 4,
  "coverage_train": {
    "full_frac": 0.973803888701052,
    "backoff_frac": 0.026196111298948062,
    "null_frac": 3.333444448148272e-05
  },
  "coverage_test": {
    "full_frac": 0.4628137744046759,
    "backoff_frac": 0.537186225595324,
    "null_frac": 7.778382763103797e-05
  },
  "notes": "Bits/token. delta<0 means conditional helps. Hash control preserves label histogram."
}