{
  "H_base": 5.526528064521872,
  "H_ib": 5.5259431020211505,
  "H_hash": 5.519965607958047,
  "delta_ib": {
    "mean": -0.0005849625007211561,
    "lo95": -0.0017548875021634683,
    "hi95": 0.0,
    "p_le_0": 1.0
  },
  "delta_hash": {
    "mean": -0.006562456563825058,
    "lo95": -0.013610853029598238,
    "hi95": 0.00036437792206720675,
    "p_le_0": 0.9665
  },
  "k_ctx": 5,
  "ib_clusters": 32,
  "stride": 1,
  "label_mode": "ib",
  "null_label": "C-1",
  "n_clusters": 32,
  "n_gram_order": 4,
  "coverage_train": {
    "full_frac": 0.08391219783273131,
    "backoff_frac": 0.9160878021672687,
    "null_frac": 0.0002778549597110308
  },
  "coverage_test": {
    "full_frac": 0.0,
    "backoff_frac": 1.0,
    "null_frac": 0.002506265664160401
  },
  "control": "block",
  "control_tag": "ctrl-block-2-333"
}