{
  "H_base": 3.113939798480821,
  "H_ib": 3.108127228982811,
  "H_hash": 3.112441613040107,
  "delta_ib": {
    "mean": -0.005812569498009702,
    "lo95": -0.0059047224493632405,
    "hi95": -0.005761549887316079,
    "p_le_0": 1.0
  },
  "delta_hash": {
    "mean": -0.0014981854407139026,
    "lo95": -0.0032750317464518394,
    "hi95": 0.00033847735865498413,
    "p_le_0": 0.9435
  },
  "k_ctx": 5,
  "ib_clusters": 64,
  "stride": 1,
  "label_mode": "ib",
  "null_label": "C-1",
  "n_clusters": 64,
  "n_gram_order": 4,
  "coverage_train": {
    "full_frac": 0.8331113508687079,
    "backoff_frac": 0.1668886491312921,
    "null_frac": 3.720376502102013e-05
  },
  "coverage_test": {
    "full_frac": 0.6319993054952687,
    "backoff_frac": 0.36800069450473133,
    "null_frac": 8.681309141418526e-05
  },
  "control": "block",
  "control_tag": "ctrl-block-2-333"
}