{
  "H_base": 4.941751550446055,
  "H_ib": 4.94185719188851,
  "H_hash": 4.871890972044637,
  "delta_ib": {
    "mean": 0.00010564144245534668,
    "lo95": -0.006112011585742562,
    "hi95": 0.006850382478991841,
    "p_le_0": 0.5155
  },
  "delta_hash": {
    "mean": -0.06986057840141806,
    "lo95": -0.1052212063391141,
    "hi95": -0.03393742529225078,
    "p_le_0": 1.0
  },
  "k_ctx": 5,
  "ib_clusters": 32,
  "stride": 2,
  "label_mode": "ib",
  "null_label": "C-1",
  "n_clusters": 32,
  "n_gram_order": 3,
  "coverage_train": {
    "full_frac": 0.07407613225896083,
    "backoff_frac": 0.9259238677410392,
    "null_frac": 0.0002778549597110308
  },
  "coverage_test": {
    "full_frac": 0.0015037593984962407,
    "backoff_frac": 0.9984962406015038,
    "null_frac": 0.002506265664160401
  },
  "control": "block",
  "control_tag": "ctrl-block-2-333"
}