{
  "H_base": 3.4425993180014416,
  "H_ib": 3.4429620116437962,
  "H_hash": 3.4410686753411266,
  "delta_ib": {
    "mean": 0.000362693642354894,
    "lo95": 1.1968660704271632e-05,
    "hi95": 0.0007483127797846816,
    "p_le_0": 0.0215
  },
  "delta_hash": {
    "mean": -0.0015306426603149135,
    "lo95": -0.0019913703769370073,
    "hi95": -0.0011021477674017838,
    "p_le_0": 1.0
  },
  "k_ctx": 5,
  "ib_clusters": 32,
  "stride": 2,
  "label_mode": "ib",
  "null_label": "C-1",
  "n_clusters": 32,
  "n_gram_order": 3,
  "coverage_train": {
    "full_frac": 0.2622729112597919,
    "backoff_frac": 0.7377270887402081,
    "null_frac": 2.381009071644563e-05
  },
  "coverage_test": {
    "full_frac": 0.024645813656314238,
    "backoff_frac": 0.9753541863436858,
    "null_frac": 5.555864214678593e-05
  },
  "control": "block",
  "control_tag": "ctrl-block-2-111"
}