{
  "H_base": 4.173673950432172,
  "H_ib": 4.1835103387799,
  "H_hash": 3.534585579452601,
  "delta_ib": {
    "mean": 0.009836388347728707,
    "lo95": 0.008847423469750686,
    "hi95": 0.010870703964990146,
    "p_le_0": 0.0
  },
  "delta_hash": {
    "mean": -0.639088370979571,
    "lo95": -0.6578547020296202,
    "hi95": -0.6208066907990974,
    "p_le_0": 1.0
  },
  "k_ctx": 7,
  "ib_clusters": 32,
  "stride": 2,
  "label_mode": "ib",
  "null_label": "C-1",
  "n_clusters": 32,
  "n_gram_order": 3,
  "coverage_train": {
    "full_frac": 0.020008482584658427,
    "backoff_frac": 0.9799915174153415,
    "null_frac": 5.2086046148236886e-05
  },
  "coverage_test": {
    "full_frac": 0.0,
    "backoff_frac": 1.0,
    "null_frac": 0.00012154254857361138
  },
  "control": "global",
  "control_tag": "ctrl-global-111"
}