{
  "H_base": 2.8452917226815764,
  "H_ib": 2.8459355508428645,
  "H_hash": 2.850992553948536,
  "delta_ib": {
    "mean": 0.0006438281612884954,
    "lo95": 0.0003184334110301872,
    "hi95": 0.0010031500116890583,
    "p_le_0": 0.0
  },
  "delta_hash": {
    "mean": 0.005700831266960106,
    "lo95": 0.00434310928173409,
    "hi95": 0.0069903506710327365,
    "p_le_0": 0.0
  },
  "k_ctx": 5,
  "ib_clusters": 32,
  "stride": 2,
  "label_mode": "ib",
  "null_label": "C-1",
  "n_clusters": 32,
  "n_gram_order": 4,
  "coverage_train": {
    "full_frac": 0.2615300364294388,
    "backoff_frac": 0.7384699635705612,
    "null_frac": 2.381009071644563e-05
  },
  "coverage_test": {
    "full_frac": 0.2494916384243569,
    "backoff_frac": 0.750508361575643,
    "null_frac": 5.555864214678593e-05
  },
  "notes": "Bits/token. delta<0 means conditional helps. Hash control preserves label histogram."
}