{
  "model_runs": 64,
  "valid_metric_runs": 64,
  "metric_name": "delta_ib.mean",
  "mean": 0.007641128571137784,
  "median": 0.003558095478318297,
  "std": 0.008956575561654731,
  "min": 0.0001917353140973042,
  "max": 0.03231184081165952,
  "robust_median": 0.003558095478318297,
  "robust_mad": 0.0028505393227868017,
  "sinusoid_fit": {
    "amp": 0.009319344437401973,
    "freq": 0.010840420210105051,
    "phase": -2.595851797074438,
    "offset": 0.00916806191400698,
    "r2": 0.5846847313934824
  },
  "groups": {
    "k_ctx": {
      "k_ctx": [
        5,
        7
      ],
      "count": [
        32,
        32
      ],
      "mean": [
        0.0015255106087562907,
        0.013756746533519278
      ],
      "median": [
        0.0011810735392185192,
        0.010454214501591477
      ],
      "std": [
        0.0011037617319353387,
        0.009337193447783967
      ]
    },
    "ib_clusters": {
      "ib_clusters": [
        32,
        64
      ],
      "count": [
        32,
        32
      ],
      "mean": [
        0.004959601545694692,
        0.010322655596580875
      ],
      "median": [
        0.002182147612843999,
        0.005575871503279416
      ],
      "std": [
        0.006074969683529461,
        0.010670784949043721
      ]
    },
    "stride": {
      "stride": [
        1,
        2
      ],
      "count": [
        32,
        32
      ],
      "mean": [
        0.006374795540362214,
        0.008907461601913354
      ],
      "median": [
        0.0028572059259251315,
        0.00453556082058223
      ],
      "std": [
        0.007984787405531069,
        0.009927159950777082
      ]
    },
    "n": {
      "n": [
        3,
        4
      ],
      "count": [
        32,
        32
      ],
      "mean": [
        0.011372964644606565,
        0.0039092924976690015
      ],
      "median": [
        0.005097911278690089,
        0.001847393486857043
      ],
      "std": [
        0.011000339393131959,
        0.003982063941686234
      ]
    },
    "ib_max_contexts": {
      "ib_max_contexts": [
        6000,
        9000
      ],
      "count": [
        32,
        32
      ],
      "mean": [
        0.007641128571137783,
        0.007641128571137783
      ],
      "median": [
        0.003558095478318297,
        0.003558095478318297
      ],
      "std": [
        0.009099889870535628,
        0.009099889870535628
      ]
    },
    "seed": {
      "seed": [
        111,
        333
      ],
      "count": [
        32,
        32
      ],
      "mean": [
        0.007166032210214551,
        0.008116224932061017
      ],
      "median": [
        0.002859110778452612,
        0.0036483944222882635
      ],
      "std": [
        0.008255661107977442,
        0.00984855601189603
      ]
    }
  },
  "main_effects": {
    "betas": {
      "n_3": 0.2083293798274079,
      "n_4": -0.20832937982740785,
      "k_ctx_5": -0.34140376808674666,
      "k_ctx_7": 0.3414037680867467,
      "ib_clusters_32": -0.14969598106749898,
      "ib_clusters_64": 0.149695981067499,
      "ib_max_contexts_6000": 8.326672684688674e-17,
      "ib_max_contexts_9000": -8.326672684688674e-17,
      "stride_1": -0.07069291623820387,
      "stride_2": 0.07069291623820387,
      "seed_111": -0.026522207374825912,
      "seed_333": 0.026522207374825968
    },
    "betas_group": {
      "n": 0.29462223439269614,
      "k_ctx": 0.482817839073556,
      "ib_clusters": 0.21170208665840315,
      "ib_max_contexts": 1.1775693440128312e-16,
      "stride": 0.09997488090777311,
      "seed": 0.037508065373550566
    },
    "r2": 0.7522700289771415
  }
}