{
  "H_base": 4.706051578121345,
  "H_ib": 4.7458350058567635,
  "H_hash": 5.001622619917719,
  "delta_ib": {
    "mean": 0.039783427735418715,
    "lo95": 0.024649595840106737,
    "hi95": 0.0535992512409287,
    "p_le_0": 0.0
  },
  "delta_hash": {
    "mean": 0.2955710417963745,
    "lo95": 0.20082232469146796,
    "hi95": 0.38871770353180246,
    "p_le_0": 0.0
  },
  "k_ctx": 7,
  "ib_clusters": 64,
  "stride": 1,
  "label_mode": "ib",
  "null_label": "C-1",
  "n_clusters": 64,
  "n_gram_order": 3,
  "coverage_train": {
    "full_frac": 0.0843105652198077,
    "backoff_frac": 0.9156894347801923,
    "null_frac": 0.000389040182293114
  },
  "coverage_test": {
    "full_frac": 0.0,
    "backoff_frac": 1.0,
    "null_frac": 0.0035122930255895636
  },
  "control": "block",
  "control_tag": "ctrl-block-2-111"
}