{
  "H_base": 5.139258041151106,
  "H_ib": 5.139258041151106,
  "H_hash": 5.0071236626056415,
  "delta_ib": {
    "mean": 0.0,
    "lo95": 0.0,
    "hi95": 0.0,
    "p_le_0": 1.0
  },
  "delta_hash": {
    "mean": -0.1321343785454648,
    "lo95": -0.18503821492557104,
    "hi95": -0.08490354930547027,
    "p_le_0": 1.0
  },
  "k_ctx": 5,
  "ib_clusters": 64,
  "stride": 2,
  "label_mode": "ib",
  "null_label": "C-1",
  "n_clusters": 64,
  "n_gram_order": 3,
  "coverage_train": {
    "full_frac": 0.08407891080855794,
    "backoff_frac": 0.9159210891914421,
    "null_frac": 0.0002778549597110308
  },
  "coverage_test": {
    "full_frac": 0.0,
    "backoff_frac": 1.0,
    "null_frac": 0.002506265664160401
  },
  "control": "global",
  "control_tag": "ctrl-global-111"
}