{
  "H_base": 1.841926414935292,
  "H_ib": 1.7719691566754352,
  "H_hash": 2.120666621239482,
  "delta_ib": {
    "mean": -0.06995725825985691,
    "lo95": -0.07576650213534085,
    "hi95": -0.06446538866418516,
    "p_le_0": 1.0
  },
  "delta_hash": {
    "mean": 0.27874020630419005,
    "lo95": 0.2725028067188093,
    "hi95": 0.28519250051024575,
    "p_le_0": 0.0
  },
  "k_ctx": 7,
  "ib_clusters": 64,
  "stride": 2,
  "label_mode": "ib",
  "null_label": "C-1",
  "n_clusters": 64,
  "n_gram_order": 3,
  "coverage_train": {
    "full_frac": 0.9709799850471206,
    "backoff_frac": 0.029020014952879383,
    "null_frac": 3.333444448148272e-05
  },
  "coverage_test": {
    "full_frac": 0.44258997922060606,
    "backoff_frac": 0.5574100207793939,
    "null_frac": 7.778382763103797e-05
  },
  "notes": "Bits/token. delta<0 means conditional helps. Hash control preserves label histogram."
}