{
  "H_base": 5.226308462293641,
  "H_ib": 5.224665263802087,
  "H_hash": 5.203903285540578,
  "delta_ib": {
    "mean": -0.0016431984915542715,
    "lo95": -0.0028169116998073224,
    "hi95": -0.0007042279249518306,
    "p_le_0": 1.0
  },
  "delta_hash": {
    "mean": -0.022405176753063014,
    "lo95": -0.02866977997477669,
    "hi95": -0.016461209571008495,
    "p_le_0": 1.0
  },
  "k_ctx": 5,
  "ib_clusters": 64,
  "stride": 1,
  "label_mode": "ib",
  "null_label": "C-1",
  "n_clusters": 64,
  "n_gram_order": 4,
  "coverage_train": {
    "full_frac": 0.09252570158377327,
    "backoff_frac": 0.9074742984162267,
    "null_frac": 0.0002778549597110308
  },
  "coverage_test": {
    "full_frac": 0.007518796992481203,
    "backoff_frac": 0.9924812030075187,
    "null_frac": 0.002506265664160401
  },
  "control": "block",
  "control_tag": "ctrl-block-2-111"
}