{
  "H_base": 3.35617615401262,
  "H_ib": 3.360561428799731,
  "H_hash": 3.095881375322536,
  "delta_ib": {
    "mean": 0.004385274787110726,
    "lo95": 0.003934817318746252,
    "hi95": 0.004845728639757352,
    "p_le_0": 0.0
  },
  "delta_hash": {
    "mean": -0.2602947786900842,
    "lo95": -0.2683329150647628,
    "hi95": -0.252262681087156,
    "p_le_0": 1.0
  },
  "k_ctx": 7,
  "ib_clusters": 32,
  "stride": 2,
  "label_mode": "ib",
  "null_label": "C-1",
  "n_clusters": 32,
  "n_gram_order": 4,
  "coverage_train": {
    "full_frac": 0.020008482584658427,
    "backoff_frac": 0.9799915174153415,
    "null_frac": 5.2086046148236886e-05
  },
  "coverage_test": {
    "full_frac": 0.0,
    "backoff_frac": 1.0,
    "null_frac": 0.00012154254857361138
  },
  "control": "global",
  "control_tag": "ctrl-global-111"
}