{
  "H_base": 3.368985658310953,
  "H_ib": 3.3828122262616045,
  "H_hash": 3.130193068607763,
  "delta_ib": {
    "mean": 0.01382656795065139,
    "lo95": 0.012462035260514905,
    "hi95": 0.015312987490201784,
    "p_le_0": 0.0
  },
  "delta_hash": {
    "mean": -0.23879258970319053,
    "lo95": -0.24374570205768997,
    "hi95": -0.2337861314981208,
    "p_le_0": 1.0
  },
  "k_ctx": 7,
  "ib_clusters": 64,
  "stride": 1,
  "label_mode": "ib",
  "null_label": "C-1",
  "n_clusters": 64,
  "n_gram_order": 3,
  "coverage_train": {
    "full_frac": 0.020200673355778527,
    "backoff_frac": 0.9797993266442214,
    "null_frac": 3.333444448148272e-05
  },
  "coverage_test": {
    "full_frac": 0.0,
    "backoff_frac": 1.0,
    "null_frac": 7.778382763103797e-05
  },
  "control": "global",
  "control_tag": "ctrl-global-111"
}