{
  "H_base": 5.278110185448482,
  "H_ib": 5.275770335445597,
  "H_hash": 5.027573878667485,
  "delta_ib": {
    "mean": -0.0023398500028846245,
    "lo95": -0.005611094158750211,
    "hi95": -0.00023474264165061022,
    "p_le_0": 1.0
  },
  "delta_hash": {
    "mean": -0.2505363067809975,
    "lo95": -0.30820679515605637,
    "hi95": -0.20031927609202196,
    "p_le_0": 1.0
  },
  "k_ctx": 7,
  "ib_clusters": 64,
  "stride": 1,
  "label_mode": "ib",
  "null_label": "C-1",
  "n_clusters": 64,
  "n_gram_order": 3,
  "coverage_train": {
    "full_frac": 0.08403267937531263,
    "backoff_frac": 0.9159673206246873,
    "null_frac": 0.000389040182293114
  },
  "coverage_test": {
    "full_frac": 0.0,
    "backoff_frac": 1.0,
    "null_frac": 0.0035122930255895636
  },
  "control": "global",
  "control_tag": "ctrl-global-111"
}