{
  "model_runs": 64,
  "valid_metric_runs": 64,
  "metric_name": "delta_ib.mean",
  "mean": -0.0004948783124937758,
  "median": -0.00017510992953527292,
  "std": 0.0006854612275818611,
  "min": -0.0022891311408962584,
  "max": 0.0,
  "robust_median": -0.00017510992953527292,
  "robust_mad": 0.00017510992953527292,
  "sinusoid_fit": {
    "amp": 0.0006990522001313296,
    "freq": 0.24975087543771887,
    "phase": -2.299148921609889,
    "offset": -0.0004948843023462064,
    "r2": 0.5208365843030315
  },
  "groups": {
    "k_ctx": {
      "k_ctx": [
        5,
        7
      ],
      "count": [
        32,
        32
      ],
      "mean": [
        -0.0004217579999036313,
        -0.0005679986250839203
      ],
      "median": [
        -0.00017510992953527292,
        -0.00017510992953527292
      ],
      "std": [
        0.0006592219927720474,
        0.0007241655980087229
      ]
    },
    "ib_clusters": {
      "ib_clusters": [
        32,
        64
      ],
      "count": [
        32,
        32
      ],
      "mean": [
        -0.0004617248479986476,
        -0.000528031776988904
      ],
      "median": [
        -0.00017510992953527292,
        -0.00017510992953527292
      ],
      "std": [
        0.0006158114355338184,
        0.0007671600930553871
      ]
    },
    "stride": {
      "stride": [
        1,
        2
      ],
      "count": [
        32,
        32
      ],
      "mean": [
        -0.0002932891353382938,
        -0.0006964674896492576
      ],
      "median": [
        -0.00017510992953527292,
        -0.00023474264165060997
      ],
      "std": [
        0.00037376892876137853,
        0.0008639595627422171
      ]
    },
    "n": {
      "n": [
        3,
        4
      ],
      "count": [
        32,
        32
      ],
      "mean": [
        -0.0009897566249875516,
        0.0
      ],
      "median": [
        -0.0007924516079722138,
        0.0
      ],
      "std": [
        0.0006814823317200873,
        0.0
      ]
    },
    "ib_max_contexts": {
      "ib_max_contexts": [
        6000,
        9000
      ],
      "count": [
        32,
        32
      ],
      "mean": [
        -0.0004948783124937758,
        -0.0004948783124937758
      ],
      "median": [
        -0.00017510992953527292,
        -0.00017510992953527292
      ],
      "std": [
        0.0006964293036528225,
        0.0006964293036528225
      ]
    },
    "seed": {
      "seed": [
        111,
        333
      ],
      "count": [
        32,
        32
      ],
      "mean": [
        -0.00039622580398610685,
        -0.0005935308210014447
      ],
      "median": [
        -0.00023474264165060997,
        -0.00017510992953527292
      ],
      "std": [
        0.0004546331506906156,
        0.000862115840214477
      ]
    }
  },
  "main_effects": {
    "betas": {
      "n_3": -0.360981461538252,
      "n_4": 0.36098146153825206,
      "k_ctx_5": 0.053336500389186414,
      "k_ctx_7": -0.05333650038918647,
      "ib_clusters_32": 0.024183290652201324,
      "ib_clusters_64": -0.02418329065220131,
      "ib_max_contexts_6000": -3.469446951953614e-17,
      "ib_max_contexts_9000": 4.163336342344337e-17,
      "stride_1": 0.14704616056658315,
      "stride_2": -0.1470461605665832,
      "seed_111": 0.07196057254168127,
      "seed_333": -0.07196057254168128
    },
    "betas_group": {
      "n": 0.5105048786726578,
      "k_ctx": 0.07542920221990533,
      "ib_clusters": 0.034200337623153595,
      "ib_max_contexts": 5.419449386414209e-17,
      "stride": 0.20795467456815375,
      "seed": 0.1017676176445786
    },
    "r2": 0.6421543779999219
  }
}