{
  "H_base": 3.35617615401262,
  "H_ib": 3.3565997442525304,
  "H_hash": 3.2074333872064718,
  "delta_ib": {
    "mean": 0.00042359023991010253,
    "lo95": 0.00038017224031931704,
    "hi95": 0.00046806721510066326,
    "p_le_0": 0.0
  },
  "delta_hash": {
    "mean": -0.14874276680614823,
    "lo95": -0.1541913860842484,
    "hi95": -0.1433568944364897,
    "p_le_0": 1.0
  },
  "k_ctx": 5,
  "ib_clusters": 64,
  "stride": 1,
  "label_mode": "ib",
  "null_label": "C-1",
  "n_clusters": 64,
  "n_gram_order": 4,
  "coverage_train": {
    "full_frac": 0.17113731909669258,
    "backoff_frac": 0.7976189590386548,
    "null_frac": 0.031280925629673724
  },
  "coverage_test": {
    "full_frac": 0.04861533119194374,
    "backoff_frac": 0.5990103307578782,
    "null_frac": 0.35246115114159215
  },
  "control": "global",
  "control_tag": "ctrl-global-111"
}