{
  "H_base": 3.0029576363913177,
  "H_ib": 3.006599211406786,
  "H_hash": 3.002260222744551,
  "delta_ib": {
    "mean": 0.0036415750154681526,
    "lo95": 0.0029211997612733514,
    "hi95": 0.004392954762132605,
    "p_le_0": 0.0
  },
  "delta_hash": {
    "mean": -0.0006974136467665117,
    "lo95": -0.0011649583357257235,
    "hi95": -0.0002624397683150062,
    "p_le_0": 0.998
  },
  "k_ctx": 5,
  "ib_clusters": 64,
  "stride": 1,
  "label_mode": "ib",
  "null_label": "C-1",
  "n_clusters": 64,
  "n_gram_order": 3,
  "coverage_train": {
    "full_frac": 0.0938022333865092,
    "backoff_frac": 0.9061977666134908,
    "null_frac": 2.381009071644563e-05
  },
  "coverage_test": {
    "full_frac": 0.07394855269737208,
    "backoff_frac": 0.9260514473026279,
    "null_frac": 5.555864214678593e-05
  },
  "control": "global",
  "control_tag": "ctrl-global-333"
}