{
  "H_base": 5.810018269537211,
  "H_ib": 5.810018269537211,
  "H_hash": 5.770005378818164,
  "delta_ib": {
    "mean": 0.0,
    "lo95": 0.0,
    "hi95": 0.0,
    "p_le_0": 1.0
  },
  "delta_hash": {
    "mean": -0.04001289071904692,
    "lo95": -0.08568994540813907,
    "hi95": -0.008034170650574976,
    "p_le_0": 0.992
  },
  "k_ctx": 5,
  "ib_clusters": 64,
  "stride": 2,
  "label_mode": "ib",
  "null_label": "C-1",
  "n_clusters": 64,
  "n_gram_order": 4,
  "coverage_train": {
    "full_frac": 0.11725479299805501,
    "backoff_frac": 0.882745207001945,
    "null_frac": 0.0002778549597110308
  },
  "coverage_test": {
    "full_frac": 0.0380952380952381,
    "backoff_frac": 0.9619047619047619,
    "null_frac": 0.002506265664160401
  },
  "control": "block",
  "control_tag": "ctrl-block-2-111"
}