{
  "H_base": 0.8567149276710206,
  "H_ib": 0.8131482324475796,
  "H_hash": 4.649845475603036,
  "delta_ib": {
    "mean": -0.043566695223441046,
    "lo95": -0.05714736117987997,
    "hi95": -0.02964583029924925,
    "p_le_0": 1.0
  },
  "delta_hash": {
    "mean": 3.7931305479320154,
    "lo95": 3.718823922522221,
    "hi95": 3.873972669999571,
    "p_le_0": 0.0
  },
  "k_ctx": 5,
  "ib_clusters": 32,
  "stride": 2,
  "label_mode": "ib",
  "null_label": "C-1",
  "n_clusters": 32,
  "n_gram_order": 3,
  "coverage_train": {
    "full_frac": 0.9992775771047513,
    "backoff_frac": 0.0007224228952486802,
    "null_frac": 0.0002778549597110308
  },
  "coverage_test": {
    "full_frac": 0.9964912280701754,
    "backoff_frac": 0.0035087719298245615,
    "null_frac": 0.002506265664160401
  },
  "notes": "Bits/token. delta<0 means conditional helps. Hash control preserves label histogram."
}