{
  "H_base": 1.5365414798745765,
  "H_ib": 1.5400233488823336,
  "H_hash": 1.5462102992015763,
  "delta_ib": {
    "mean": 0.0034818690077570522,
    "lo95": 0.0,
    "hi95": 0.010445607023271158,
    "p_le_0": 0.3565
  },
  "delta_hash": {
    "mean": 0.009668819326999797,
    "lo95": 0.00194808209450773,
    "hi95": 0.017443037483211212,
    "p_le_0": 0.005
  },
  "k_ctx": 5,
  "ib_clusters": 32,
  "stride": 2,
  "label_mode": "ib",
  "null_label": "C-1",
  "n_clusters": 32,
  "n_gram_order": 3,
  "coverage_train": {
    "full_frac": 0.12297860516810225,
    "backoff_frac": 0.8770213948318978,
    "null_frac": 0.0002778549597110308
  },
  "coverage_test": {
    "full_frac": 0.02406015037593985,
    "backoff_frac": 0.9759398496240601,
    "null_frac": 0.002506265664160401
  },
  "control": "block",
  "control_tag": "ctrl-block-2-111"
}