{
  "H_base": 0.25993409155669034,
  "H_ib": 0.26389084851024647,
  "H_hash": 4.80808866342547,
  "delta_ib": {
    "mean": 0.003956756953556126,
    "lo95": 0.0007375907221805556,
    "hi95": 0.009580989040841682,
    "p_le_0": 0.0005
  },
  "delta_hash": {
    "mean": 4.548154571868779,
    "lo95": 4.498493502071364,
    "hi95": 4.598418038555679,
    "p_le_0": 0.0
  },
  "k_ctx": 5,
  "ib_clusters": 64,
  "stride": 2,
  "label_mode": "ib",
  "null_label": "C-1",
  "n_clusters": 64,
  "n_gram_order": 4,
  "coverage_train": {
    "full_frac": 1.0,
    "backoff_frac": 0.0,
    "null_frac": 0.0002778549597110308
  },
  "coverage_test": {
    "full_frac": 1.0,
    "backoff_frac": 0.0,
    "null_frac": 0.002506265664160401
  },
  "control": "none",
  "control_tag": "true",
  "notes": "Bits/token. delta<0 helps. Hash control preserves label histogram."
}