{
  "H_base": 5.006814718067479,
  "H_ib": 5.006814718067479,
  "H_hash": 5.000700439718141,
  "delta_ib": {
    "mean": 0.0,
    "lo95": 0.0,
    "hi95": 0.0,
    "p_le_0": 1.0
  },
  "delta_hash": {
    "mean": -0.006114278349337616,
    "lo95": -0.01190747520839856,
    "hi95": -6.570118817223181e-05,
    "p_le_0": 0.975
  },
  "k_ctx": 5,
  "ib_clusters": 32,
  "stride": 2,
  "label_mode": "ib",
  "null_label": "C-1",
  "n_clusters": 32,
  "n_gram_order": 4,
  "coverage_train": {
    "full_frac": 0.06985273687135315,
    "backoff_frac": 0.9301472631286468,
    "null_frac": 0.0002778549597110308
  },
  "coverage_test": {
    "full_frac": 0.0,
    "backoff_frac": 1.0,
    "null_frac": 0.002506265664160401
  },
  "control": "global",
  "control_tag": "ctrl-global-333"
}