{
  "model_runs": 64,
  "valid_metric_runs": 64,
  "metric_name": "delta_ib.mean",
  "mean": 0.004100365063596328,
  "median": 0.0002827036930376621,
  "std": 0.012881979628448887,
  "min": -0.005812569498009702,
  "max": 0.059318804769005355,
  "robust_median": 0.0002827036930376621,
  "robust_mad": 0.000778717715956799,
  "sinusoid_fit": {
    "amp": 0.007882795845238696,
    "freq": 0.02205102551275638,
    "phase": -2.0502318663885326,
    "offset": 0.005359820716324332,
    "r2": 0.1786090048463863
  },
  "groups": {
    "k_ctx": {
      "k_ctx": [
        5,
        7
      ],
      "count": [
        32,
        32
      ],
      "mean": [
        0.00709370831044286,
        0.0011070218167497964
      ],
      "median": [
        4.903862488129261e-05,
        0.00031303288852845023
      ],
      "std": [
        0.017842041793932773,
        0.002400045604455056
      ]
    },
    "ib_clusters": {
      "ib_clusters": [
        32,
        64
      ],
      "count": [
        32,
        32
      ],
      "mean": [
        0.0007609061594092224,
        0.007439823967783434
      ],
      "median": [
        0.00023493169985915003,
        0.0004939114657885917
      ],
      "std": [
        0.00313186460139688,
        0.017600139848853433
      ]
    },
    "stride": {
      "stride": [
        1,
        2
      ],
      "count": [
        32,
        32
      ],
      "mean": [
        0.0002440230559090488,
        0.007956707071283608
      ],
      "median": [
        -0.00048157749625311544,
        0.0005498371073506024
      ],
      "std": [
        0.004480261925496921,
        0.01708279881443509
      ]
    },
    "n": {
      "n": [
        3,
        4
      ],
      "count": [
        32,
        32
      ],
      "mean": [
        0.008727340929362915,
        -0.0005266108021702587
      ],
      "median": [
        0.0005498371073506024,
        0.00012433051899620078
      ],
      "std": [
        0.01717996525447222,
        0.0018018645591364021
      ]
    },
    "ib_max_contexts": {
      "ib_max_contexts": [
        6000,
        9000
      ],
      "count": [
        32,
        32
      ],
      "mean": [
        0.004100365063596328,
        0.004100365063596328
      ],
      "median": [
        0.0002827036930376621,
        0.0002827036930376621
      ],
      "std": [
        0.013088104390615,
        0.013088104390615
      ]
    },
    "seed": {
      "seed": [
        111,
        333
      ],
      "count": [
        32,
        32
      ],
      "mean": [
        0.004031458680415461,
        0.0041692714467771955
      ],
      "median": [
        0.0002716822251283491,
        0.0002827036930376621
      ],
      "std": [
        0.014664925380928819,
        0.011292790361261957
      ]
    }
  },
  "main_effects": {
    "betas": {
      "n_3": 0.17959101199089722,
      "n_4": -0.17959101199089722,
      "k_ctx_5": 0.11618334707873444,
      "k_ctx_7": -0.11618334707873437,
      "ib_clusters_32": -0.12961744809222422,
      "ib_clusters_64": 0.1296174480922242,
      "ib_max_contexts_6000": 7.19910242530375e-17,
      "ib_max_contexts_9000": -5.117434254131581e-17,
      "stride_1": -0.14967970091817717,
      "stride_2": 0.14967970091817717,
      "seed_111": -0.002674525964062799,
      "seed_333": 0.0026745259640627225
    },
    "betas_group": {
      "n": 0.253980044837836,
      "k_ctx": 0.16430806516064672,
      "ib_clusters": 0.18330675301221414,
      "ib_max_contexts": 8.832621868696383e-17,
      "stride": 0.21167906305043477,
      "seed": 0.003782350891296533
    },
    "r2": 0.3398534535341863
  }
}