{
  "H_base": 5.3044212129695225,
  "H_ib": 5.303720773251381,
  "H_hash": 5.015672259403563,
  "delta_ib": {
    "mean": -0.0007004397181410917,
    "lo95": -0.0021013191544232753,
    "hi95": 0.0,
    "p_le_0": 1.0
  },
  "delta_hash": {
    "mean": -0.2887489535659591,
    "lo95": -0.3915050156290497,
    "hi95": -0.19418027493255402,
    "p_le_0": 1.0
  },
  "k_ctx": 5,
  "ib_clusters": 32,
  "stride": 1,
  "label_mode": "ib",
  "null_label": "C-1",
  "n_clusters": 32,
  "n_gram_order": 3,
  "coverage_train": {
    "full_frac": 0.07013059183106418,
    "backoff_frac": 0.9298694081689358,
    "null_frac": 0.0002778549597110308
  },
  "coverage_test": {
    "full_frac": 0.0,
    "backoff_frac": 1.0,
    "null_frac": 0.002506265664160401
  },
  "control": "global",
  "control_tag": "ctrl-global-333"
}