{
  "H_base": 2.6074314795214337,
  "H_ib": 2.6070435782339825,
  "H_hash": 2.7196611880159924,
  "delta_ib": {
    "mean": -0.00038790128745108676,
    "lo95": -0.00042863092263345086,
    "hi95": -0.0003481414054873504,
    "p_le_0": 1.0
  },
  "delta_hash": {
    "mean": 0.11222970849455882,
    "lo95": 0.1030045912804859,
    "hi95": 0.12156524092062308,
    "p_le_0": 0.0
  },
  "k_ctx": 7,
  "ib_clusters": 32,
  "stride": 1,
  "label_mode": "ib",
  "null_label": "C-1",
  "n_clusters": 32,
  "n_gram_order": 4,
  "coverage_train": {
    "full_frac": 0.2288214415929401,
    "backoff_frac": 0.7399269307181178,
    "null_frac": 0.03130371373509037
  },
  "coverage_test": {
    "full_frac": 0.0416717309395239,
    "backoff_frac": 0.6059764207455767,
    "null_frac": 0.352473390863473
  },
  "control": "block",
  "control_tag": "ctrl-block-2-111"
}