{
  "H_base": 2.9273495339225684,
  "H_ib": 2.9282364307227513,
  "H_hash": 2.9311377278699546,
  "delta_ib": {
    "mean": 0.0008868968001827592,
    "lo95": 0.0004783157744687824,
    "hi95": 0.0013055781079476065,
    "p_le_0": 0.0
  },
  "delta_hash": {
    "mean": 0.0037881939473860446,
    "lo95": 0.0028106727595740865,
    "hi95": 0.004833864614461645,
    "p_le_0": 0.0
  },
  "k_ctx": 5,
  "ib_clusters": 64,
  "stride": 2,
  "label_mode": "ib",
  "null_label": "C-1",
  "n_clusters": 64,
  "n_gram_order": 4,
  "coverage_train": {
    "full_frac": 0.12390295007023977,
    "backoff_frac": 0.8760970499297602,
    "null_frac": 2.381009071644563e-05
  },
  "coverage_test": {
    "full_frac": 0.1574087449302739,
    "backoff_frac": 0.8425912550697261,
    "null_frac": 5.555864214678593e-05
  },
  "control": "block",
  "control_tag": "ctrl-block-2-333"
}