{
  "H_base": 3.9872474191349685,
  "H_ib": 3.986997310786408,
  "H_hash": 3.9846410672051986,
  "delta_ib": {
    "mean": -0.0002501083485607702,
    "lo95": -0.0005502844121017687,
    "hi95": 7.050524314504486e-05,
    "p_le_0": 0.9385
  },
  "delta_hash": {
    "mean": -0.002606351929769948,
    "lo95": -0.00326552442470261,
    "hi95": -0.0019821610646708777,
    "p_le_0": 1.0
  },
  "k_ctx": 5,
  "ib_clusters": 32,
  "stride": 2,
  "label_mode": "ib",
  "null_label": "C-1",
  "n_clusters": 32,
  "n_gram_order": 4,
  "coverage_train": {
    "full_frac": 0.2622729112597919,
    "backoff_frac": 0.7377270887402081,
    "null_frac": 2.381009071644563e-05
  },
  "coverage_test": {
    "full_frac": 0.024645813656314238,
    "backoff_frac": 0.9753541863436858,
    "null_frac": 5.555864214678593e-05
  },
  "control": "block",
  "control_tag": "ctrl-block-2-111"
}