{
  "H_base": 5.249501140039261,
  "H_ib": 5.249501140039261,
  "H_hash": 5.18626340103251,
  "delta_ib": {
    "mean": 0.0,
    "lo95": 0.0,
    "hi95": 0.0,
    "p_le_0": 1.0
  },
  "delta_hash": {
    "mean": -0.06323773900675109,
    "lo95": -0.07414233462297398,
    "hi95": -0.052392036965328556,
    "p_le_0": 1.0
  },
  "k_ctx": 5,
  "ib_clusters": 32,
  "stride": 2,
  "label_mode": "ib",
  "null_label": "C-1",
  "n_clusters": 32,
  "n_gram_order": 4,
  "coverage_train": {
    "full_frac": 0.07407613225896083,
    "backoff_frac": 0.9259238677410392,
    "null_frac": 0.0002778549597110308
  },
  "coverage_test": {
    "full_frac": 0.0015037593984962407,
    "backoff_frac": 0.9984962406015038,
    "null_frac": 0.002506265664160401
  },
  "control": "block",
  "control_tag": "ctrl-block-2-333"
}