{
  "H_base": 2.82556404821523,
  "H_ib": 2.8277750124671215,
  "H_hash": 2.833508538059921,
  "delta_ib": {
    "mean": 0.0022109642518913794,
    "lo95": 0.0016131293906410595,
    "hi95": 0.0028066999465038694,
    "p_le_0": 0.0
  },
  "delta_hash": {
    "mean": 0.007944489844691314,
    "lo95": 0.007092836490475285,
    "hi95": 0.008809191481335004,
    "p_le_0": 0.0
  },
  "k_ctx": 5,
  "ib_clusters": 64,
  "stride": 2,
  "label_mode": "ib",
  "null_label": "C-1",
  "n_clusters": 64,
  "n_gram_order": 3,
  "coverage_train": {
    "full_frac": 0.12490297388033049,
    "backoff_frac": 0.8750970261196696,
    "null_frac": 2.381009071644563e-05
  },
  "coverage_test": {
    "full_frac": 0.1606755930885049,
    "backoff_frac": 0.8393244069114951,
    "null_frac": 5.555864214678593e-05
  },
  "control": "block",
  "control_tag": "ctrl-block-2-111"
}