{
  "H_base": 2.8452917226815764,
  "H_ib": 2.854902378254824,
  "H_hash": 2.900608639539975,
  "delta_ib": {
    "mean": 0.009610655573247523,
    "lo95": 0.008187139738237354,
    "hi95": 0.011061770842870425,
    "p_le_0": 0.0
  },
  "delta_hash": {
    "mean": 0.05531691685839867,
    "lo95": 0.050439403794722934,
    "hi95": 0.06013655949044091,
    "p_le_0": 0.0
  },
  "k_ctx": 7,
  "ib_clusters": 64,
  "stride": 2,
  "label_mode": "ib",
  "null_label": "C-1",
  "n_clusters": 64,
  "n_gram_order": 4,
  "coverage_train": {
    "full_frac": 0.06254017991075893,
    "backoff_frac": 0.9374598200892411,
    "null_frac": 3.333444448148272e-05
  },
  "coverage_test": {
    "full_frac": 0.050292800551153975,
    "backoff_frac": 0.9497071994488461,
    "null_frac": 7.778382763103797e-05
  },
  "notes": "Bits/token. delta<0 means conditional helps. Hash control preserves label histogram."
}