{
  "H_base": 4.941751550446055,
  "H_ib": 4.919236391343032,
  "H_hash": 4.994636977513507,
  "delta_ib": {
    "mean": -0.022515159103022465,
    "lo95": -0.028379841118750054,
    "hi95": -0.016824123786878687,
    "p_le_0": 1.0
  },
  "delta_hash": {
    "mean": 0.05288542706745278,
    "lo95": -0.053921449304491255,
    "hi95": 0.16860027546941359,
    "p_le_0": 0.168
  },
  "k_ctx": 7,
  "ib_clusters": 64,
  "stride": 1,
  "label_mode": "ib",
  "null_label": "C-1",
  "n_clusters": 64,
  "n_gram_order": 3,
  "coverage_train": {
    "full_frac": 0.08408825654421163,
    "backoff_frac": 0.9159117434557884,
    "null_frac": 0.000389040182293114
  },
  "coverage_test": {
    "full_frac": 0.0,
    "backoff_frac": 1.0,
    "null_frac": 0.0035122930255895636
  },
  "control": "block",
  "control_tag": "ctrl-block-2-333"
}