{
  "H_base": 5.955651825158045,
  "H_ib": 5.950628429258996,
  "H_hash": 5.947410191005525,
  "delta_ib": {
    "mean": -0.005023395899047849,
    "lo95": -0.013543111563772954,
    "hi95": -0.0002309520521584094,
    "p_le_0": 1.0
  },
  "delta_hash": {
    "mean": -0.008241634152519637,
    "lo95": -0.018602652071225682,
    "hi95": 0.0002163224331273559,
    "p_le_0": 0.972
  },
  "k_ctx": 5,
  "ib_clusters": 64,
  "stride": 1,
  "label_mode": "ib",
  "null_label": "C-1",
  "n_clusters": 64,
  "n_gram_order": 4,
  "coverage_train": {
    "full_frac": 0.1783828841344818,
    "backoff_frac": 0.8216171158655182,
    "null_frac": 0.0002778549597110308
  },
  "coverage_test": {
    "full_frac": 0.08922305764411027,
    "backoff_frac": 0.9107769423558897,
    "null_frac": 0.002506265664160401
  },
  "control": "block",
  "control_tag": "ctrl-block-2-111"
}