{
  "H_base": 5.955651825158045,
  "H_ib": 5.914172695031103,
  "H_hash": 5.097195327095611,
  "delta_ib": {
    "mean": -0.041479130126941585,
    "lo95": -0.07186351986250102,
    "hi95": -0.015535094047025196,
    "p_le_0": 1.0
  },
  "delta_hash": {
    "mean": -0.8584564980624334,
    "lo95": -1.3790600219285336,
    "hi95": -0.28868599826217733,
    "p_le_0": 0.999
  },
  "k_ctx": 7,
  "ib_clusters": 64,
  "stride": 1,
  "label_mode": "ib",
  "null_label": "C-1",
  "n_clusters": 64,
  "n_gram_order": 4,
  "coverage_train": {
    "full_frac": 0.0877007725226477,
    "backoff_frac": 0.9122992274773523,
    "null_frac": 0.000389040182293114
  },
  "coverage_test": {
    "full_frac": 0.0,
    "backoff_frac": 1.0,
    "null_frac": 0.0035122930255895636
  },
  "control": "block",
  "control_tag": "ctrl-block-2-111"
}