{
  "H_base": 2.9273495339225684,
  "H_ib": 2.936996299890973,
  "H_hash": 2.964605063294701,
  "delta_ib": {
    "mean": 0.009646765968404641,
    "lo95": 0.008234145722598705,
    "hi95": 0.011170774749418967,
    "p_le_0": 0.0
  },
  "delta_hash": {
    "mean": 0.03725552937213296,
    "lo95": 0.033897215904779385,
    "hi95": 0.04059684728263055,
    "p_le_0": 0.0
  },
  "k_ctx": 7,
  "ib_clusters": 32,
  "stride": 2,
  "label_mode": "ib",
  "null_label": "C-1",
  "n_clusters": 32,
  "n_gram_order": 4,
  "coverage_train": {
    "full_frac": 0.014871924302238645,
    "backoff_frac": 0.9851280756977614,
    "null_frac": 3.333444448148272e-05
  },
  "coverage_test": {
    "full_frac": 0.006300490038114076,
    "backoff_frac": 0.9936995099618859,
    "null_frac": 7.778382763103797e-05
  },
  "control": "block",
  "control_tag": "ctrl-block-2-333"
}