{
  "H_base": 0.8699658146768667,
  "H_ib": 0.8779016332526162,
  "H_hash": 3.9188128013289503,
  "delta_ib": {
    "mean": 0.0079358185757494,
    "lo95": -0.00017947099559031363,
    "hi95": 0.018854045818289197,
    "p_le_0": 0.029
  },
  "delta_hash": {
    "mean": 3.0488469866520838,
    "lo95": 2.9560507467736183,
    "hi95": 3.1404437367741527,
    "p_le_0": 0.0
  },
  "k_ctx": 7,
  "ib_clusters": 64,
  "stride": 1,
  "label_mode": "ib",
  "null_label": "C-1",
  "n_clusters": 64,
  "n_gram_order": 4,
  "coverage_train": {
    "full_frac": 0.8268215417106652,
    "backoff_frac": 0.17317845828933473,
    "null_frac": 0.000389040182293114
  },
  "coverage_test": {
    "full_frac": 0.7742097340692423,
    "backoff_frac": 0.22579026593075766,
    "null_frac": 0.0035122930255895636
  },
  "notes": "Bits/token. delta<0 means conditional helps. Hash control preserves label histogram."
}