{
  "H_base": 2.82556404821523,
  "H_ib": 2.8266288006384426,
  "H_hash": 2.8305277613025384,
  "delta_ib": {
    "mean": 0.001064752423212751,
    "lo95": 0.0006536256657100575,
    "hi95": 0.0014865136211139008,
    "p_le_0": 0.0
  },
  "delta_hash": {
    "mean": 0.0049637130873085656,
    "lo95": 0.00414201416640828,
    "hi95": 0.005778748044804542,
    "p_le_0": 0.0
  },
  "k_ctx": 5,
  "ib_clusters": 32,
  "stride": 2,
  "label_mode": "ib",
  "null_label": "C-1",
  "n_clusters": 32,
  "n_gram_order": 3,
  "coverage_train": {
    "full_frac": 0.10889783090073574,
    "backoff_frac": 0.8911021690992643,
    "null_frac": 2.381009071644563e-05
  },
  "coverage_test": {
    "full_frac": 0.14385243624645813,
    "backoff_frac": 0.8561475637535418,
    "null_frac": 5.555864214678593e-05
  },
  "control": "block",
  "control_tag": "ctrl-block-2-111"
}