{
  "H_base": 1.592939637535344,
  "H_ib": 1.6074212205790033,
  "H_hash": 1.6130493985546597,
  "delta_ib": {
    "mean": 0.014481583043659211,
    "lo95": 0.014404726334795347,
    "hi95": 0.014618141301514835,
    "p_le_0": 0.0
  },
  "delta_hash": {
    "mean": 0.020109761019315685,
    "lo95": 0.018332773856523755,
    "hi95": 0.02183190263822174,
    "p_le_0": 0.0
  },
  "k_ctx": 5,
  "ib_clusters": 64,
  "stride": 1,
  "label_mode": "ib",
  "null_label": "C-1",
  "n_clusters": 64,
  "n_gram_order": 3,
  "coverage_train": {
    "full_frac": 0.8331113508687079,
    "backoff_frac": 0.1668886491312921,
    "null_frac": 3.720376502102013e-05
  },
  "coverage_test": {
    "full_frac": 0.6319993054952687,
    "backoff_frac": 0.36800069450473133,
    "null_frac": 8.681309141418526e-05
  },
  "control": "block",
  "control_tag": "ctrl-block-2-333"
}