{
  "H_base": 6.003241189041754,
  "H_ib": 5.991391062828057,
  "H_hash": 5.969719176637064,
  "delta_ib": {
    "mean": -0.011850126213697229,
    "lo95": -0.020605503023621744,
    "hi95": -0.004555540282173591,
    "p_le_0": 1.0
  },
  "delta_hash": {
    "mean": -0.03352201240469008,
    "lo95": -0.05688627610316727,
    "hi95": -0.008751022722242157,
    "p_le_0": 0.9955
  },
  "k_ctx": 5,
  "ib_clusters": 64,
  "stride": 1,
  "label_mode": "ib",
  "null_label": "C-1",
  "n_clusters": 64,
  "n_gram_order": 4,
  "coverage_train": {
    "full_frac": 0.1486524034454015,
    "backoff_frac": 0.8513475965545985,
    "null_frac": 0.0002778549597110308
  },
  "coverage_test": {
    "full_frac": 0.03508771929824561,
    "backoff_frac": 0.9649122807017544,
    "null_frac": 0.002506265664160401
  },
  "control": "block",
  "control_tag": "ctrl-block-2-333"
}