{
  "H_base": 2.9201708943729208,
  "H_ib": 2.947098197597489,
  "H_hash": 3.114293438381937,
  "delta_ib": {
    "mean": 0.026927303224568322,
    "lo95": 0.016335853159308807,
    "hi95": 0.038687318471108276,
    "p_le_0": 0.0
  },
  "delta_hash": {
    "mean": 0.19412254400901618,
    "lo95": 0.15227092112764687,
    "hi95": 0.23701259238948968,
    "p_le_0": 0.0
  },
  "k_ctx": 5,
  "ib_clusters": 64,
  "stride": 1,
  "label_mode": "ib",
  "null_label": "C-1",
  "n_clusters": 64,
  "n_gram_order": 3,
  "coverage_train": {
    "full_frac": 0.12770213948318979,
    "backoff_frac": 0.8722978605168102,
    "null_frac": 0.0002778549597110308
  },
  "coverage_test": {
    "full_frac": 0.011027568922305764,
    "backoff_frac": 0.9889724310776943,
    "null_frac": 0.002506265664160401
  },
  "control": "block",
  "control_tag": "ctrl-block-2-333"
}