{
  "H_base": 3.4630217005588713,
  "H_ib": 3.462582743116603,
  "H_hash": 3.4616978828862286,
  "delta_ib": {
    "mean": -0.0004389574422681324,
    "lo95": -0.0006390547658786224,
    "hi95": -0.000229110307535437,
    "p_le_0": 1.0
  },
  "delta_hash": {
    "mean": -0.0013238176726428194,
    "lo95": -0.001854879872438457,
    "hi95": -0.0008816182396796211,
    "p_le_0": 1.0
  },
  "k_ctx": 5,
  "ib_clusters": 32,
  "stride": 1,
  "label_mode": "ib",
  "null_label": "C-1",
  "n_clusters": 32,
  "n_gram_order": 3,
  "coverage_train": {
    "full_frac": 0.3121121931474559,
    "backoff_frac": 0.6878878068525441,
    "null_frac": 2.381009071644563e-05
  },
  "coverage_test": {
    "full_frac": 0.02317906550363909,
    "backoff_frac": 0.9768209344963609,
    "null_frac": 5.555864214678593e-05
  },
  "control": "block",
  "control_tag": "ctrl-block-2-333"
}