{
  "model_runs": 64,
  "valid_metric_runs": 64,
  "metric_name": "delta_ib.mean",
  "mean": -0.0005407114924859955,
  "median": -0.00017510992953527292,
  "std": 0.0007185500396971242,
  "min": -0.0023398500028846245,
  "max": 0.0,
  "robust_median": -0.00017510992953527292,
  "robust_mad": 0.00017510992953527292,
  "sinusoid_fit": {
    "amp": 0.0007637777188455003,
    "freq": 0.24975087543771887,
    "phase": -2.3034217256471776,
    "offset": -0.0005407144235683493,
    "r2": 0.5658066614671652
  },
  "groups": {
    "k_ctx": {
      "k_ctx": [
        5,
        7
      ],
      "count": [
        32,
        32
      ],
      "mean": [
        -0.0004093790453345408,
        -0.0006720439396374502
      ],
      "median": [
        -0.00017510992953527292,
        -0.00035021985907054585
      ],
      "std": [
        0.0005641791530940723,
        0.0008438196383413905
      ]
    },
    "ib_clusters": {
      "ib_clusters": [
        32,
        64
      ],
      "count": [
        32,
        32
      ],
      "mean": [
        -0.0005407114924859955,
        -0.0005407114924859955
      ],
      "median": [
        -0.00017510992953527292,
        -0.00017510992953527292
      ],
      "std": [
        0.0007300475703802136,
        0.0007300475703802136
      ]
    },
    "stride": {
      "stride": [
        1,
        2
      ],
      "count": [
        32,
        32
      ],
      "mean": [
        -0.0006287399831049743,
        -0.00045268300186701663
      ],
      "median": [
        -0.00017510992953527292,
        -0.00017510992953527292
      ],
      "std": [
        0.0008510579477120845,
        0.0005706499039594342
      ]
    },
    "n": {
      "n": [
        3,
        4
      ],
      "count": [
        32,
        32
      ],
      "mean": [
        -0.001081422984971991,
        0.0
      ],
      "median": [
        -0.0008178110389663968,
        0.0
      ],
      "std": [
        0.0006799548242182444,
        0.0
      ]
    },
    "ib_max_contexts": {
      "ib_max_contexts": [
        6000,
        9000
      ],
      "count": [
        32,
        32
      ],
      "mean": [
        -0.0005407114924859955,
        -0.0005407114924859955
      ],
      "median": [
        -0.00017510992953527292,
        -0.00017510992953527292
      ],
      "std": [
        0.0007300475703802136,
        0.0007300475703802136
      ]
    },
    "seed": {
      "seed": [
        111,
        333
      ],
      "count": [
        32,
        32
      ],
      "mean": [
        -0.0008187580906690816,
        -0.0002626648943029094
      ],
      "median": [
        -0.000467591179895851,
        -0.00017510992953527292
      ],
      "std": [
        0.0009051445264971579,
        0.00029503345316730993
      ]
    }
  },
  "main_effects": {
    "betas": {
      "n_3": -0.37625127770696243,
      "n_4": 0.3762512777069625,
      "k_ctx_5": 0.09138699978047315,
      "k_ctx_7": -0.09138699978047314,
      "ib_clusters_32": 6.938893903907228e-18,
      "ib_clusters_64": -1.5092094240998222e-16,
      "ib_max_contexts_6000": 2.992397996059992e-17,
      "ib_max_contexts_9000": -2.168404344971009e-18,
      "stride_1": -0.061254167019325886,
      "stride_2": 0.0612541670193259,
      "seed_111": -0.19347727814601626,
      "seed_333": 0.1934772781460163
    },
    "betas_group": {
      "n": 0.532099659793392,
      "k_ctx": 0.12924073451413218,
      "ib_clusters": 1.510803730023422e-16,
      "ib_max_contexts": 3.000244246866703e-17,
      "stride": 0.08662647375059741,
      "seed": 0.2736181907651279
    },
    "r2": 0.7644106759497232
  }
}