{
  "H_base": 2.953749389174371,
  "H_ib": 2.955458215415204,
  "H_hash": 3.184129662938872,
  "delta_ib": {
    "mean": 0.0017088262408330528,
    "lo95": -0.0036833845721945995,
    "hi95": 0.008434859809138733,
    "p_le_0": 0.3225
  },
  "delta_hash": {
    "mean": 0.23038027376450101,
    "lo95": 0.1811874509665394,
    "hi95": 0.27980642817671986,
    "p_le_0": 0.0
  },
  "k_ctx": 5,
  "ib_clusters": 64,
  "stride": 1,
  "label_mode": "ib",
  "null_label": "C-1",
  "n_clusters": 64,
  "n_gram_order": 3,
  "coverage_train": {
    "full_frac": 0.1225896082245068,
    "backoff_frac": 0.8774103917754932,
    "null_frac": 0.0002778549597110308
  },
  "coverage_test": {
    "full_frac": 0.015037593984962405,
    "backoff_frac": 0.9849624060150376,
    "null_frac": 0.002506265664160401
  },
  "control": "block",
  "control_tag": "ctrl-block-2-111"
}