{
  "H_base": 4.941751550446055,
  "H_ib": 4.930030449415586,
  "H_hash": 5.009378978904731,
  "delta_ib": {
    "mean": -0.011721101030468785,
    "lo95": -0.019523376004122225,
    "hi95": -0.0029811228438836298,
    "p_le_0": 0.9955
  },
  "delta_hash": {
    "mean": 0.06762742845867675,
    "lo95": -0.03708833012651445,
    "hi95": 0.1767461596517301,
    "p_le_0": 0.0955
  },
  "k_ctx": 7,
  "ib_clusters": 64,
  "stride": 2,
  "label_mode": "ib",
  "null_label": "C-1",
  "n_clusters": 64,
  "n_gram_order": 3,
  "coverage_train": {
    "full_frac": 0.08408825654421163,
    "backoff_frac": 0.9159117434557884,
    "null_frac": 0.000389040182293114
  },
  "coverage_test": {
    "full_frac": 0.0,
    "backoff_frac": 1.0,
    "null_frac": 0.0035122930255895636
  },
  "control": "block",
  "control_tag": "ctrl-block-2-333"
}