{
  "H_base": 4.093710525676749,
  "H_ib": 4.093932057700371,
  "H_hash": 4.066805963411859,
  "delta_ib": {
    "mean": 0.0002215320236217898,
    "lo95": 9.987195282684122e-05,
    "hi95": 0.00034098516269785023,
    "p_le_0": 0.0
  },
  "delta_hash": {
    "mean": -0.026904562264889787,
    "lo95": -0.029397986981414933,
    "hi95": -0.02449151889624284,
    "p_le_0": 1.0
  },
  "k_ctx": 7,
  "ib_clusters": 64,
  "stride": 2,
  "label_mode": "ib",
  "null_label": "C-1",
  "n_clusters": 64,
  "n_gram_order": 4,
  "coverage_train": {
    "full_frac": 0.03778697385150934,
    "backoff_frac": 0.9622130261484907,
    "null_frac": 3.333444448148272e-05
  },
  "coverage_test": {
    "full_frac": 0.00018890358138966363,
    "backoff_frac": 0.9998110964186103,
    "null_frac": 7.778382763103797e-05
  },
  "control": "block",
  "control_tag": "ctrl-block-2-333"
}