{
  "H_base": 3.9872474191349685,
  "H_ib": 4.00476144748332,
  "H_hash": 4.005836291667174,
  "delta_ib": {
    "mean": 0.017514028348351467,
    "lo95": 0.015414299224033307,
    "hi95": 0.01965481100596148,
    "p_le_0": 0.0
  },
  "delta_hash": {
    "mean": 0.018588872532205453,
    "lo95": 0.016105578931403464,
    "hi95": 0.021059004696403857,
    "p_le_0": 0.0
  },
  "k_ctx": 5,
  "ib_clusters": 64,
  "stride": 2,
  "label_mode": "ib",
  "null_label": "C-1",
  "n_clusters": 64,
  "n_gram_order": 4,
  "coverage_train": {
    "full_frac": 0.2950070239767614,
    "backoff_frac": 0.7049929760232386,
    "null_frac": 2.381009071644563e-05
  },
  "coverage_test": {
    "full_frac": 0.03353519639979999,
    "backoff_frac": 0.9664648036002,
    "null_frac": 5.555864214678593e-05
  },
  "control": "block",
  "control_tag": "ctrl-block-2-111"
}