{
  "H_base": 3.0077488054697,
  "H_ib": 3.0339770041195715,
  "H_hash": 3.0231224578862874,
  "delta_ib": {
    "mean": 0.026228198649871422,
    "lo95": 0.024203597862829423,
    "hi95": 0.028359961198149777,
    "p_le_0": 0.0
  },
  "delta_hash": {
    "mean": 0.015373652416587126,
    "lo95": 0.012663774362500544,
    "hi95": 0.01819087703177591,
    "p_le_0": 0.0
  },
  "k_ctx": 7,
  "ib_clusters": 64,
  "stride": 2,
  "label_mode": "ib",
  "null_label": "C-1",
  "n_clusters": 64,
  "n_gram_order": 3,
  "coverage_train": {
    "full_frac": 0.014990975889672513,
    "backoff_frac": 0.9850090241103275,
    "null_frac": 3.333444448148272e-05
  },
  "coverage_test": {
    "full_frac": 0.0008333981531896925,
    "backoff_frac": 0.9991666018468103,
    "null_frac": 7.778382763103797e-05
  },
  "control": "global",
  "control_tag": "ctrl-global-111"
}