{
  "H_base": 3.113939798480821,
  "H_ib": 3.1142098069170507,
  "H_hash": 2.882885460286841,
  "delta_ib": {
    "mean": 0.0002700084362298769,
    "lo95": 0.0002416575504257398,
    "hi95": 0.000298359322034014,
    "p_le_0": 0.0
  },
  "delta_hash": {
    "mean": -0.23105433819397986,
    "lo95": -0.24872716869760583,
    "hi95": -0.2131938716014917,
    "p_le_0": 1.0
  },
  "k_ctx": 7,
  "ib_clusters": 32,
  "stride": 2,
  "label_mode": "ib",
  "null_label": "C-1",
  "n_clusters": 32,
  "n_gram_order": 4,
  "coverage_train": {
    "full_frac": 0.18348425885276762,
    "backoff_frac": 0.7852641134582903,
    "null_frac": 0.03130371373509037
  },
  "coverage_test": {
    "full_frac": 0.034726442449603254,
    "backoff_frac": 0.6129217092354974,
    "null_frac": 0.352473390863473
  },
  "control": "block",
  "control_tag": "ctrl-block-2-333"
}