{
  "H_base": 5.432465333321061,
  "H_ib": 5.4321151134619905,
  "H_hash": 5.426943668225417,
  "delta_ib": {
    "mean": -0.00035021985907054585,
    "lo95": -0.0010506595772116377,
    "hi95": 0.0,
    "p_le_0": 1.0
  },
  "delta_hash": {
    "mean": -0.005521665095644051,
    "lo95": -0.008437603759256554,
    "hi95": -0.002716118016268946,
    "p_le_0": 1.0
  },
  "k_ctx": 5,
  "ib_clusters": 32,
  "stride": 1,
  "label_mode": "ib",
  "null_label": "C-1",
  "n_clusters": 32,
  "n_gram_order": 4,
  "coverage_train": {
    "full_frac": 0.08213392609058072,
    "backoff_frac": 0.9178660739094193,
    "null_frac": 0.0002778549597110308
  },
  "coverage_test": {
    "full_frac": 0.0010025062656641604,
    "backoff_frac": 0.9989974937343359,
    "null_frac": 0.002506265664160401
  },
  "control": "block",
  "control_tag": "ctrl-block-2-111"
}