{
  "H_base": 1.592939637535344,
  "H_ib": 1.5990788764868753,
  "H_hash": 2.2721391104120268,
  "delta_ib": {
    "mean": 0.006139238951531371,
    "lo95": 0.006119771587699456,
    "hi95": 0.0061590173007779105,
    "p_le_0": 0.0
  },
  "delta_hash": {
    "mean": 0.6791994728766829,
    "lo95": 0.6695850334516644,
    "hi95": 0.6887265904248706,
    "p_le_0": 0.0
  },
  "k_ctx": 7,
  "ib_clusters": 32,
  "stride": 1,
  "label_mode": "ib",
  "null_label": "C-1",
  "n_clusters": 32,
  "n_gram_order": 3,
  "coverage_train": {
    "full_frac": 0.23032449606750352,
    "backoff_frac": 0.7384238762435543,
    "null_frac": 0.03130371373509037
  },
  "coverage_test": {
    "full_frac": 0.06250759640928585,
    "backoff_frac": 0.5851405552758148,
    "null_frac": 0.352473390863473
  },
  "control": "block",
  "control_tag": "ctrl-block-2-333"
}