{
  "H_base": 0.25323905184924045,
  "H_ib": 0.2601191183569138,
  "H_hash": 4.803312724565136,
  "delta_ib": {
    "mean": 0.006880066507673383,
    "lo95": -0.0066203215677259055,
    "hi95": 0.028772067946695453,
    "p_le_0": 0.333
  },
  "delta_hash": {
    "mean": 4.550073672715896,
    "lo95": 4.4992443016283215,
    "hi95": 4.6014880326003835,
    "p_le_0": 0.0
  },
  "k_ctx": 7,
  "ib_clusters": 64,
  "stride": 1,
  "label_mode": "ib",
  "null_label": "C-1",
  "n_clusters": 64,
  "n_gram_order": 3,
  "coverage_train": {
    "full_frac": 1.0,
    "backoff_frac": 0.0,
    "null_frac": 0.000389040182293114
  },
  "coverage_test": {
    "full_frac": 1.0,
    "backoff_frac": 0.0,
    "null_frac": 0.0035122930255895636
  },
  "control": "none",
  "control_tag": "true",
  "notes": "Bits/token. delta<0 helps. Hash control preserves label histogram."
}