{
  "H_base": 4.398781753241106,
  "H_ib": 4.39603718637015,
  "H_hash": 3.531753192112383,
  "delta_ib": {
    "mean": -0.0027445668709564835,
    "lo95": -0.002828818014527857,
    "hi95": -0.002663619249511775,
    "p_le_0": 1.0
  },
  "delta_hash": {
    "mean": -0.8670285611287236,
    "lo95": -0.8900775801250226,
    "hi95": -0.8434932790584371,
    "p_le_0": 1.0
  },
  "k_ctx": 5,
  "ib_clusters": 64,
  "stride": 2,
  "label_mode": "ib",
  "null_label": "C-1",
  "n_clusters": 64,
  "n_gram_order": 3,
  "coverage_train": {
    "full_frac": 0.15742401130994457,
    "backoff_frac": 0.8113322668254027,
    "null_frac": 0.031280925629673724
  },
  "coverage_test": {
    "full_frac": 0.04861533119194374,
    "backoff_frac": 0.5990103307578782,
    "null_frac": 0.35246115114159215
  },
  "control": "global",
  "control_tag": "ctrl-global-333"
}