{
  "H_base": 2.5699526488454447,
  "H_ib": 2.5677819235243855,
  "H_hash": 2.5676237468594425,
  "delta_ib": {
    "mean": -0.0021707253210592227,
    "lo95": -0.012039508673022581,
    "hi95": 0.0064991265176592514,
    "p_le_0": 0.678
  },
  "delta_hash": {
    "mean": -0.0023289019860019255,
    "lo95": -0.023863556767308267,
    "hi95": 0.018374015672363814,
    "p_le_0": 0.5945
  },
  "k_ctx": 5,
  "ib_clusters": 64,
  "stride": 1,
  "label_mode": "ib",
  "null_label": "C-1",
  "n_clusters": 64,
  "n_gram_order": 3,
  "coverage_train": {
    "full_frac": 0.15109752709085858,
    "backoff_frac": 0.8489024729091414,
    "null_frac": 0.0002778549597110308
  },
  "coverage_test": {
    "full_frac": 0.07468671679197995,
    "backoff_frac": 0.9253132832080201,
    "null_frac": 0.002506265664160401
  },
  "control": "block",
  "control_tag": "ctrl-block-2-111"
}