{
  "H_base": 3.0077488054697,
  "H_ib": 3.0192642045657814,
  "H_hash": 3.037735908629143,
  "delta_ib": {
    "mean": 0.011515399096081099,
    "lo95": 0.010020339878402592,
    "hi95": 0.012985230074714993,
    "p_le_0": 0.0
  },
  "delta_hash": {
    "mean": 0.029987103159442995,
    "lo95": 0.026967458670137993,
    "hi95": 0.032928690435990046,
    "p_le_0": 0.0
  },
  "k_ctx": 7,
  "ib_clusters": 32,
  "stride": 1,
  "label_mode": "ib",
  "null_label": "C-1",
  "n_clusters": 32,
  "n_gram_order": 3,
  "coverage_train": {
    "full_frac": 0.013719504935878816,
    "backoff_frac": 0.9862804950641212,
    "null_frac": 3.333444448148272e-05
  },
  "coverage_test": {
    "full_frac": 0.0008222861778138299,
    "backoff_frac": 0.9991777138221861,
    "null_frac": 7.778382763103797e-05
  },
  "control": "global",
  "control_tag": "ctrl-global-111"
}