{
  "H_base": 2.953749389174371,
  "H_ib": 3.024837826245033,
  "H_hash": 4.858042757878187,
  "delta_ib": {
    "mean": 0.07108843707066233,
    "lo95": 0.04372115889313427,
    "hi95": 0.09723182616261276,
    "p_le_0": 0.0
  },
  "delta_hash": {
    "mean": 1.9042933687038164,
    "lo95": 1.7763643518000498,
    "hi95": 2.0236183516645854,
    "p_le_0": 0.0
  },
  "k_ctx": 7,
  "ib_clusters": 32,
  "stride": 1,
  "label_mode": "ib",
  "null_label": "C-1",
  "n_clusters": 32,
  "n_gram_order": 3,
  "coverage_train": {
    "full_frac": 0.07058300450175069,
    "backoff_frac": 0.9294169954982493,
    "null_frac": 0.000389040182293114
  },
  "coverage_test": {
    "full_frac": 0.0,
    "backoff_frac": 1.0,
    "null_frac": 0.0035122930255895636
  },
  "control": "block",
  "control_tag": "ctrl-block-2-111"
}