{
  "H_base": 3.9183900814098047,
  "H_ib": 4.125952664310623,
  "H_hash": 4.875032634623146,
  "delta_ib": {
    "mean": 0.2075625829008183,
    "lo95": 0.017537797945348776,
    "hi95": 0.46770698508166003,
    "p_le_0": 0.0
  },
  "delta_hash": {
    "mean": 0.9566425532133415,
    "lo95": 0.6376395480280356,
    "hi95": 1.2844638920972198,
    "p_le_0": 0.0
  },
  "k_ctx": 7,
  "ib_clusters": 64,
  "stride": 1,
  "label_mode": "ib",
  "null_label": "C-1",
  "n_clusters": 64,
  "n_gram_order": 3,
  "coverage_train": {
    "full_frac": 0.08403267937531263,
    "backoff_frac": 0.9159673206246873,
    "null_frac": 0.000389040182293114
  },
  "coverage_test": {
    "full_frac": 0.0,
    "backoff_frac": 1.0,
    "null_frac": 0.0035122930255895636
  },
  "control": "block",
  "control_tag": "ctrl-block-2-111"
}