{
  "H_base": 2.6074314795214337,
  "H_ib": 2.6077621463486453,
  "H_hash": 2.6095404688601,
  "delta_ib": {
    "mean": 0.00033066682721145306,
    "lo95": 0.00026149460415620486,
    "hi95": 0.0003898415698659429,
    "p_le_0": 0.0
  },
  "delta_hash": {
    "mean": 0.002108989338666161,
    "lo95": 0.0013865743863542676,
    "hi95": 0.0028368538646743376,
    "p_le_0": 0.0
  },
  "k_ctx": 7,
  "ib_clusters": 32,
  "stride": 2,
  "label_mode": "ib",
  "null_label": "C-1",
  "n_clusters": 32,
  "n_gram_order": 4,
  "coverage_train": {
    "full_frac": 0.18419858177137202,
    "backoff_frac": 0.815801418228628,
    "null_frac": 5.2086046148236886e-05
  },
  "coverage_test": {
    "full_frac": 0.034726442449603254,
    "backoff_frac": 0.9652735575503968,
    "null_frac": 0.00012154254857361138
  },
  "control": "block",
  "control_tag": "ctrl-block-2-111"
}