{
  "H_base": 3.368985658310953,
  "H_ib": 3.368964452395977,
  "H_hash": 3.369189411836799,
  "delta_ib": {
    "mean": -2.1205914975736044e-05,
    "lo95": -5.8589114627527255e-05,
    "hi95": -4.6273479609540857e-07,
    "p_le_0": 0.9875
  },
  "delta_hash": {
    "mean": 0.0002037535258458699,
    "lo95": 4.032797472544508e-05,
    "hi95": 0.00036185478427140725,
    "p_le_0": 0.005
  },
  "k_ctx": 5,
  "ib_clusters": 32,
  "stride": 2,
  "label_mode": "ib",
  "null_label": "C-1",
  "n_clusters": 32,
  "n_gram_order": 3,
  "coverage_train": {
    "full_frac": 0.11706469201647658,
    "backoff_frac": 0.8829353079835234,
    "null_frac": 2.381009071644563e-05
  },
  "coverage_test": {
    "full_frac": 0.0008556030890605034,
    "backoff_frac": 0.9991443969109395,
    "null_frac": 5.555864214678593e-05
  },
  "control": "global",
  "control_tag": "ctrl-global-111"
}