{
  "H_base": 5.292518302626343,
  "H_ib": 5.291987847194421,
  "H_hash": 5.018571150023712,
  "delta_ib": {
    "mean": -0.0005304554319220514,
    "lo95": -0.0010609108638441028,
    "hi95": 0.0,
    "p_le_0": 1.0
  },
  "delta_hash": {
    "mean": -0.27394715260263086,
    "lo95": -0.29552751436120106,
    "hi95": -0.2530951274769028,
    "p_le_0": 1.0
  },
  "k_ctx": 5,
  "ib_clusters": 32,
  "stride": 1,
  "label_mode": "ib",
  "null_label": "C-1",
  "n_clusters": 32,
  "n_gram_order": 3,
  "coverage_train": {
    "full_frac": 0.07007502083912198,
    "backoff_frac": 0.929924979160878,
    "null_frac": 0.0002778549597110308
  },
  "coverage_test": {
    "full_frac": 0.0,
    "backoff_frac": 1.0,
    "null_frac": 0.002506265664160401
  },
  "control": "global",
  "control_tag": "ctrl-global-111"
}