{
  "H_base": 5.526528064521872,
  "H_ib": 5.525467008783093,
  "H_hash": 5.044356083323365,
  "delta_ib": {
    "mean": -0.0010610557387783306,
    "lo95": -0.002389678486239701,
    "hi95": -0.00015869774601905818,
    "p_le_0": 1.0
  },
  "delta_hash": {
    "mean": -0.4821719811985066,
    "lo95": -0.6179952839296512,
    "hi95": -0.3624987254772059,
    "p_le_0": 1.0
  },
  "k_ctx": 7,
  "ib_clusters": 64,
  "stride": 1,
  "label_mode": "ib",
  "null_label": "C-1",
  "n_clusters": 64,
  "n_gram_order": 4,
  "coverage_train": {
    "full_frac": 0.08414383371311066,
    "backoff_frac": 0.9158561662868894,
    "null_frac": 0.000389040182293114
  },
  "coverage_test": {
    "full_frac": 0.0,
    "backoff_frac": 1.0,
    "null_frac": 0.0035122930255895636
  },
  "control": "block",
  "control_tag": "ctrl-block-2-333"
}