{
  "H_base": 2.826837415247051,
  "H_ib": 2.837101398938797,
  "H_hash": 2.8712518053426592,
  "delta_ib": {
    "mean": 0.010263983691746479,
    "lo95": 0.008883138557446664,
    "hi95": 0.011714978056924669,
    "p_le_0": 0.0
  },
  "delta_hash": {
    "mean": 0.04441439009560862,
    "lo95": 0.04204229799959433,
    "hi95": 0.046782533753816184,
    "p_le_0": 0.0
  },
  "k_ctx": 7,
  "ib_clusters": 32,
  "stride": 1,
  "label_mode": "ib",
  "null_label": "C-1",
  "n_clusters": 32,
  "n_gram_order": 3,
  "coverage_train": {
    "full_frac": 0.018876819703513927,
    "backoff_frac": 0.981123180296486,
    "null_frac": 3.333444448148272e-05
  },
  "coverage_test": {
    "full_frac": 0.014101096751969598,
    "backoff_frac": 0.9858989032480304,
    "null_frac": 7.778382763103797e-05
  },
  "control": "block",
  "control_tag": "ctrl-block-2-333"
}