{
  "H_base": 4.093710525676749,
  "H_ib": 4.093742218236998,
  "H_hash": 4.08715165493317,
  "delta_ib": {
    "mean": 3.1692560248473537e-05,
    "lo95": 6.464117108588773e-06,
    "hi95": 7.411583071661127e-05,
    "p_le_0": 0.002
  },
  "delta_hash": {
    "mean": -0.00655887074357932,
    "lo95": -0.008002450189350089,
    "hi95": -0.005231153322727676,
    "p_le_0": 1.0
  },
  "k_ctx": 7,
  "ib_clusters": 32,
  "stride": 2,
  "label_mode": "ib",
  "null_label": "C-1",
  "n_clusters": 32,
  "n_gram_order": 4,
  "coverage_train": {
    "full_frac": 0.03272013829032396,
    "backoff_frac": 0.9672798617096761,
    "null_frac": 3.333444448148272e-05
  },
  "coverage_test": {
    "full_frac": 0.00018890358138966363,
    "backoff_frac": 0.9998110964186103,
    "null_frac": 7.778382763103797e-05
  },
  "control": "block",
  "control_tag": "ctrl-block-2-333"
}