{
  "H_base": 0.8298834922811599,
  "H_ib": 0.8235885893027785,
  "H_hash": 4.894227274391599,
  "delta_ib": {
    "mean": -0.006294902978381461,
    "lo95": -0.014512603585282235,
    "hi95": 0.0022975782488626664,
    "p_le_0": 0.9245
  },
  "delta_hash": {
    "mean": 4.064343782110439,
    "lo95": 4.023590269360007,
    "hi95": 4.105005393860541,
    "p_le_0": 0.0
  },
  "k_ctx": 5,
  "ib_clusters": 64,
  "stride": 1,
  "label_mode": "ib",
  "null_label": "C-1",
  "n_clusters": 64,
  "n_gram_order": 4,
  "coverage_train": {
    "full_frac": 1.0,
    "backoff_frac": 0.0,
    "null_frac": 0.0002778549597110308
  },
  "coverage_test": {
    "full_frac": 0.9989974937343359,
    "backoff_frac": 0.0010025062656641604,
    "null_frac": 0.002506265664160401
  },
  "notes": "Bits/token. delta<0 means conditional helps. Hash control preserves label histogram."
}