{
  "H_base": 2.9273495339225684,
  "H_ib": 2.949416150903226,
  "H_hash": 2.9870129304016073,
  "delta_ib": {
    "mean": 0.02206661698065768,
    "lo95": 0.019676506117403555,
    "hi95": 0.024519534064546118,
    "p_le_0": 0.0
  },
  "delta_hash": {
    "mean": 0.05966339647903876,
    "lo95": 0.055399395308838244,
    "hi95": 0.0642224776726907,
    "p_le_0": 0.0
  },
  "k_ctx": 7,
  "ib_clusters": 64,
  "stride": 1,
  "label_mode": "ib",
  "null_label": "C-1",
  "n_clusters": 64,
  "n_gram_order": 4,
  "coverage_train": {
    "full_frac": 0.022295981294614582,
    "backoff_frac": 0.9777040187053854,
    "null_frac": 3.333444448148272e-05
  },
  "coverage_test": {
    "full_frac": 0.015590101452335182,
    "backoff_frac": 0.9844098985476648,
    "null_frac": 7.778382763103797e-05
  },
  "control": "block",
  "control_tag": "ctrl-block-2-333"
}