{
  "model_runs": 64,
  "valid_metric_runs": 64,
  "metric_name": "delta_ib.mean",
  "mean": 0.3756326465782584,
  "median": 0.07856288556629139,
  "std": 0.5538604009817398,
  "min": -0.02610075772947876,
  "max": 1.373225586510801,
  "robust_median": 0.07856288556629139,
  "robust_mad": 0.07117829382606736,
  "sinusoid_fit": {
    "amp": 0.5385635134830205,
    "freq": 0.010964982491245622,
    "phase": -2.7446234758338504,
    "offset": 0.4826056126367554,
    "r2": 0.47740033915634406
  },
  "groups": {
    "k_ctx": {
      "k_ctx": [
        5,
        7
      ],
      "count": [
        32,
        32
      ],
      "mean": [
        0.049123837939776836,
        0.7021414552167399
      ],
      "median": [
        0.042108382828866885,
        0.7404527217967869
      ],
      "std": [
        0.0331926181539928,
        0.6419642141357559
      ]
    },
    "ib_clusters": {
      "ib_clusters": [
        32,
        64
      ],
      "count": [
        32,
        32
      ],
      "mean": [
        0.35096075668908017,
        0.4003045364674366
      ],
      "median": [
        0.040620778308162506,
        0.1214466303486425
      ],
      "std": [
        0.5696840433917649,
        0.5545422953078976
      ]
    },
    "stride": {
      "stride": [
        1,
        2
      ],
      "count": [
        32,
        32
      ],
      "mean": [
        0.07348850297925799,
        0.6777767901772588
      ],
      "median": [
        0.07856288556629139,
        0.675663388838568
      ],
      "std": [
        0.06445575603519726,
        0.6638428150976171
      ]
    },
    "n": {
      "n": [
        3,
        4
      ],
      "count": [
        32,
        32
      ],
      "mean": [
        0.35729922494303445,
        0.39396606821348235
      ],
      "median": [
        0.04926606050875114,
        0.09773631668126531
      ],
      "std": [
        0.5626799988159547,
        0.5621485990612388
      ]
    },
    "ib_max_contexts": {
      "ib_max_contexts": [
        6000,
        9000
      ],
      "count": [
        32,
        32
      ],
      "mean": [
        0.3756326465782584,
        0.3756326465782584
      ],
      "median": [
        0.07856288556629139,
        0.07856288556629139
      ],
      "std": [
        0.5627227301204591,
        0.5627227301204591
      ]
    },
    "seed": {
      "seed": [
        111,
        333
      ],
      "count": [
        32,
        32
      ],
      "mean": [
        0.3756326465782584,
        0.3756326465782584
      ],
      "median": [
        0.07856288556629139,
        0.07856288556629139
      ],
      "std": [
        0.5627227301204591,
        0.5627227301204591
      ]
    }
  },
  "main_effects": {
    "betas": {
      "n_3": -0.01655057989909815,
      "n_4": 0.016550579899098184,
      "k_ctx_5": -0.29475731440922165,
      "k_ctx_7": 0.29475731440922176,
      "ib_clusters_32": -0.022272660990246385,
      "ib_clusters_64": 0.022272660990246468,
      "ib_max_contexts_6000": 0.0,
      "ib_max_contexts_9000": -8.326672684688674e-17,
      "stride_1": -0.27276200205160195,
      "stride_2": 0.27276200205160195,
      "seed_111": 1.3877787807814457e-16,
      "seed_333": -8.326672684688674e-17
    },
    "betas_group": {
      "n": 0.023406054558444158,
      "k_ctx": 0.41684979164619185,
      "ib_clusters": 0.031498299242544665,
      "ib_max_contexts": 8.326672684688674e-17,
      "stride": 0.38574372260141343,
      "seed": 1.6184142622847344e-16
    },
    "r2": 0.648203908881931
  }
}