{
  "H_base": 4.398781753241106,
  "H_ib": 4.455652724362246,
  "H_hash": 3.4337177182408736,
  "delta_ib": {
    "mean": 0.056870971121139834,
    "lo95": 0.05054187376084108,
    "hi95": 0.06341507582350113,
    "p_le_0": 0.0
  },
  "delta_hash": {
    "mean": -0.965064035000233,
    "lo95": -0.9954849792739394,
    "hi95": -0.9344574144238037,
    "p_le_0": 1.0
  },
  "k_ctx": 7,
  "ib_clusters": 64,
  "stride": 2,
  "label_mode": "ib",
  "null_label": "C-1",
  "n_clusters": 64,
  "n_gram_order": 3,
  "coverage_train": {
    "full_frac": 0.02402654900180813,
    "backoff_frac": 0.9759734509981919,
    "null_frac": 5.2086046148236886e-05
  },
  "coverage_test": {
    "full_frac": 0.0,
    "backoff_frac": 1.0,
    "null_frac": 0.00012154254857361138
  },
  "control": "global",
  "control_tag": "ctrl-global-333"
}