{
  "H_base": 4.706051578121345,
  "H_ib": 4.736962776182748,
  "H_hash": 4.986962139515352,
  "delta_ib": {
    "mean": 0.030911198061403498,
    "lo95": 0.014116719993710478,
    "hi95": 0.04881059433952657,
    "p_le_0": 0.0
  },
  "delta_hash": {
    "mean": 0.2809105613940073,
    "lo95": 0.18124224052421228,
    "hi95": 0.3799477585624897,
    "p_le_0": 0.0
  },
  "k_ctx": 7,
  "ib_clusters": 64,
  "stride": 2,
  "label_mode": "ib",
  "null_label": "C-1",
  "n_clusters": 64,
  "n_gram_order": 3,
  "coverage_train": {
    "full_frac": 0.08414383371311066,
    "backoff_frac": 0.9158561662868894,
    "null_frac": 0.000389040182293114
  },
  "coverage_test": {
    "full_frac": 0.0,
    "backoff_frac": 1.0,
    "null_frac": 0.0035122930255895636
  },
  "control": "block",
  "control_tag": "ctrl-block-2-111"
}