{
  "H_base": 5.249501140039261,
  "H_ib": 5.249501140039261,
  "H_hash": 5.039397612460462,
  "delta_ib": {
    "mean": 0.0,
    "lo95": 0.0,
    "hi95": 0.0,
    "p_le_0": 1.0
  },
  "delta_hash": {
    "mean": -0.2101035275787986,
    "lo95": -0.23563621634487747,
    "hi95": -0.18347402322296602,
    "p_le_0": 1.0
  },
  "k_ctx": 5,
  "ib_clusters": 64,
  "stride": 2,
  "label_mode": "ib",
  "null_label": "C-1",
  "n_clusters": 64,
  "n_gram_order": 4,
  "coverage_train": {
    "full_frac": 0.0883023061961656,
    "backoff_frac": 0.9116976938038344,
    "null_frac": 0.0002778549597110308
  },
  "coverage_test": {
    "full_frac": 0.0015037593984962407,
    "backoff_frac": 0.9984962406015038,
    "null_frac": 0.002506265664160401
  },
  "control": "block",
  "control_tag": "ctrl-block-2-333"
}