{
  "H_base": 2.5699526488454447,
  "H_ib": 2.57368427217465,
  "H_hash": 2.5821190044788347,
  "delta_ib": {
    "mean": 0.003731623329205182,
    "lo95": 0.0,
    "hi95": 0.008103383325145663,
    "p_le_0": 0.033
  },
  "delta_hash": {
    "mean": 0.012166355633389851,
    "lo95": 0.004480055780025358,
    "hi95": 0.02052663182366572,
    "p_le_0": 0.0
  },
  "k_ctx": 5,
  "ib_clusters": 32,
  "stride": 2,
  "label_mode": "ib",
  "null_label": "C-1",
  "n_clusters": 32,
  "n_gram_order": 3,
  "coverage_train": {
    "full_frac": 0.10302861906085023,
    "backoff_frac": 0.8969713809391497,
    "null_frac": 0.0002778549597110308
  },
  "coverage_test": {
    "full_frac": 0.0380952380952381,
    "backoff_frac": 0.9619047619047619,
    "null_frac": 0.002506265664160401
  },
  "control": "block",
  "control_tag": "ctrl-block-2-111"
}