{
  "H_base": 4.706051578121345,
  "H_ib": 4.7093888152702315,
  "H_hash": 4.990913365127744,
  "delta_ib": {
    "mean": 0.003337237148886506,
    "lo95": -0.007043449895210125,
    "hi95": 0.01537529018216795,
    "p_le_0": 0.293
  },
  "delta_hash": {
    "mean": 0.2848617870063994,
    "lo95": 0.18714632629845393,
    "hi95": 0.38457909113588806,
    "p_le_0": 0.0
  },
  "k_ctx": 7,
  "ib_clusters": 32,
  "stride": 2,
  "label_mode": "ib",
  "null_label": "C-1",
  "n_clusters": 32,
  "n_gram_order": 3,
  "coverage_train": {
    "full_frac": 0.06991607847496248,
    "backoff_frac": 0.9300839215250375,
    "null_frac": 0.000389040182293114
  },
  "coverage_test": {
    "full_frac": 0.0,
    "backoff_frac": 1.0,
    "null_frac": 0.0035122930255895636
  },
  "control": "block",
  "control_tag": "ctrl-block-2-111"
}