{
  "model_runs": 64,
  "valid_metric_runs": 64,
  "metric_name": "delta_ib.mean",
  "mean": 0.0007952731378158667,
  "median": -0.00013789699523574506,
  "std": 0.004010473642634569,
  "min": -0.003443198881070602,
  "max": 0.017514028348351467,
  "robust_median": -0.00013789699523574506,
  "robust_mad": 0.0003309653116617075,
  "sinusoid_fit": {
    "amp": 0.0024268168332823555,
    "freq": 0.06153726863431716,
    "phase": -2.4655544676376087,
    "offset": 0.0007844477468601802,
    "r2": 0.18547608944907534
  },
  "groups": {
    "k_ctx": {
      "k_ctx": [
        5,
        7
      ],
      "count": [
        32,
        32
      ],
      "mean": [
        0.0014817512053470633,
        0.00010879507028467003
      ],
      "median": [
        -0.00024412604629656811,
        -2.510541635668989e-05
      ],
      "std": [
        0.0053798035570298474,
        0.0018139114143200109
      ]
    },
    "ib_clusters": {
      "ib_clusters": [
        32,
        64
      ],
      "count": [
        32,
        32
      ],
      "mean": [
        -0.00028263733400000655,
        0.0018731836096317399
      ],
      "median": [
        -5.301094810208126e-05,
        -0.0003248588007776801
      ],
      "std": [
        0.0009832573529982385,
        0.005462593785727894
      ]
    },
    "stride": {
      "stride": [
        1,
        2
      ],
      "count": [
        32,
        32
      ],
      "mean": [
        -0.0006883658152348788,
        0.002278912090866612
      ],
      "median": [
        -0.0002861305833155728,
        2.1133831918499837e-05
      ],
      "std": [
        0.0012607525862793703,
        0.005203036660787123
      ]
    },
    "n": {
      "n": [
        3,
        4
      ],
      "count": [
        32,
        32
      ],
      "mean": [
        0.00053073356150957,
        0.0010598127141221634
      ],
      "median": [
        -0.00043967802098487886,
        -2.510541635668989e-05
      ],
      "std": [
        0.0037874033046303938,
        0.004326264842472835
      ]
    },
    "ib_max_contexts": {
      "ib_max_contexts": [
        6000,
        9000
      ],
      "count": [
        32,
        32
      ],
      "mean": [
        0.0007952731378158667,
        0.0007952731378158667
      ],
      "median": [
        -0.00013789699523574506,
        -0.00013789699523574506
      ],
      "std": [
        0.004074645295564055,
        0.004074645295564055
      ]
    },
    "seed": {
      "seed": [
        111,
        333
      ],
      "count": [
        32,
        32
      ],
      "mean": [
        0.0008552654794916422,
        0.0007352807961400913
      ],
      "median": [
        -0.0002828542637586754,
        2.758139253222287e-05
      ],
      "std": [
        0.004741686221619891,
        0.003273293446076462
      ]
    }
  },
  "main_effects": {
    "betas": {
      "n_3": -0.03298108084553228,
      "n_4": 0.03298108084553229,
      "k_ctx_5": 0.08558563886757192,
      "k_ctx_7": -0.08558563886757187,
      "ib_clusters_32": -0.13438689556999542,
      "ib_clusters_64": 0.1343868955699954,
      "ib_max_contexts_6000": 4.5102810375396984e-17,
      "ib_max_contexts_9000": -3.122502256758253e-17,
      "stride_1": -0.18497049454517778,
      "stride_2": 0.18497049454517778,
      "seed_111": 0.0074794565658130256,
      "seed_333": -0.007479456565813074
    },
    "betas_group": {
      "n": 0.04664229183347526,
      "k_ctx": 0.12103637123088606,
      "ib_clusters": 0.1900517703203043,
      "ib_max_contexts": 5.485677294651095e-17,
      "stride": 0.261587782024649,
      "seed": 0.010577548914553309
    },
    "r2": 0.2429701885873352
  }
}