{
  "H_base": 5.290531496748666,
  "H_ib": 5.289946534247945,
  "H_hash": 5.005667722917108,
  "delta_ib": {
    "mean": -0.0005849625007211561,
    "lo95": -0.0014046676430929223,
    "hi95": 0.0,
    "p_le_0": 1.0
  },
  "delta_hash": {
    "mean": -0.2848637738315577,
    "lo95": -0.3102277606168649,
    "hi95": -0.26029376889498596,
    "p_le_0": 1.0
  },
  "k_ctx": 5,
  "ib_clusters": 64,
  "stride": 1,
  "label_mode": "ib",
  "null_label": "C-1",
  "n_clusters": 64,
  "n_gram_order": 3,
  "coverage_train": {
    "full_frac": 0.08424562378438455,
    "backoff_frac": 0.9157543762156154,
    "null_frac": 0.0002778549597110308
  },
  "coverage_test": {
    "full_frac": 0.0005012531328320802,
    "backoff_frac": 0.9994987468671679,
    "null_frac": 0.002506265664160401
  },
  "control": "global",
  "control_tag": "ctrl-global-111"
}