{
  "H_base": 5.453434201600999,
  "H_ib": 5.452386504715286,
  "H_hash": 5.426027599251729,
  "delta_ib": {
    "mean": -0.001047696885712592,
    "lo95": -0.0027142167956116475,
    "hi95": -7.147897692102134e-05,
    "p_le_0": 1.0
  },
  "delta_hash": {
    "mean": -0.027406602349270084,
    "lo95": -0.04834082033269553,
    "hi95": -0.00661769804961945,
    "p_le_0": 0.996
  },
  "k_ctx": 5,
  "ib_clusters": 32,
  "stride": 1,
  "label_mode": "ib",
  "null_label": "C-1",
  "n_clusters": 32,
  "n_gram_order": 4,
  "coverage_train": {
    "full_frac": 0.10836343428730202,
    "backoff_frac": 0.891636565712698,
    "null_frac": 0.0002778549597110308
  },
  "coverage_test": {
    "full_frac": 0.015037593984962405,
    "backoff_frac": 0.9849624060150376,
    "null_frac": 0.002506265664160401
  },
  "control": "block",
  "control_tag": "ctrl-block-2-111"
}