{
  "model_runs": 64,
  "valid_metric_runs": 64,
  "metric_name": "delta_ib.mean",
  "mean": 0.02194016199186289,
  "median": 0.001706126596221966,
  "std": 0.03922998771271314,
  "min": -0.007513980573497366,
  "max": 0.16284530575544182,
  "robust_median": 0.001706126596221966,
  "robust_mad": 0.006304480450621744,
  "sinusoid_fit": {
    "amp": 0.030519869023970456,
    "freq": 0.24950175087543772,
    "phase": 0.9254717337259494,
    "offset": 0.021942961956078387,
    "r2": 0.3035587735440036
  },
  "groups": {
    "k_ctx": {
      "k_ctx": [
        5,
        7
      ],
      "count": [
        32,
        32
      ],
      "mean": [
        0.003889029561529171,
        0.03999129442219661
      ],
      "median": [
        -0.0005849625007211561,
        0.01910989973205241
      ],
      "std": [
        0.009183760197916087,
        0.04919576511359152
      ]
    },
    "ib_clusters": {
      "ib_clusters": [
        32,
        64
      ],
      "count": [
        32,
        32
      ],
      "mean": [
        0.01608393746099853,
        0.027796386522727253
      ],
      "median": [
        0.0008359610264239895,
        0.0018748087382081838
      ],
      "std": [
        0.027992208517627622,
        0.04819654137746273
      ]
    },
    "stride": {
      "stride": [
        1,
        2
      ],
      "count": [
        32,
        32
      ],
      "mean": [
        0.02804957878431622,
        0.01583074519940956
      ],
      "median": [
        -0.0005849625007211561,
        0.0025516473645607
      ],
      "std": [
        0.049874906612561214,
        0.024752966583606182
      ]
    },
    "n": {
      "n": [
        3,
        4
      ],
      "count": [
        32,
        32
      ],
      "mean": [
        0.04356999272929068,
        0.00031033125443510255
      ],
      "median": [
        0.026927303224568322,
        -0.0008163296932168741
      ],
      "std": [
        0.046473642786542535,
        0.007182701522597335
      ]
    },
    "ib_max_contexts": {
      "ib_max_contexts": [
        6000,
        9000
      ],
      "count": [
        32,
        32
      ],
      "mean": [
        0.02194016199186289,
        0.02194016199186289
      ],
      "median": [
        0.001706126596221966,
        0.001706126596221966
      ],
      "std": [
        0.03985770737384385,
        0.03985770737384385
      ]
    },
    "seed": {
      "seed": [
        111,
        333
      ],
      "count": [
        32,
        32
      ],
      "mean": [
        0.02049954758475782,
        0.023380776398967962
      ],
      "median": [
        0.001706126596221966,
        0.0015154992973875929
      ],
      "std": [
        0.035379360204494247,
        0.04383252115893341
      ]
    }
  },
  "main_effects": {
    "betas": {
      "n_3": 0.2756797986750113,
      "n_4": -0.2756797986750113,
      "k_ctx_5": -0.23006803033550466,
      "k_ctx_7": 0.2300680303355046,
      "ib_clusters_32": -0.07463964093212958,
      "ib_clusters_64": 0.07463964093212959,
      "ib_max_contexts_6000": -6.938893903907228e-17,
      "ib_max_contexts_9000": 6.938893903907228e-17,
      "stride_1": 0.0778666653387578,
      "stride_2": -0.07786666533875783,
      "seed_111": -0.01836113719705769,
      "seed_333": 0.018361137197057745
    },
    "betas_group": {
      "n": 0.3898701101584854,
      "k_ctx": 0.3253653287689353,
      "ib_clusters": 0.10555639249687565,
      "ib_max_contexts": 9.813077866773594e-17,
      "stride": 0.1101200941788383,
      "seed": 0.02596656924467214
    },
    "r2": 0.5636083261134235
  }
}