{
  "H_base": 3.992799039930589,
  "H_ib": 3.9934494458362506,
  "H_hash": 3.3003038733892005,
  "delta_ib": {
    "mean": 0.0006504059056618878,
    "lo95": 0.0002608003780928158,
    "hi95": 0.0010536867291598576,
    "p_le_0": 0.0
  },
  "delta_hash": {
    "mean": -0.6924951665413887,
    "lo95": -0.7117003936461874,
    "hi95": -0.6735980879921306,
    "p_le_0": 1.0
  },
  "k_ctx": 7,
  "ib_clusters": 64,
  "stride": 1,
  "label_mode": "ib",
  "null_label": "C-1",
  "n_clusters": 64,
  "n_gram_order": 4,
  "coverage_train": {
    "full_frac": 0.0202244836732653,
    "backoff_frac": 0.9797755163267347,
    "null_frac": 3.333444448148272e-05
  },
  "coverage_test": {
    "full_frac": 0.0,
    "backoff_frac": 1.0,
    "null_frac": 7.778382763103797e-05
  },
  "control": "global",
  "control_tag": "ctrl-global-333"
}