{
  "H_base": 1.592939637535344,
  "H_ib": 1.590086507291151,
  "H_hash": 1.5901096615843464,
  "delta_ib": {
    "mean": -0.00285313024419315,
    "lo95": -0.0029144936148828254,
    "hi95": -0.00273170853803541,
    "p_le_0": 1.0
  },
  "delta_hash": {
    "mean": -0.0028299759509975864,
    "lo95": -0.002917495197469178,
    "hi95": -0.0027183430944368366,
    "p_le_0": 1.0
  },
  "k_ctx": 5,
  "ib_clusters": 32,
  "stride": 1,
  "label_mode": "ib",
  "null_label": "C-1",
  "n_clusters": 32,
  "n_gram_order": 3,
  "coverage_train": {
    "full_frac": 0.7913464042561107,
    "backoff_frac": 0.20865359574388928,
    "null_frac": 3.720376502102013e-05
  },
  "coverage_test": {
    "full_frac": 0.571230141505339,
    "backoff_frac": 0.428769858494661,
    "null_frac": 8.681309141418526e-05
  },
  "control": "block",
  "control_tag": "ctrl-block-2-333"
}