{
  "H_base": 5.350822217346962,
  "H_ib": 5.344466632339263,
  "H_hash": 5.017585872454911,
  "delta_ib": {
    "mean": -0.006355585007698735,
    "lo95": -0.010885061077980705,
    "hi95": -0.002887019801260867,
    "p_le_0": 1.0
  },
  "delta_hash": {
    "mean": -0.3332363448920501,
    "lo95": -0.3673727197768097,
    "hi95": -0.2974444923243845,
    "p_le_0": 1.0
  },
  "k_ctx": 7,
  "ib_clusters": 64,
  "stride": 1,
  "label_mode": "ib",
  "null_label": "C-1",
  "n_clusters": 64,
  "n_gram_order": 3,
  "coverage_train": {
    "full_frac": 0.08403267937531263,
    "backoff_frac": 0.9159673206246873,
    "null_frac": 0.000389040182293114
  },
  "coverage_test": {
    "full_frac": 0.0,
    "backoff_frac": 1.0,
    "null_frac": 0.0035122930255895636
  },
  "control": "block",
  "control_tag": "ctrl-block-2-111"
}