{
  "H_base": 3.0029576363913177,
  "H_ib": 3.030075794560125,
  "H_hash": 3.035512252247587,
  "delta_ib": {
    "mean": 0.027118158168807426,
    "lo95": 0.025036631490594003,
    "hi95": 0.029386944131945616,
    "p_le_0": 0.0
  },
  "delta_hash": {
    "mean": 0.03255461585626955,
    "lo95": 0.029327230870682407,
    "hi95": 0.03586190642023214,
    "p_le_0": 0.0
  },
  "k_ctx": 7,
  "ib_clusters": 64,
  "stride": 1,
  "label_mode": "ib",
  "null_label": "C-1",
  "n_clusters": 64,
  "n_gram_order": 3,
  "coverage_train": {
    "full_frac": 0.01626244684346621,
    "backoff_frac": 0.9837375531565338,
    "null_frac": 3.333444448148272e-05
  },
  "coverage_test": {
    "full_frac": 0.0009111819808207305,
    "backoff_frac": 0.9990888180191793,
    "null_frac": 7.778382763103797e-05
  },
  "control": "global",
  "control_tag": "ctrl-global-333"
}