{
  "H_base": 0.7322717466475916,
  "H_ib": 0.6874849410558557,
  "H_hash": 4.815181120063915,
  "delta_ib": {
    "mean": -0.044786805591735944,
    "lo95": -0.06777977211397403,
    "hi95": -0.021224643193683987,
    "p_le_0": 1.0
  },
  "delta_hash": {
    "mean": 4.0829093734163235,
    "lo95": 4.009646231939753,
    "hi95": 4.150659077429329,
    "p_le_0": 0.0
  },
  "k_ctx": 7,
  "ib_clusters": 64,
  "stride": 2,
  "label_mode": "ib",
  "null_label": "C-1",
  "n_clusters": 64,
  "n_gram_order": 4,
  "coverage_train": {
    "full_frac": 0.9916078474962485,
    "backoff_frac": 0.008392152503751459,
    "null_frac": 0.000389040182293114
  },
  "coverage_test": {
    "full_frac": 0.9739086803813347,
    "backoff_frac": 0.02609131961866533,
    "null_frac": 0.0035122930255895636
  },
  "notes": "Bits/token. delta<0 means conditional helps. Hash control preserves label histogram."
}