{
  "H_base": 5.017516568814675,
  "H_ib": 5.017516568814675,
  "H_hash": 5.009150779863552,
  "delta_ib": {
    "mean": 0.0,
    "lo95": 0.0,
    "hi95": 0.0,
    "p_le_0": 1.0
  },
  "delta_hash": {
    "mean": -0.008365788951122059,
    "lo95": -0.02089207753056495,
    "hi95": 0.005017691884789523,
    "p_le_0": 0.8935
  },
  "k_ctx": 5,
  "ib_clusters": 32,
  "stride": 1,
  "label_mode": "ib",
  "null_label": "C-1",
  "n_clusters": 32,
  "n_gram_order": 4,
  "coverage_train": {
    "full_frac": 0.07157543762156154,
    "backoff_frac": 0.9284245623784384,
    "null_frac": 0.0002778549597110308
  },
  "coverage_test": {
    "full_frac": 0.005513784461152882,
    "backoff_frac": 0.9944862155388471,
    "null_frac": 0.002506265664160401
  },
  "control": "block",
  "control_tag": "ctrl-block-2-333"
}