{
  "H_base": 3.113939798480821,
  "H_ib": 3.112315456913634,
  "H_hash": 2.888189281260807,
  "delta_ib": {
    "mean": -0.0016243415671865992,
    "lo95": -0.0016635975302826324,
    "hi95": -0.0015837510704533023,
    "p_le_0": 1.0
  },
  "delta_hash": {
    "mean": -0.2257505172200138,
    "lo95": -0.24382871853578447,
    "hi95": -0.2076367125077462,
    "p_le_0": 1.0
  },
  "k_ctx": 7,
  "ib_clusters": 32,
  "stride": 1,
  "label_mode": "ib",
  "null_label": "C-1",
  "n_clusters": 32,
  "n_gram_order": 4,
  "coverage_train": {
    "full_frac": 0.23032449606750352,
    "backoff_frac": 0.7384238762435543,
    "null_frac": 0.03130371373509037
  },
  "coverage_test": {
    "full_frac": 0.06250759640928585,
    "backoff_frac": 0.5851405552758148,
    "null_frac": 0.352473390863473
  },
  "control": "block",
  "control_tag": "ctrl-block-2-333"
}