{
  "model_runs": 64,
  "valid_metric_runs": 64,
  "metric_name": "delta_ib.mean",
  "mean": 0.025660932800653655,
  "median": 0.0035232330360237605,
  "std": 0.05907421457415369,
  "min": -0.041479130126941585,
  "max": 0.2179352535915181,
  "robust_median": 0.0035232330360237605,
  "robust_mad": 0.0082783585127657,
  "sinusoid_fit": {
    "amp": 0.04747601955760673,
    "freq": 0.24950175087543772,
    "phase": 0.9188720685918412,
    "offset": 0.025664595343435403,
    "r2": 0.32394243893126107
  },
  "groups": {
    "k_ctx": {
      "k_ctx": [
        5,
        7
      ],
      "count": [
        32,
        32
      ],
      "mean": [
        0.001419383964381036,
        0.04990248163692629
      ],
      "median": [
        0.0012890957733641252,
        0.03067310626171443
      ],
      "std": [
        0.01073684633524256,
        0.07665620208449095
      ]
    },
    "ib_clusters": {
      "ib_clusters": [
        32,
        64
      ],
      "count": [
        32,
        32
      ],
      "mean": [
        0.02396955900178994,
        0.02735230659951738
      ],
      "median": [
        0.0035232330360237605,
        0.001359747214723563
      ],
      "std": [
        0.058351990505948366,
        0.06159391847499858
      ]
    },
    "stride": {
      "stride": [
        1,
        2
      ],
      "count": [
        32,
        32
      ],
      "mean": [
        0.02969050158044949,
        0.02163136402085783
      ],
      "median": [
        0.0035938844773831984,
        0.0012890957733641252
      ],
      "std": [
        0.07660749360775736,
        0.03608934942941498
      ]
    },
    "n": {
      "n": [
        3,
        4
      ],
      "count": [
        32,
        32
      ],
      "mean": [
        0.05931003820462016,
        -0.007988172603312835
      ],
      "median": [
        0.0380415248433433,
        -0.003877443751081734
      ],
      "std": [
        0.0687951526768421,
        0.011589859485200506
      ]
    },
    "ib_max_contexts": {
      "ib_max_contexts": [
        6000,
        9000
      ],
      "count": [
        32,
        32
      ],
      "mean": [
        0.02566093280065366,
        0.02566093280065366
      ],
      "median": [
        0.0035232330360237605,
        0.0035232330360237605
      ],
      "std": [
        0.060019462026832185,
        0.060019462026832185
      ]
    },
    "seed": {
      "seed": [
        111,
        333
      ],
      "count": [
        32,
        32
      ],
      "mean": [
        0.03443696647543077,
        0.016884899125876547
      ],
      "median": [
        0.0012890957733641252,
        0.00643957994810594
      ],
      "std": [
        0.07796434721842736,
        0.031100252731287473
      ]
    }
  },
  "main_effects": {
    "betas": {
      "n_3": 0.2848036587893936,
      "n_4": -0.2848036587893937,
      "k_ctx_5": -0.20517876241899646,
      "k_ctx_7": 0.20517876241899652,
      "ib_clusters_32": -0.014315668738109084,
      "ib_clusters_64": 0.014315668738109147,
      "ib_max_contexts_6000": 4.163336342344337e-17,
      "ib_max_contexts_9000": -9.71445146547012e-17,
      "stride_1": 0.03410598641633078,
      "stride_2": -0.03410598641633078,
      "seed_111": 0.07427973107245871,
      "seed_333": -0.07427973107245874
    },
    "betas_group": {
      "n": 0.4027731968734398,
      "k_ctx": 0.29016658852387195,
      "ib_clusters": 0.020245412883874443,
      "ib_max_contexts": 1.0569008315563939e-16,
      "stride": 0.048233148548087544,
      "seed": 0.10504740309209733
    },
    "r2": 0.5203883504832215
  }
}