{
  "H_base": 0.14836178701265826,
  "H_ib": 0.1289106994992362,
  "H_hash": 4.877318904257648,
  "delta_ib": {
    "mean": -0.019451087513422064,
    "lo95": -0.027114048860167994,
    "hi95": -0.011716120006008817,
    "p_le_0": 1.0
  },
  "delta_hash": {
    "mean": 4.72895711724499,
    "lo95": 4.6975585640484265,
    "hi95": 4.761573088272786,
    "p_le_0": 0.0
  },
  "k_ctx": 5,
  "ib_clusters": 64,
  "stride": 1,
  "label_mode": "ib",
  "null_label": "C-1",
  "n_clusters": 64,
  "n_gram_order": 4,
  "coverage_train": {
    "full_frac": 1.0,
    "backoff_frac": 0.0,
    "null_frac": 0.0002778549597110308
  },
  "coverage_test": {
    "full_frac": 1.0,
    "backoff_frac": 0.0,
    "null_frac": 0.002506265664160401
  },
  "notes": "Bits/token. delta<0 means conditional helps. Hash control preserves label histogram."
}