{
  "H_base": 5.226308462293641,
  "H_ib": 5.2234724564748225,
  "H_hash": 5.007774751357694,
  "delta_ib": {
    "mean": -0.0028360058188187445,
    "lo95": -0.004786081347253898,
    "hi95": -0.001259032475276298,
    "p_le_0": 1.0
  },
  "delta_hash": {
    "mean": -0.21853371093594712,
    "lo95": -0.2557927669181905,
    "hi95": -0.1788220246380608,
    "p_le_0": 1.0
  },
  "k_ctx": 7,
  "ib_clusters": 32,
  "stride": 1,
  "label_mode": "ib",
  "null_label": "C-1",
  "n_clusters": 32,
  "n_gram_order": 4,
  "coverage_train": {
    "full_frac": 0.07008280998165953,
    "backoff_frac": 0.9299171900183405,
    "null_frac": 0.000389040182293114
  },
  "coverage_test": {
    "full_frac": 0.0,
    "backoff_frac": 1.0,
    "null_frac": 0.0035122930255895636
  },
  "control": "block",
  "control_tag": "ctrl-block-2-111"
}