{
  "H_base": 5.290531496748666,
  "H_ib": 5.289946534247945,
  "H_hash": 5.005086548623198,
  "delta_ib": {
    "mean": -0.0005849625007211561,
    "lo95": -0.0014046676430929223,
    "hi95": 0.0,
    "p_le_0": 1.0
  },
  "delta_hash": {
    "mean": -0.2854449481254681,
    "lo95": -0.3102199779121194,
    "hi95": -0.26072273265103896,
    "p_le_0": 1.0
  },
  "k_ctx": 7,
  "ib_clusters": 32,
  "stride": 1,
  "label_mode": "ib",
  "null_label": "C-1",
  "n_clusters": 32,
  "n_gram_order": 3,
  "coverage_train": {
    "full_frac": 0.06980492413716445,
    "backoff_frac": 0.9301950758628356,
    "null_frac": 0.000389040182293114
  },
  "coverage_test": {
    "full_frac": 0.0,
    "backoff_frac": 1.0,
    "null_frac": 0.0035122930255895636
  },
  "control": "global",
  "control_tag": "ctrl-global-111"
}