{
  "H_base": 3.113939798480821,
  "H_ib": 3.1140468710603098,
  "H_hash": 3.111432676033502,
  "delta_ib": {
    "mean": 0.00010707257948902528,
    "lo95": -0.00018235841767350213,
    "hi95": 0.00037213889564969796,
    "p_le_0": 0.2205
  },
  "delta_hash": {
    "mean": -0.0025071224473192663,
    "lo95": -0.004312735606017574,
    "hi95": -0.000864300280536393,
    "p_le_0": 0.9975
  },
  "k_ctx": 5,
  "ib_clusters": 64,
  "stride": 2,
  "label_mode": "ib",
  "null_label": "C-1",
  "n_clusters": 64,
  "n_gram_order": 4,
  "coverage_train": {
    "full_frac": 0.5065813460322185,
    "backoff_frac": 0.49341865396778156,
    "null_frac": 3.720376502102013e-05
  },
  "coverage_test": {
    "full_frac": 0.5347686431113812,
    "backoff_frac": 0.46523135688861883,
    "null_frac": 8.681309141418526e-05
  },
  "control": "block",
  "control_tag": "ctrl-block-2-333"
}