{
  "H_base": 5.249501140039261,
  "H_ib": 5.247678077086121,
  "H_hash": 5.0106766605879445,
  "delta_ib": {
    "mean": -0.001823062953139193,
    "lo95": -0.0029418979813265553,
    "hi95": -0.0007651980735726616,
    "p_le_0": 1.0
  },
  "delta_hash": {
    "mean": -0.23882447945131632,
    "lo95": -0.26611005082441086,
    "hi95": -0.20850299411067214,
    "p_le_0": 1.0
  },
  "k_ctx": 7,
  "ib_clusters": 64,
  "stride": 1,
  "label_mode": "ib",
  "null_label": "C-1",
  "n_clusters": 64,
  "n_gram_order": 4,
  "coverage_train": {
    "full_frac": 0.08408825654421163,
    "backoff_frac": 0.9159117434557884,
    "null_frac": 0.000389040182293114
  },
  "coverage_test": {
    "full_frac": 0.0,
    "backoff_frac": 1.0,
    "null_frac": 0.0035122930255895636
  },
  "control": "block",
  "control_tag": "ctrl-block-2-333"
}