{
  "H_base": 3.1200526821798125,
  "H_ib": 3.125869302609465,
  "H_hash": 3.0199735261107232,
  "delta_ib": {
    "mean": 0.005816620429652234,
    "lo95": 0.004681346256631261,
    "hi95": 0.006924665152480414,
    "p_le_0": 0.0
  },
  "delta_hash": {
    "mean": -0.10007915606908918,
    "lo95": -0.10502942731423663,
    "hi95": -0.0954070200392055,
    "p_le_0": 1.0
  },
  "k_ctx": 7,
  "ib_clusters": 32,
  "stride": 2,
  "label_mode": "ib",
  "null_label": "C-1",
  "n_clusters": 32,
  "n_gram_order": 4,
  "coverage_train": {
    "full_frac": 0.012552799379026919,
    "backoff_frac": 0.9874472006209731,
    "null_frac": 3.333444448148272e-05
  },
  "coverage_test": {
    "full_frac": 0.0006889424733034792,
    "backoff_frac": 0.9993110575266965,
    "null_frac": 7.778382763103797e-05
  },
  "control": "global",
  "control_tag": "ctrl-global-333"
}