{
  "H_base": 2.826837415247051,
  "H_ib": 2.8286649075873287,
  "H_hash": 2.8330347955151707,
  "delta_ib": {
    "mean": 0.001827492340278012,
    "lo95": 0.0012228819357857365,
    "hi95": 0.0024982441870987668,
    "p_le_0": 0.0
  },
  "delta_hash": {
    "mean": 0.006197380268119788,
    "lo95": 0.0054303941706816,
    "hi95": 0.006963018315531062,
    "p_le_0": 0.0
  },
  "k_ctx": 5,
  "ib_clusters": 32,
  "stride": 1,
  "label_mode": "ib",
  "null_label": "C-1",
  "n_clusters": 32,
  "n_gram_order": 3,
  "coverage_train": {
    "full_frac": 0.1290554537012786,
    "backoff_frac": 0.8709445462987214,
    "null_frac": 2.381009071644563e-05
  },
  "coverage_test": {
    "full_frac": 0.19606644813600754,
    "backoff_frac": 0.8039335518639924,
    "null_frac": 5.555864214678593e-05
  },
  "control": "block",
  "control_tag": "ctrl-block-2-333"
}