{
  "H_base": 5.546478749330936,
  "H_ib": 5.545893786830216,
  "H_hash": 5.509256199716255,
  "delta_ib": {
    "mean": -0.0005849625007211561,
    "lo95": -0.0017548875021634683,
    "hi95": 0.0,
    "p_le_0": 1.0
  },
  "delta_hash": {
    "mean": -0.03722254961468228,
    "lo95": -0.06394506379686823,
    "hi95": -0.011097583268156047,
    "p_le_0": 0.996
  },
  "k_ctx": 5,
  "ib_clusters": 64,
  "stride": 1,
  "label_mode": "ib",
  "null_label": "C-1",
  "n_clusters": 64,
  "n_gram_order": 4,
  "coverage_train": {
    "full_frac": 0.12770213948318979,
    "backoff_frac": 0.8722978605168102,
    "null_frac": 0.0002778549597110308
  },
  "coverage_test": {
    "full_frac": 0.011027568922305764,
    "backoff_frac": 0.9889724310776943,
    "null_frac": 0.002506265664160401
  },
  "control": "block",
  "control_tag": "ctrl-block-2-333"
}