{
  "H_base": 0.766841945581487,
  "H_ib": 0.6961916129010991,
  "H_hash": 4.683120887365524,
  "delta_ib": {
    "mean": -0.07065033268038788,
    "lo95": -0.0889660258439145,
    "hi95": -0.05207202157419171,
    "p_le_0": 1.0
  },
  "delta_hash": {
    "mean": 3.9162789417840367,
    "lo95": 3.8428418999247973,
    "hi95": 3.9825277627870928,
    "p_le_0": 0.0
  },
  "k_ctx": 7,
  "ib_clusters": 32,
  "stride": 1,
  "label_mode": "ib",
  "null_label": "C-1",
  "n_clusters": 32,
  "n_gram_order": 3,
  "coverage_train": {
    "full_frac": 1.0,
    "backoff_frac": 0.0,
    "null_frac": 0.000389040182293114
  },
  "coverage_test": {
    "full_frac": 0.9869543401906673,
    "backoff_frac": 0.013045659809332665,
    "null_frac": 0.0035122930255895636
  },
  "notes": "Bits/token. delta<0 means conditional helps. Hash control preserves label histogram."
}