{
  "H_base": 1.817148589610931,
  "H_ib": 1.8353276805575134,
  "H_hash": 2.7662063848345544,
  "delta_ib": {
    "mean": 0.018179090946582332,
    "lo95": 0.006679169457490245,
    "hi95": 0.03301746590378669,
    "p_le_0": 0.0
  },
  "delta_hash": {
    "mean": 0.9490577952236234,
    "lo95": 0.8210240318461021,
    "hi95": 1.1083263770781218,
    "p_le_0": 0.0
  },
  "k_ctx": 5,
  "ib_clusters": 64,
  "stride": 1,
  "label_mode": "ib",
  "null_label": "C-1",
  "n_clusters": 64,
  "n_gram_order": 3,
  "coverage_train": {
    "full_frac": 0.45162545151430955,
    "backoff_frac": 0.5483745484856904,
    "null_frac": 0.0002778549597110308
  },
  "coverage_test": {
    "full_frac": 0.6756892230576441,
    "backoff_frac": 0.3243107769423559,
    "null_frac": 0.002506265664160401
  },
  "notes": "Bits/token. delta<0 means conditional helps. Hash control preserves label histogram."
}