{
  "H_base": 5.3044212129695225,
  "H_ib": 5.303720773251381,
  "H_hash": 5.020748738812314,
  "delta_ib": {
    "mean": -0.0007004397181410917,
    "lo95": -0.0021013191544232753,
    "hi95": 0.0,
    "p_le_0": 1.0
  },
  "delta_hash": {
    "mean": -0.28367247415720825,
    "lo95": -0.3850997472985262,
    "hi95": -0.19162257538599795,
    "p_le_0": 1.0
  },
  "k_ctx": 5,
  "ib_clusters": 64,
  "stride": 2,
  "label_mode": "ib",
  "null_label": "C-1",
  "n_clusters": 64,
  "n_gram_order": 3,
  "coverage_train": {
    "full_frac": 0.08407891080855794,
    "backoff_frac": 0.9159210891914421,
    "null_frac": 0.0002778549597110308
  },
  "coverage_test": {
    "full_frac": 0.0,
    "backoff_frac": 1.0,
    "null_frac": 0.002506265664160401
  },
  "control": "global",
  "control_tag": "ctrl-global-333"
}