{
  "H_base": 3.1297911462514882,
  "H_ib": 3.1299828815655855,
  "H_hash": 3.1273741904970542,
  "delta_ib": {
    "mean": 0.0001917353140973042,
    "lo95": -1.699303180981938e-05,
    "hi95": 0.0004206709819247955,
    "p_le_0": 0.0395
  },
  "delta_hash": {
    "mean": -0.0024169557544340505,
    "lo95": -0.0031559894650137242,
    "hi95": -0.0016716002977790736,
    "p_le_0": 1.0
  },
  "k_ctx": 5,
  "ib_clusters": 32,
  "stride": 1,
  "label_mode": "ib",
  "null_label": "C-1",
  "n_clusters": 32,
  "n_gram_order": 4,
  "coverage_train": {
    "full_frac": 0.07907807328745922,
    "backoff_frac": 0.9209219267125408,
    "null_frac": 2.381009071644563e-05
  },
  "coverage_test": {
    "full_frac": 0.055991999555530865,
    "backoff_frac": 0.9440080004444691,
    "null_frac": 5.555864214678593e-05
  },
  "control": "global",
  "control_tag": "ctrl-global-111"
}