{
  "H_base": 1.5365414798745765,
  "H_ib": 1.6334412429307574,
  "H_hash": 4.6730218083916,
  "delta_ib": {
    "mean": 0.09689976305618099,
    "lo95": 0.06300043557959824,
    "hi95": 0.132012481878424,
    "p_le_0": 0.0
  },
  "delta_hash": {
    "mean": 3.1364803285170235,
    "lo95": 3.045949678473217,
    "hi95": 3.2253356721524384,
    "p_le_0": 0.0
  },
  "k_ctx": 7,
  "ib_clusters": 64,
  "stride": 2,
  "label_mode": "ib",
  "null_label": "C-1",
  "n_clusters": 64,
  "n_gram_order": 3,
  "coverage_train": {
    "full_frac": 0.08586672594898016,
    "backoff_frac": 0.9141332740510199,
    "null_frac": 0.000389040182293114
  },
  "coverage_test": {
    "full_frac": 0.0,
    "backoff_frac": 1.0,
    "null_frac": 0.0035122930255895636
  },
  "control": "block",
  "control_tag": "ctrl-block-2-111"
}