{
  "H_base": 3.4425993180014416,
  "H_ib": 3.439156119120371,
  "H_hash": 3.4382882592749966,
  "delta_ib": {
    "mean": -0.003443198881070602,
    "lo95": -0.0037964776850178206,
    "hi95": -0.0030450855426420636,
    "p_le_0": 1.0
  },
  "delta_hash": {
    "mean": -0.0043110587264447615,
    "lo95": -0.0047631490008772474,
    "hi95": -0.0038296627949368626,
    "p_le_0": 1.0
  },
  "k_ctx": 5,
  "ib_clusters": 32,
  "stride": 1,
  "label_mode": "ib",
  "null_label": "C-1",
  "n_clusters": 32,
  "n_gram_order": 3,
  "coverage_train": {
    "full_frac": 0.31397414224148196,
    "backoff_frac": 0.6860258577585181,
    "null_frac": 2.381009071644563e-05
  },
  "coverage_test": {
    "full_frac": 0.029734985276959832,
    "backoff_frac": 0.9702650147230402,
    "null_frac": 5.555864214678593e-05
  },
  "control": "block",
  "control_tag": "ctrl-block-2-111"
}