{
  "H_base": 4.173673950432172,
  "H_ib": 4.172884138495079,
  "H_hash": 3.430838257499588,
  "delta_ib": {
    "mean": -0.0007898119370924266,
    "lo95": -0.0008734758946147248,
    "hi95": -0.0007088562135404529,
    "p_le_0": 1.0
  },
  "delta_hash": {
    "mean": -0.7428356929325837,
    "lo95": -0.7609324437286379,
    "hi95": -0.7253204570554775,
    "p_le_0": 1.0
  },
  "k_ctx": 5,
  "ib_clusters": 64,
  "stride": 2,
  "label_mode": "ib",
  "null_label": "C-1",
  "n_clusters": 64,
  "n_gram_order": 3,
  "coverage_train": {
    "full_frac": 0.15478254399345215,
    "backoff_frac": 0.8139737341418951,
    "null_frac": 0.031280925629673724
  },
  "coverage_test": {
    "full_frac": 0.04861533119194374,
    "backoff_frac": 0.5990103307578782,
    "null_frac": 0.35246115114159215
  },
  "control": "global",
  "control_tag": "ctrl-global-111"
}