{
  "H_base": 5.240673514007461,
  "H_ib": 5.24008855150674,
  "H_hash": 5.013747004932788,
  "delta_ib": {
    "mean": -0.0005849625007211561,
    "lo95": -0.0017548875021634683,
    "hi95": 0.0,
    "p_le_0": 1.0
  },
  "delta_hash": {
    "mean": -0.22692650907467274,
    "lo95": -0.2581104030756204,
    "hi95": -0.1976595277660932,
    "p_le_0": 1.0
  },
  "k_ctx": 5,
  "ib_clusters": 64,
  "stride": 1,
  "label_mode": "ib",
  "null_label": "C-1",
  "n_clusters": 64,
  "n_gram_order": 3,
  "coverage_train": {
    "full_frac": 0.08413448180050014,
    "backoff_frac": 0.9158655181994999,
    "null_frac": 0.0002778549597110308
  },
  "coverage_test": {
    "full_frac": 0.0,
    "backoff_frac": 1.0,
    "null_frac": 0.002506265664160401
  },
  "control": "global",
  "control_tag": "ctrl-global-333"
}