{
  "H_base": 0.14836178701265826,
  "H_ib": 0.15346612284328776,
  "H_hash": 4.819372604791292,
  "delta_ib": {
    "mean": 0.0051043358306295155,
    "lo95": -0.003758044703342719,
    "hi95": 0.01982266113589981,
    "p_le_0": 0.353
  },
  "delta_hash": {
    "mean": 4.671010817778634,
    "lo95": 4.6199742278369875,
    "hi95": 4.719172834256417,
    "p_le_0": 0.0
  },
  "k_ctx": 7,
  "ib_clusters": 64,
  "stride": 2,
  "label_mode": "ib",
  "null_label": "C-1",
  "n_clusters": 64,
  "n_gram_order": 4,
  "coverage_train": {
    "full_frac": 0.5013060634691269,
    "backoff_frac": 0.4986939365308731,
    "null_frac": 0.000389040182293114
  },
  "coverage_test": {
    "full_frac": 0.5017561465127948,
    "backoff_frac": 0.49824385348720523,
    "null_frac": 0.0035122930255895636
  },
  "notes": "Bits/token. delta<0 means conditional helps. Hash control preserves label histogram."
}