{
  "H_base": 3.1297911462514882,
  "H_ib": 3.1332657621926567,
  "H_hash": 3.06970742701186,
  "delta_ib": {
    "mean": 0.003474615941168442,
    "lo95": 0.00255259215982264,
    "hi95": 0.004397745389248636,
    "p_le_0": 0.0
  },
  "delta_hash": {
    "mean": -0.0600837192396284,
    "lo95": -0.06445515098455938,
    "hi95": -0.056179150361737436,
    "p_le_0": 1.0
  },
  "k_ctx": 7,
  "ib_clusters": 32,
  "stride": 1,
  "label_mode": "ib",
  "null_label": "C-1",
  "n_clusters": 32,
  "n_gram_order": 4,
  "coverage_train": {
    "full_frac": 0.013719504935878816,
    "backoff_frac": 0.9862804950641212,
    "null_frac": 3.333444448148272e-05
  },
  "coverage_test": {
    "full_frac": 0.0008222861778138299,
    "backoff_frac": 0.9991777138221861,
    "null_frac": 7.778382763103797e-05
  },
  "control": "global",
  "control_tag": "ctrl-global-111"
}