{
  "H_base": 3.992799039930589,
  "H_ib": 3.9928029417674344,
  "H_hash": 3.9927558445683533,
  "delta_ib": {
    "mean": 3.901836845693987e-06,
    "lo95": 0.0,
    "hi95": 1.1705510537081961e-05,
    "p_le_0": 0.374
  },
  "delta_hash": {
    "mean": -4.319536223578282e-05,
    "lo95": -0.00010213743471720272,
    "hi95": 4.345760588606229e-06,
    "p_le_0": 0.9635
  },
  "k_ctx": 5,
  "ib_clusters": 32,
  "stride": 1,
  "label_mode": "ib",
  "null_label": "C-1",
  "n_clusters": 32,
  "n_gram_order": 4,
  "coverage_train": {
    "full_frac": 0.1262934831781709,
    "backoff_frac": 0.8737065168218291,
    "null_frac": 2.381009071644563e-05
  },
  "coverage_test": {
    "full_frac": 0.0,
    "backoff_frac": 1.0,
    "null_frac": 5.555864214678593e-05
  },
  "control": "global",
  "control_tag": "ctrl-global-333"
}