{
  "model_runs": 88,
  "valid_metric_runs": 88,
  "metric_name": "delta_ib.mean",
  "mean": -0.029988534009178093,
  "median": -0.02769532814660677,
  "std": 0.020161256837165645,
  "min": -0.06995725825985691,
  "max": -0.0020226959006999375,
  "robust_median": -0.02769532814660677,
  "robust_mad": 0.014285683757327531,
  "sinusoid_fit": {
    "amp": 0.016544371711722728,
    "freq": 0.006978989494747374,
    "phase": 1.4474521489198378,
    "offset": -0.02828833281235102,
    "r2": 0.38180847049758404
  },
  "groups": {
    "k_ctx": {
      "k_ctx": [
        5,
        7
      ],
      "count": [
        44,
        44
      ],
      "mean": [
        -0.021049133048783936,
        -0.038927934969572246
      ],
      "median": [
        -0.021052133411128434,
        -0.03797381105688869
      ],
      "std": [
        0.019604020174593166,
        0.016852245049811747
      ]
    },
    "ib_clusters": {
      "ib_clusters": [
        32,
        64
      ],
      "count": [
        44,
        44
      ],
      "mean": [
        -0.019298011629383816,
        -0.040679056388972366
      ],
      "median": [
        -0.02249613200096931,
        -0.03797381105688869
      ],
      "std": [
        0.014462406418022964,
        0.019718189674622775
      ]
    },
    "stride": {
      "stride": [
        1,
        2
      ],
      "count": [
        44,
        44
      ],
      "mean": [
        -0.024658557476952357,
        -0.03531851054140383
      ],
      "median": [
        -0.02769532814660677,
        -0.03797381105688869
      ],
      "std": [
        0.016611442848724928,
        0.02231097851135051
      ]
    },
    "n": {
      "n": [
        3,
        4
      ],
      "count": [
        48,
        40
      ],
      "mean": [
        -0.040802645237685765,
        -0.017011600534968883
      ],
      "median": [
        -0.03913756537711541,
        -0.01726200888103328
      ],
      "std": [
        0.019487021419113713,
        0.011953491116180158
      ]
    },
    "ib_max_contexts": {
      "ib_max_contexts": [
        6000,
        9000
      ],
      "count": [
        56,
        32
      ],
      "mean": [
        -0.03060648322223567,
        -0.028907122886327324
      ],
      "median": [
        -0.02769532814660677,
        -0.025304116096403997
      ],
      "std": [
        0.020451562181127904,
        0.020245631952858473
      ]
    },
    "seed": {
      "seed": [
        111,
        222,
        333,
        777
      ],
      "count": [
        32,
        16,
        32,
        8
      ],
      "mean": [
        -0.028907122886327324,
        -0.028907122886327324,
        -0.028907122886327324,
        -0.040802645237685765
      ],
      "median": [
        -0.025304116096403997,
        -0.025304116096403997,
        -0.025304116096403997,
        -0.03913756537711541
      ],
      "std": [
        0.020245631952858476,
        0.020580293169509455,
        0.020245631952858476,
        0.020614354787081905
      ]
    }
  },
  "main_effects": {
    "betas": {
      "n_3": -0.29378785386099565,
      "n_4": 0.2937878538609959,
      "k_ctx_5": 0.22169750147716238,
      "k_ctx_7": -0.22169750147716194,
      "ib_clusters_32": 0.26512538273946945,
      "ib_clusters_64": -0.26512538273946845,
      "ib_max_contexts_6000": 3.712308238590367e-16,
      "ib_max_contexts_9000": -8.847089727481716e-16,
      "stride_1": 0.13218363124795504,
      "stride_2": -0.1321836312479547,
      "seed_111": 1.0894063429134349e-15,
      "seed_222": -7.892991815694472e-16,
      "seed_333": 1.700029006457271e-16,
      "seed_777": -4.85722573273506e-16
    },
    "betas_group": {
      "n": 0.41547876739070505,
      "k_ctx": 0.31352761333323204,
      "ib_clusters": 0.37494391199951466,
      "ib_max_contexts": 9.594385290596704e-16,
      "stride": 0.18693588403458183,
      "seed": 1.440356477550478e-15
    },
    "r2": 0.8929003497189578
  }
}