{
  "H_base": 2.9273495339225684,
  "H_ib": 2.945372512316562,
  "H_hash": 2.9901889993334883,
  "delta_ib": {
    "mean": 0.018022978393993496,
    "lo95": 0.016080013260449475,
    "hi95": 0.019964170232683445,
    "p_le_0": 0.0
  },
  "delta_hash": {
    "mean": 0.06283946541091982,
    "lo95": 0.05804968034095143,
    "hi95": 0.06784892723351807,
    "p_le_0": 0.0
  },
  "k_ctx": 7,
  "ib_clusters": 64,
  "stride": 2,
  "label_mode": "ib",
  "null_label": "C-1",
  "n_clusters": 64,
  "n_gram_order": 4,
  "coverage_train": {
    "full_frac": 0.01737200763834985,
    "backoff_frac": 0.9826279923616501,
    "null_frac": 3.333444448148272e-05
  },
  "coverage_test": {
    "full_frac": 0.006644961274765815,
    "backoff_frac": 0.9933550387252342,
    "null_frac": 7.778382763103797e-05
  },
  "control": "block",
  "control_tag": "ctrl-block-2-333"
}