{
  "H_base": 2.6074314795214337,
  "H_ib": 2.6068562258163785,
  "H_hash": 2.6068606933755523,
  "delta_ib": {
    "mean": -0.0005752537050551441,
    "lo95": -0.0006399606804726424,
    "hi95": -0.0005152951215491207,
    "p_le_0": 1.0
  },
  "delta_hash": {
    "mean": -0.0005707861458813392,
    "lo95": -0.0006388471594224483,
    "hi95": -0.0005014489617581347,
    "p_le_0": 1.0
  },
  "k_ctx": 5,
  "ib_clusters": 32,
  "stride": 1,
  "label_mode": "ib",
  "null_label": "C-1",
  "n_clusters": 32,
  "n_gram_order": 4,
  "coverage_train": {
    "full_frac": 0.7907139402507534,
    "backoff_frac": 0.20928605974924663,
    "null_frac": 3.720376502102013e-05
  },
  "coverage_test": {
    "full_frac": 0.5781751888184739,
    "backoff_frac": 0.42182481118152615,
    "null_frac": 8.681309141418526e-05
  },
  "control": "block",
  "control_tag": "ctrl-block-2-111"
}