{
  "H_base": 4.093710525676749,
  "H_ib": 4.09406100994036,
  "H_hash": 4.089561554692197,
  "delta_ib": {
    "mean": 0.0003504842636102659,
    "lo95": 0.00022131465023344978,
    "hi95": 0.00047851906195879525,
    "p_le_0": 0.0
  },
  "delta_hash": {
    "mean": -0.004148970984552425,
    "lo95": -0.005341817701242491,
    "hi95": -0.0030386315478044,
    "p_le_0": 1.0
  },
  "k_ctx": 5,
  "ib_clusters": 32,
  "stride": 1,
  "label_mode": "ib",
  "null_label": "C-1",
  "n_clusters": 32,
  "n_gram_order": 4,
  "coverage_train": {
    "full_frac": 0.3121121931474559,
    "backoff_frac": 0.6878878068525441,
    "null_frac": 2.381009071644563e-05
  },
  "coverage_test": {
    "full_frac": 0.02317906550363909,
    "backoff_frac": 0.9768209344963609,
    "null_frac": 5.555864214678593e-05
  },
  "control": "block",
  "control_tag": "ctrl-block-2-333"
}