{
  "H_base": 4.706051578121345,
  "H_ib": 4.728266812406182,
  "H_hash": 5.00708322909879,
  "delta_ib": {
    "mean": 0.022215234284837106,
    "lo95": 0.011072452155452961,
    "hi95": 0.03378455816909415,
    "p_le_0": 0.0
  },
  "delta_hash": {
    "mean": 0.30103165097744516,
    "lo95": 0.20502011583541926,
    "hi95": 0.398703741909872,
    "p_le_0": 0.0
  },
  "k_ctx": 7,
  "ib_clusters": 32,
  "stride": 1,
  "label_mode": "ib",
  "null_label": "C-1",
  "n_clusters": 32,
  "n_gram_order": 3,
  "coverage_train": {
    "full_frac": 0.07008280998165953,
    "backoff_frac": 0.9299171900183405,
    "null_frac": 0.000389040182293114
  },
  "coverage_test": {
    "full_frac": 0.0,
    "backoff_frac": 1.0,
    "null_frac": 0.0035122930255895636
  },
  "control": "block",
  "control_tag": "ctrl-block-2-111"
}