{
  "H_base": 2.9181494235576086,
  "H_ib": 2.928176241904981,
  "H_hash": 2.956100848265998,
  "delta_ib": {
    "mean": 0.010026818347372651,
    "lo95": 0.008581340717909804,
    "hi95": 0.0114880350771436,
    "p_le_0": 0.0
  },
  "delta_hash": {
    "mean": 0.037951424708389664,
    "lo95": 0.034619179213233445,
    "hi95": 0.04107108174088607,
    "p_le_0": 0.0
  },
  "k_ctx": 7,
  "ib_clusters": 32,
  "stride": 1,
  "label_mode": "ib",
  "null_label": "C-1",
  "n_clusters": 32,
  "n_gram_order": 4,
  "coverage_train": {
    "full_frac": 0.018895867957503344,
    "backoff_frac": 0.9811041320424967,
    "null_frac": 3.333444448148272e-05
  },
  "coverage_test": {
    "full_frac": 0.014812263176024801,
    "backoff_frac": 0.9851877368239752,
    "null_frac": 7.778382763103797e-05
  },
  "control": "block",
  "control_tag": "ctrl-block-2-111"
}