{
  "model_runs": 64,
  "valid_metric_runs": 64,
  "metric_name": "delta_ib.mean",
  "mean": 0.003114735472296173,
  "median": 0.0017984074079618008,
  "std": 0.0029263305242008923,
  "min": 0.0006438281612884954,
  "max": 0.010410323595222516,
  "robust_median": 0.0017984074079618008,
  "robust_mad": 0.000918022530405999,
  "sinusoid_fit": {
    "amp": 0.0037331548011760216,
    "freq": 0.010342171085542771,
    "phase": -2.777214052184091,
    "offset": 0.004160931898195832,
    "r2": 0.7042270262967316
  },
  "groups": {
    "k_ctx": {
      "k_ctx": [
        5,
        7
      ],
      "count": [
        32,
        32
      ],
      "mean": [
        0.0013754576656872673,
        0.004854013278905079
      ],
      "median": [
        0.001204959988799152,
        0.0040049058299714314
      ],
      "std": [
        0.0006452608506154031,
        0.003319276381334521
      ]
    },
    "ib_clusters": {
      "ib_clusters": [
        32,
        64
      ],
      "count": [
        32,
        32
      ],
      "mean": [
        0.0018116605871286932,
        0.004417810357463653
      ],
      "median": [
        0.0009548017796974805,
        0.003185890957221213
      ],
      "std": [
        0.0016227189069310016,
        0.00339713484294058
      ]
    },
    "stride": {
      "stride": [
        1,
        2
      ],
      "count": [
        32,
        32
      ],
      "mean": [
        0.0018098393509007778,
        0.004419631593691568
      ],
      "median": [
        0.0012804737923842332,
        0.0033624967121616686
      ],
      "std": [
        0.00120732612328666,
        0.0035645896716492947
      ]
    },
    "n": {
      "n": [
        3,
        4
      ],
      "count": [
        32,
        32
      ],
      "mean": [
        0.0032769844998260787,
        0.002952486444766267
      ],
      "median": [
        0.002057160799389275,
        0.0017752909711993394
      ],
      "std": [
        0.003075773105377652,
        0.002857371291867083
      ]
    },
    "ib_max_contexts": {
      "ib_max_contexts": [
        6000,
        9000
      ],
      "count": [
        32,
        32
      ],
      "mean": [
        0.003114735472296173,
        0.003114735472296173
      ],
      "median": [
        0.0017984074079618008,
        0.0017984074079618008
      ],
      "std": [
        0.002973154785744379,
        0.002973154785744379
      ]
    },
    "seed": {
      "seed": [
        111,
        333
      ],
      "count": [
        32,
        32
      ],
      "mean": [
        0.003114735472296173,
        0.003114735472296173
      ],
      "median": [
        0.0017984074079618008,
        0.0017984074079618008
      ],
      "std": [
        0.0029731547857443793,
        0.0029731547857443793
      ]
    }
  },
  "main_effects": {
    "betas": {
      "n_3": 0.027722256776547185,
      "n_4": -0.027722256776547157,
      "k_ctx_5": -0.29717716460072197,
      "k_ctx_7": 0.2971771646007221,
      "ib_clusters_32": -0.22264649049452218,
      "ib_clusters_64": 0.22264649049452218,
      "ib_max_contexts_6000": 5.551115123125783e-17,
      "ib_max_contexts_9000": -1.1102230246251565e-16,
      "stride_1": -0.22295767127094765,
      "stride_2": 0.22295767127094765,
      "seed_111": 0.0,
      "seed_333": -5.551115123125783e-17
    },
    "betas_group": {
      "n": 0.03920519151298245,
      "k_ctx": 0.42027197660592275,
      "ib_clusters": 0.31486968647212565,
      "ib_max_contexts": 1.2412670766236366e-16,
      "stride": 0.31530976254649634,
      "seed": 5.551115123125783e-17
    },
    "r2": 0.75345800629263
  }
}