{
  "H_base": 4.173673950432172,
  "H_ib": 4.187033926965039,
  "H_hash": 3.4157504913817123,
  "delta_ib": {
    "mean": 0.013359976532867301,
    "lo95": 0.01257623511057772,
    "hi95": 0.01418669823467865,
    "p_le_0": 0.0
  },
  "delta_hash": {
    "mean": -0.7579234590504597,
    "lo95": -0.7778048099677415,
    "hi95": -0.7386670239528824,
    "p_le_0": 1.0
  },
  "k_ctx": 7,
  "ib_clusters": 64,
  "stride": 2,
  "label_mode": "ib",
  "null_label": "C-1",
  "n_clusters": 64,
  "n_gram_order": 3,
  "coverage_train": {
    "full_frac": 0.023981903819395356,
    "backoff_frac": 0.9760180961806046,
    "null_frac": 5.2086046148236886e-05
  },
  "coverage_test": {
    "full_frac": 0.0,
    "backoff_frac": 1.0,
    "null_frac": 0.00012154254857361138
  },
  "control": "global",
  "control_tag": "ctrl-global-111"
}