{
  "H_base": 2.826837415247051,
  "H_ib": 2.840071572022312,
  "H_hash": 2.8835259854108934,
  "delta_ib": {
    "mean": 0.013234156775261432,
    "lo95": 0.011755007889594249,
    "hi95": 0.014701581060592828,
    "p_le_0": 0.0
  },
  "delta_hash": {
    "mean": 0.05668857016384275,
    "lo95": 0.05422334918085626,
    "hi95": 0.05900381271550009,
    "p_le_0": 0.0
  },
  "k_ctx": 7,
  "ib_clusters": 32,
  "stride": 2,
  "label_mode": "ib",
  "null_label": "C-1",
  "n_clusters": 32,
  "n_gram_order": 3,
  "coverage_train": {
    "full_frac": 0.014871924302238645,
    "backoff_frac": 0.9851280756977614,
    "null_frac": 3.333444448148272e-05
  },
  "coverage_test": {
    "full_frac": 0.006300490038114076,
    "backoff_frac": 0.9936995099618859,
    "null_frac": 7.778382763103797e-05
  },
  "control": "block",
  "control_tag": "ctrl-block-2-333"
}