{
  "H_base": 3.1200526821798125,
  "H_ib": 3.120407745228474,
  "H_hash": 3.112592509131208,
  "delta_ib": {
    "mean": 0.0003550630486616469,
    "lo95": 6.142750723651156e-05,
    "hi95": 0.0006830602851981485,
    "p_le_0": 0.008
  },
  "delta_hash": {
    "mean": -0.00746017304860433,
    "lo95": -0.008555944716913769,
    "hi95": -0.006365691790676125,
    "p_le_0": 1.0
  },
  "k_ctx": 5,
  "ib_clusters": 32,
  "stride": 1,
  "label_mode": "ib",
  "null_label": "C-1",
  "n_clusters": 32,
  "n_gram_order": 4,
  "coverage_train": {
    "full_frac": 0.07945427272077907,
    "backoff_frac": 0.9205457272792209,
    "null_frac": 2.381009071644563e-05
  },
  "coverage_test": {
    "full_frac": 0.0633257403189066,
    "backoff_frac": 0.9366742596810934,
    "null_frac": 5.555864214678593e-05
  },
  "control": "global",
  "control_tag": "ctrl-global-333"
}