{
  "H_base": 3.9387217552259375,
  "H_ib": 3.9387060325870564,
  "H_hash": 3.937802378109277,
  "delta_ib": {
    "mean": -1.5722638880876045e-05,
    "lo95": -4.716791664262813e-05,
    "hi95": 0.0,
    "p_le_0": 1.0
  },
  "delta_hash": {
    "mean": -0.0009193771166605638,
    "lo95": -0.0014309665622474989,
    "hi95": -0.00048208057199567865,
    "p_le_0": 1.0
  },
  "k_ctx": 5,
  "ib_clusters": 32,
  "stride": 2,
  "label_mode": "ib",
  "null_label": "C-1",
  "n_clusters": 32,
  "n_gram_order": 4,
  "coverage_train": {
    "full_frac": 0.11706469201647658,
    "backoff_frac": 0.8829353079835234,
    "null_frac": 2.381009071644563e-05
  },
  "coverage_test": {
    "full_frac": 0.0008556030890605034,
    "backoff_frac": 0.9991443969109395,
    "null_frac": 5.555864214678593e-05
  },
  "control": "global",
  "control_tag": "ctrl-global-111"
}