{
  "H_base": 5.955651825158045,
  "H_ib": 5.954748147697016,
  "H_hash": 5.990633584305082,
  "delta_ib": {
    "mean": -0.0009036774610288019,
    "lo95": -0.0027110323830864054,
    "hi95": 0.0,
    "p_le_0": 1.0
  },
  "delta_hash": {
    "mean": 0.03498175914703825,
    "lo95": -0.03935485407402965,
    "hi95": 0.1256854240631604,
    "p_le_0": 0.2085
  },
  "k_ctx": 5,
  "ib_clusters": 64,
  "stride": 2,
  "label_mode": "ib",
  "null_label": "C-1",
  "n_clusters": 64,
  "n_gram_order": 4,
  "coverage_train": {
    "full_frac": 0.13720477910530704,
    "backoff_frac": 0.862795220894693,
    "null_frac": 0.0002778549597110308
  },
  "coverage_test": {
    "full_frac": 0.02406015037593985,
    "backoff_frac": 0.9759398496240601,
    "null_frac": 0.002506265664160401
  },
  "control": "block",
  "control_tag": "ctrl-block-2-111"
}