{
  "H_base": 5.017516568814675,
  "H_ib": 5.017166348955604,
  "H_hash": 5.000605600161175,
  "delta_ib": {
    "mean": -0.00035021985907054585,
    "lo95": -0.0010506595772116377,
    "hi95": 0.0,
    "p_le_0": 1.0
  },
  "delta_hash": {
    "mean": -0.016910968653499666,
    "lo95": -0.028502074873150852,
    "hi95": -0.0041086621114985004,
    "p_le_0": 0.996
  },
  "k_ctx": 7,
  "ib_clusters": 64,
  "stride": 1,
  "label_mode": "ib",
  "null_label": "C-1",
  "n_clusters": 64,
  "n_gram_order": 4,
  "coverage_train": {
    "full_frac": 0.08403267937531263,
    "backoff_frac": 0.9159673206246873,
    "null_frac": 0.000389040182293114
  },
  "coverage_test": {
    "full_frac": 0.0,
    "backoff_frac": 1.0,
    "null_frac": 0.0035122930255895636
  },
  "control": "block",
  "control_tag": "ctrl-block-2-333"
}