{
  "H_base": 6.003241189041754,
  "H_ib": 6.002890969182683,
  "H_hash": 5.990006743652519,
  "delta_ib": {
    "mean": -0.00035021985907054585,
    "lo95": -0.0010506595772116377,
    "hi95": 0.0,
    "p_le_0": 1.0
  },
  "delta_hash": {
    "mean": -0.013234445389234599,
    "lo95": -0.021490179121854733,
    "hi95": -0.0054903108676758435,
    "p_le_0": 1.0
  },
  "k_ctx": 5,
  "ib_clusters": 32,
  "stride": 1,
  "label_mode": "ib",
  "null_label": "C-1",
  "n_clusters": 32,
  "n_gram_order": 4,
  "coverage_train": {
    "full_frac": 0.13442622950819672,
    "backoff_frac": 0.8655737704918033,
    "null_frac": 0.0002778549597110308
  },
  "coverage_test": {
    "full_frac": 0.03458646616541353,
    "backoff_frac": 0.9654135338345865,
    "null_frac": 0.002506265664160401
  },
  "control": "block",
  "control_tag": "ctrl-block-2-333"
}