{
  "H_base": 1.584976616032563,
  "H_ib": 1.5925968745548273,
  "H_hash": 1.6025206214849834,
  "delta_ib": {
    "mean": 0.007620258522264601,
    "lo95": 0.006916396686792186,
    "hi95": 0.008282816225064172,
    "p_le_0": 0.0
  },
  "delta_hash": {
    "mean": 0.017544005452420516,
    "lo95": 0.016229177362209482,
    "hi95": 0.018871107372507138,
    "p_le_0": 0.0
  },
  "k_ctx": 7,
  "ib_clusters": 64,
  "stride": 2,
  "label_mode": "ib",
  "null_label": "C-1",
  "n_clusters": 64,
  "n_gram_order": 3,
  "coverage_train": {
    "full_frac": 0.2063351513843727,
    "backoff_frac": 0.7936648486156272,
    "null_frac": 5.2086046148236886e-05
  },
  "coverage_test": {
    "full_frac": 0.048617019429444554,
    "backoff_frac": 0.9513829805705555,
    "null_frac": 0.00012154254857361138
  },
  "control": "block",
  "control_tag": "ctrl-block-2-111"
}