{
  "H_base": 3.1297911462514882,
  "H_ib": 3.13918417615859,
  "H_hash": 3.0080738622896006,
  "delta_ib": {
    "mean": 0.009393029907101856,
    "lo95": 0.008003441675590793,
    "hi95": 0.010840360837263417,
    "p_le_0": 0.0
  },
  "delta_hash": {
    "mean": -0.12171728396188768,
    "lo95": -0.12724222100647267,
    "hi95": -0.11633439849710972,
    "p_le_0": 1.0
  },
  "k_ctx": 7,
  "ib_clusters": 64,
  "stride": 2,
  "label_mode": "ib",
  "null_label": "C-1",
  "n_clusters": 64,
  "n_gram_order": 4,
  "coverage_train": {
    "full_frac": 0.014990975889672513,
    "backoff_frac": 0.9850090241103275,
    "null_frac": 3.333444448148272e-05
  },
  "coverage_test": {
    "full_frac": 0.0008333981531896925,
    "backoff_frac": 0.9991666018468103,
    "null_frac": 7.778382763103797e-05
  },
  "control": "global",
  "control_tag": "ctrl-global-111"
}