{
  "H_base": 1.817148589610931,
  "H_ib": 1.8303497652544745,
  "H_hash": 2.7859666501907405,
  "delta_ib": {
    "mean": 0.013201175643543414,
    "lo95": -0.002140522331855586,
    "hi95": 0.031302191882118066,
    "p_le_0": 0.05
  },
  "delta_hash": {
    "mean": 0.9688180605798096,
    "lo95": 0.8411353127335799,
    "hi95": 1.1299777629874341,
    "p_le_0": 0.0
  },
  "k_ctx": 5,
  "ib_clusters": 64,
  "stride": 2,
  "label_mode": "ib",
  "null_label": "C-1",
  "n_clusters": 64,
  "n_gram_order": 3,
  "coverage_train": {
    "full_frac": 0.4097804945818283,
    "backoff_frac": 0.5902195054181717,
    "null_frac": 0.0002778549597110308
  },
  "coverage_test": {
    "full_frac": 0.6546365914786968,
    "backoff_frac": 0.34536340852130326,
    "null_frac": 0.002506265664160401
  },
  "notes": "Bits/token. delta<0 means conditional helps. Hash control preserves label histogram."
}