{
  "H_base": 2.9273495339225684,
  "H_ib": 2.9354657142664426,
  "H_hash": 2.9579836328918336,
  "delta_ib": {
    "mean": 0.008116180343874272,
    "lo95": 0.006772272045429148,
    "hi95": 0.00948405211675058,
    "p_le_0": 0.0
  },
  "delta_hash": {
    "mean": 0.030634098969265288,
    "lo95": 0.027713803310081882,
    "hi95": 0.033720949717488846,
    "p_le_0": 0.0
  },
  "k_ctx": 7,
  "ib_clusters": 32,
  "stride": 1,
  "label_mode": "ib",
  "null_label": "C-1",
  "n_clusters": 32,
  "n_gram_order": 4,
  "coverage_train": {
    "full_frac": 0.018876819703513927,
    "backoff_frac": 0.981123180296486,
    "null_frac": 3.333444448148272e-05
  },
  "coverage_test": {
    "full_frac": 0.014101096751969598,
    "backoff_frac": 0.9858989032480304,
    "null_frac": 7.778382763103797e-05
  },
  "control": "block",
  "control_tag": "ctrl-block-2-333"
}