{
  "H_base": 3.1200526821798125,
  "H_ib": 3.1203267118555864,
  "H_hash": 3.112676591799013,
  "delta_ib": {
    "mean": 0.0002740296757736965,
    "lo95": 3.356431083696982e-05,
    "hi95": 0.0005820410007726145,
    "p_le_0": 0.0085
  },
  "delta_hash": {
    "mean": -0.007376090380799822,
    "lo95": -0.008706212900634587,
    "hi95": -0.006184107183246291,
    "p_le_0": 1.0
  },
  "k_ctx": 5,
  "ib_clusters": 32,
  "stride": 2,
  "label_mode": "ib",
  "null_label": "C-1",
  "n_clusters": 32,
  "n_gram_order": 4,
  "coverage_train": {
    "full_frac": 0.0695445129645944,
    "backoff_frac": 0.9304554870354056,
    "null_frac": 2.381009071644563e-05
  },
  "coverage_test": {
    "full_frac": 0.05729207178176565,
    "backoff_frac": 0.9427079282182343,
    "null_frac": 5.555864214678593e-05
  },
  "control": "global",
  "control_tag": "ctrl-global-333"
}