{
  "H_base": 3.368985658310953,
  "H_ib": 3.3688497260948886,
  "H_hash": 3.3373394219831534,
  "delta_ib": {
    "mean": -0.00013593221606465316,
    "lo95": -0.00018819452958694324,
    "hi95": -9.617039106342354e-05,
    "p_le_0": 1.0
  },
  "delta_hash": {
    "mean": -0.03164623632779969,
    "lo95": -0.032927999863409156,
    "hi95": -0.030397031766128638,
    "p_le_0": 1.0
  },
  "k_ctx": 5,
  "ib_clusters": 64,
  "stride": 1,
  "label_mode": "ib",
  "null_label": "C-1",
  "n_clusters": 64,
  "n_gram_order": 3,
  "coverage_train": {
    "full_frac": 0.1469606419200457,
    "backoff_frac": 0.8530393580799542,
    "null_frac": 2.381009071644563e-05
  },
  "coverage_test": {
    "full_frac": 0.0002444580254458581,
    "backoff_frac": 0.9997555419745542,
    "null_frac": 5.555864214678593e-05
  },
  "control": "global",
  "control_tag": "ctrl-global-111"
}