{
  "H_base": 3.1297911462514882,
  "H_ib": 3.1372876754289387,
  "H_hash": 3.0139156187968377,
  "delta_ib": {
    "mean": 0.007496529177450456,
    "lo95": 0.0061811194465931025,
    "hi95": 0.008817337805086124,
    "p_le_0": 0.0
  },
  "delta_hash": {
    "mean": -0.1158755274546505,
    "lo95": -0.12124749562489597,
    "hi95": -0.11065399204200735,
    "p_le_0": 1.0
  },
  "k_ctx": 7,
  "ib_clusters": 64,
  "stride": 1,
  "label_mode": "ib",
  "null_label": "C-1",
  "n_clusters": 64,
  "n_gram_order": 4,
  "coverage_train": {
    "full_frac": 0.016157681446524408,
    "backoff_frac": 0.9838423185534756,
    "null_frac": 3.333444448148272e-05
  },
  "coverage_test": {
    "full_frac": 0.0009111819808207305,
    "backoff_frac": 0.9990888180191793,
    "null_frac": 7.778382763103797e-05
  },
  "control": "global",
  "control_tag": "ctrl-global-111"
}