{
  "H_base": 2.9201708943729208,
  "H_ib": 2.947098197597489,
  "H_hash": 3.0405368929116334,
  "delta_ib": {
    "mean": 0.026927303224568322,
    "lo95": 0.016335853159308807,
    "hi95": 0.038687318471108276,
    "p_le_0": 0.0
  },
  "delta_hash": {
    "mean": 0.12036599853871255,
    "lo95": 0.09860046977400841,
    "hi95": 0.14258013433935413,
    "p_le_0": 0.0
  },
  "k_ctx": 5,
  "ib_clusters": 32,
  "stride": 1,
  "label_mode": "ib",
  "null_label": "C-1",
  "n_clusters": 32,
  "n_gram_order": 3,
  "coverage_train": {
    "full_frac": 0.11347596554598499,
    "backoff_frac": 0.886524034454015,
    "null_frac": 0.0002778549597110308
  },
  "coverage_test": {
    "full_frac": 0.009022556390977444,
    "backoff_frac": 0.9909774436090225,
    "null_frac": 0.002506265664160401
  },
  "control": "block",
  "control_tag": "ctrl-block-2-333"
}