{
  "H_base": 3.992799039930589,
  "H_ib": 3.9929966972525923,
  "H_hash": 3.6242518578837055,
  "delta_ib": {
    "mean": 0.0001976573220032983,
    "lo95": 1.9700307619205493e-05,
    "hi95": 0.00042587597319552735,
    "p_le_0": 0.001
  },
  "delta_hash": {
    "mean": -0.36854718204688325,
    "lo95": -0.3842092587284124,
    "hi95": -0.35353031884512526,
    "p_le_0": 1.0
  },
  "k_ctx": 7,
  "ib_clusters": 32,
  "stride": 1,
  "label_mode": "ib",
  "null_label": "C-1",
  "n_clusters": 32,
  "n_gram_order": 4,
  "coverage_train": {
    "full_frac": 0.017786307162619707,
    "backoff_frac": 0.9822136928373802,
    "null_frac": 3.333444448148272e-05
  },
  "coverage_test": {
    "full_frac": 0.0,
    "backoff_frac": 1.0,
    "null_frac": 7.778382763103797e-05
  },
  "control": "global",
  "control_tag": "ctrl-global-333"
}