{
  "H_base": 3.4630217005588713,
  "H_ib": 3.4597689587239144,
  "H_hash": 3.3701986076570023,
  "delta_ib": {
    "mean": -0.003252741834957215,
    "lo95": -0.003830961873019603,
    "hi95": -0.0026652288925594894,
    "p_le_0": 1.0
  },
  "delta_hash": {
    "mean": -0.09282309290186913,
    "lo95": -0.09802860770985256,
    "hi95": -0.08790456107195296,
    "p_le_0": 1.0
  },
  "k_ctx": 7,
  "ib_clusters": 64,
  "stride": 1,
  "label_mode": "ib",
  "null_label": "C-1",
  "n_clusters": 64,
  "n_gram_order": 3,
  "coverage_train": {
    "full_frac": 0.04432052496987995,
    "backoff_frac": 0.9556794750301201,
    "null_frac": 3.333444448148272e-05
  },
  "coverage_test": {
    "full_frac": 5.5559876879312835e-05,
    "backoff_frac": 0.9999444401231207,
    "null_frac": 7.778382763103797e-05
  },
  "control": "block",
  "control_tag": "ctrl-block-2-333"
}