{
  "H_base": 0.25993409155669034,
  "H_ib": 0.2657107720637668,
  "H_hash": 4.805750535546208,
  "delta_ib": {
    "mean": 0.005776680507076467,
    "lo95": -0.00442900894163252,
    "hi95": 0.022218785384660263,
    "p_le_0": 0.309
  },
  "delta_hash": {
    "mean": 4.5458164439895175,
    "lo95": 4.495475977745739,
    "hi95": 4.597954596123206,
    "p_le_0": 0.0
  },
  "k_ctx": 7,
  "ib_clusters": 64,
  "stride": 2,
  "label_mode": "ib",
  "null_label": "C-1",
  "n_clusters": 64,
  "n_gram_order": 4,
  "coverage_train": {
    "full_frac": 0.999944422831101,
    "backoff_frac": 5.557716889901629e-05,
    "null_frac": 0.000389040182293114
  },
  "coverage_test": {
    "full_frac": 1.0,
    "backoff_frac": 0.0,
    "null_frac": 0.0035122930255895636
  },
  "control": "none",
  "control_tag": "true",
  "notes": "Bits/token. delta<0 helps. Hash control preserves label histogram."
}