{
  "H_base": 1.5281685948387733,
  "H_ib": 1.5146967104878353,
  "H_hash": 1.7632592384499177,
  "delta_ib": {
    "mean": -0.013471884350938126,
    "lo95": -0.015550461466441769,
    "hi95": -0.011382520842411504,
    "p_le_0": 1.0
  },
  "delta_hash": {
    "mean": 0.23509064361114426,
    "lo95": 0.22920950870899387,
    "hi95": 0.24105389511156544,
    "p_le_0": 0.0
  },
  "k_ctx": 7,
  "ib_clusters": 32,
  "stride": 2,
  "label_mode": "ib",
  "null_label": "C-1",
  "n_clusters": 32,
  "n_gram_order": 4,
  "coverage_train": {
    "full_frac": 0.9631273423399828,
    "backoff_frac": 0.03687265766001724,
    "null_frac": 3.333444448148272e-05
  },
  "coverage_test": {
    "full_frac": 0.3386263376040359,
    "backoff_frac": 0.6613736623959642,
    "null_frac": 7.778382763103797e-05
  },
  "notes": "Bits/token. delta<0 means conditional helps. Hash control preserves label histogram."
}