{
  "H_base": 5.350822217346962,
  "H_ib": 5.344466632339263,
  "H_hash": 5.020508763879166,
  "delta_ib": {
    "mean": -0.006355585007698735,
    "lo95": -0.010885061077980705,
    "hi95": -0.002887019801260867,
    "p_le_0": 1.0
  },
  "delta_hash": {
    "mean": -0.33031345346779584,
    "lo95": -0.36279662205096314,
    "hi95": -0.2966569653236493,
    "p_le_0": 1.0
  },
  "k_ctx": 7,
  "ib_clusters": 32,
  "stride": 1,
  "label_mode": "ib",
  "null_label": "C-1",
  "n_clusters": 32,
  "n_gram_order": 3,
  "coverage_train": {
    "full_frac": 0.06980492413716445,
    "backoff_frac": 0.9301950758628356,
    "null_frac": 0.000389040182293114
  },
  "coverage_test": {
    "full_frac": 0.0,
    "backoff_frac": 1.0,
    "null_frac": 0.0035122930255895636
  },
  "control": "block",
  "control_tag": "ctrl-block-2-111"
}