{
  "H_base": 5.453434201600999,
  "H_ib": 5.445920221027501,
  "H_hash": 5.021269745618636,
  "delta_ib": {
    "mean": -0.007513980573497366,
    "lo95": -0.012428590246162084,
    "hi95": -0.003966538764202103,
    "p_le_0": 1.0
  },
  "delta_hash": {
    "mean": -0.4321644559823629,
    "lo95": -0.5010384405426089,
    "hi95": -0.35721446917272975,
    "p_le_0": 1.0
  },
  "k_ctx": 7,
  "ib_clusters": 64,
  "stride": 1,
  "label_mode": "ib",
  "null_label": "C-1",
  "n_clusters": 64,
  "n_gram_order": 4,
  "coverage_train": {
    "full_frac": 0.08481075973989885,
    "backoff_frac": 0.9151892402601012,
    "null_frac": 0.000389040182293114
  },
  "coverage_test": {
    "full_frac": 0.0,
    "backoff_frac": 1.0,
    "null_frac": 0.0035122930255895636
  },
  "control": "block",
  "control_tag": "ctrl-block-2-111"
}