{
  "H_base": 2.9273495339225684,
  "H_ib": 2.928841454607815,
  "H_hash": 2.9311097910635393,
  "delta_ib": {
    "mean": 0.0014919206852468689,
    "lo95": 0.0009460146877657115,
    "hi95": 0.0021186516036592294,
    "p_le_0": 0.0
  },
  "delta_hash": {
    "mean": 0.003760257140971151,
    "lo95": 0.002668180142708128,
    "hi95": 0.004807792529874103,
    "p_le_0": 0.0
  },
  "k_ctx": 5,
  "ib_clusters": 32,
  "stride": 1,
  "label_mode": "ib",
  "null_label": "C-1",
  "n_clusters": 32,
  "n_gram_order": 4,
  "coverage_train": {
    "full_frac": 0.1290554537012786,
    "backoff_frac": 0.8709445462987214,
    "null_frac": 2.381009071644563e-05
  },
  "coverage_test": {
    "full_frac": 0.19606644813600754,
    "backoff_frac": 0.8039335518639924,
    "null_frac": 5.555864214678593e-05
  },
  "control": "block",
  "control_tag": "ctrl-block-2-333"
}