{
  "H_base": 0.20363243152454386,
  "H_ib": 0.1322817568496136,
  "H_hash": 4.881267095936471,
  "delta_ib": {
    "mean": -0.07135067467493027,
    "lo95": -0.08273913660632723,
    "hi95": -0.05744701013038054,
    "p_le_0": 1.0
  },
  "delta_hash": {
    "mean": 4.677634664411927,
    "lo95": 4.645773449144236,
    "hi95": 4.710352400146467,
    "p_le_0": 0.0
  },
  "k_ctx": 5,
  "ib_clusters": 64,
  "stride": 1,
  "label_mode": "ib",
  "null_label": "C-1",
  "n_clusters": 64,
  "n_gram_order": 3,
  "coverage_train": {
    "full_frac": 1.0,
    "backoff_frac": 0.0,
    "null_frac": 0.0002778549597110308
  },
  "coverage_test": {
    "full_frac": 1.0,
    "backoff_frac": 0.0,
    "null_frac": 0.002506265664160401
  },
  "notes": "Bits/token. delta<0 means conditional helps. Hash control preserves label histogram."
}