{
  "H_base": 2.6074314795214337,
  "H_ib": 2.608413661248292,
  "H_hash": 2.6416186142130873,
  "delta_ib": {
    "mean": 0.000982181726858454,
    "lo95": 0.0009536641958618899,
    "hi95": 0.0010069108667898948,
    "p_le_0": 0.0
  },
  "delta_hash": {
    "mean": 0.034187134691653624,
    "lo95": 0.03272496316536776,
    "hi95": 0.03568197441917986,
    "p_le_0": 0.0
  },
  "k_ctx": 5,
  "ib_clusters": 64,
  "stride": 2,
  "label_mode": "ib",
  "null_label": "C-1",
  "n_clusters": 64,
  "n_gram_order": 4,
  "coverage_train": {
    "full_frac": 0.5076304922058112,
    "backoff_frac": 0.49236950779418875,
    "null_frac": 3.720376502102013e-05
  },
  "coverage_test": {
    "full_frac": 0.559076308707353,
    "backoff_frac": 0.4409236912926469,
    "null_frac": 8.681309141418526e-05
  },
  "control": "block",
  "control_tag": "ctrl-block-2-111"
}