{
  "H_base": 2.6074314795214337,
  "H_ib": 2.6080886356257995,
  "H_hash": 2.7203058092628094,
  "delta_ib": {
    "mean": 0.0006571561043657304,
    "lo95": 0.0005890841446896727,
    "hi95": 0.000726157495324132,
    "p_le_0": 0.0
  },
  "delta_hash": {
    "mean": 0.11287432974137576,
    "lo95": 0.10354853918111459,
    "hi95": 0.12227328685830723,
    "p_le_0": 0.0
  },
  "k_ctx": 7,
  "ib_clusters": 64,
  "stride": 1,
  "label_mode": "ib",
  "null_label": "C-1",
  "n_clusters": 64,
  "n_gram_order": 4,
  "coverage_train": {
    "full_frac": 0.26183655398718686,
    "backoff_frac": 0.7069118183238711,
    "null_frac": 0.03130371373509037
  },
  "coverage_test": {
    "full_frac": 0.0555623079193652,
    "backoff_frac": 0.5920858437657354,
    "null_frac": 0.352473390863473
  },
  "control": "block",
  "control_tag": "ctrl-block-2-111"
}