{
  "model_runs": 64,
  "valid_metric_runs": 64,
  "metric_name": "delta_ib.mean",
  "mean": -0.0003362587327443963,
  "median": -0.00029248125036057806,
  "std": 0.00035294297433163395,
  "min": -0.000935182359791702,
  "max": 0.0,
  "robust_median": -0.00029248125036057806,
  "robust_mad": 0.00029248125036057806,
  "sinusoid_fit": {
    "amp": 0.0004749737722708179,
    "freq": 0.24975087543771887,
    "phase": -2.3032073384244134,
    "offset": -0.0003362606682565173,
    "r2": 0.906939453833814
  },
  "groups": {
    "k_ctx": {
      "k_ctx": [
        5,
        7
      ],
      "count": [
        32,
        32
      ],
      "mean": [
        -0.00029248125036057806,
        -0.00038003621512821455
      ],
      "median": [
        -0.00029248125036057806,
        -0.00029248125036057806
      ],
      "std": [
        0.0002971612475277434,
        0.0004060945620306523
      ]
    },
    "ib_clusters": {
      "ib_clusters": [
        32,
        64
      ],
      "count": [
        32,
        32
      ],
      "mean": [
        -0.0003362587327443963,
        -0.0003362587327443963
      ],
      "median": [
        -0.00029248125036057806,
        -0.00029248125036057806
      ],
      "std": [
        0.0003585904205115399,
        0.0003585904205115399
      ]
    },
    "stride": {
      "stride": [
        1,
        2
      ],
      "count": [
        32,
        32
      ],
      "mean": [
        -0.0003362587327443963,
        -0.0003362587327443963
      ],
      "median": [
        -0.00029248125036057806,
        -0.00029248125036057806
      ],
      "std": [
        0.0003585904205115399,
        0.0003585904205115399
      ]
    },
    "n": {
      "n": [
        3,
        4
      ],
      "count": [
        32,
        32
      ],
      "mean": [
        -0.0006725174654887926,
        0.0
      ],
      "median": [
        -0.0005849625007211561,
        0.0
      ],
      "std": [
        0.00015407619586764148,
        0.0
      ]
    },
    "ib_max_contexts": {
      "ib_max_contexts": [
        6000,
        9000
      ],
      "count": [
        32,
        32
      ],
      "mean": [
        -0.0003362587327443963,
        -0.0003362587327443963
      ],
      "median": [
        -0.00029248125036057806,
        -0.00029248125036057806
      ],
      "std": [
        0.0003585904205115399,
        0.0003585904205115399
      ]
    },
    "seed": {
      "seed": [
        111,
        333
      ],
      "count": [
        32,
        32
      ],
      "mean": [
        -0.00029248125036057806,
        -0.00038003621512821455
      ],
      "median": [
        -0.00029248125036057806,
        -0.00029248125036057806
      ],
      "std": [
        0.0002971612475277434,
        0.0004060945620306523
      ]
    }
  },
  "main_effects": {
    "betas": {
      "n_3": -0.47636276274964473,
      "n_4": 0.47636276274964484,
      "k_ctx_5": 0.0620176085372673,
      "k_ctx_7": -0.0620176085372673,
      "ib_clusters_32": -3.469446951953614e-17,
      "ib_clusters_64": 2.7755575615628914e-17,
      "ib_max_contexts_6000": 6.938893903907228e-18,
      "ib_max_contexts_9000": 6.938893903907228e-18,
      "stride_1": 0.0,
      "stride_2": 0.0,
      "seed_111": 0.06201760853726725,
      "seed_333": -0.06201760853726729
    },
    "betas_group": {
      "n": 0.6736786796900647,
      "k_ctx": 0.08770614309934886,
      "ib_clusters": 4.443059973708341e-17,
      "ib_max_contexts": 9.813077866773595e-18,
      "stride": 0.0,
      "seed": 0.08770614309934882
    },
    "r2": 0.9384607112278701
  }
}