{
  "H_base": 3.9387217552259375,
  "H_ib": 3.9387061788978346,
  "H_hash": 3.6600257756400865,
  "delta_ib": {
    "mean": -1.5576328102702577e-05,
    "lo95": -5.421773930972073e-05,
    "hi95": 1.763650184972014e-05,
    "p_le_0": 0.7895
  },
  "delta_hash": {
    "mean": -0.2786959795858509,
    "lo95": -0.2902868343453119,
    "hi95": -0.26820245332717785,
    "p_le_0": 1.0
  },
  "k_ctx": 7,
  "ib_clusters": 32,
  "stride": 1,
  "label_mode": "ib",
  "null_label": "C-1",
  "n_clusters": 32,
  "n_gram_order": 4,
  "coverage_train": {
    "full_frac": 0.01776249684513293,
    "backoff_frac": 0.982237503154867,
    "null_frac": 3.333444448148272e-05
  },
  "coverage_test": {
    "full_frac": 0.0,
    "backoff_frac": 1.0,
    "null_frac": 7.778382763103797e-05
  },
  "control": "global",
  "control_tag": "ctrl-global-111"
}