{
  "H_base": 5.955651825158045,
  "H_ib": 5.950628429258996,
  "H_hash": 5.719813214314595,
  "delta_ib": {
    "mean": -0.005023395899047849,
    "lo95": -0.013543111563772954,
    "hi95": -0.0002309520521584094,
    "p_le_0": 1.0
  },
  "delta_hash": {
    "mean": -0.23583861084344937,
    "lo95": -0.4172711815541527,
    "hi95": -0.08675268432180251,
    "p_le_0": 1.0
  },
  "k_ctx": 5,
  "ib_clusters": 32,
  "stride": 1,
  "label_mode": "ib",
  "null_label": "C-1",
  "n_clusters": 32,
  "n_gram_order": 4,
  "coverage_train": {
    "full_frac": 0.14993053626007224,
    "backoff_frac": 0.8500694637399278,
    "null_frac": 0.0002778549597110308
  },
  "coverage_test": {
    "full_frac": 0.08721804511278196,
    "backoff_frac": 0.912781954887218,
    "null_frac": 0.002506265664160401
  },
  "control": "block",
  "control_tag": "ctrl-block-2-111"
}