{
  "H_base": 1.592939637535344,
  "H_ib": 1.5955788042449692,
  "H_hash": 1.5956019833842436,
  "delta_ib": {
    "mean": 0.0026391667096251257,
    "lo95": 0.0024690455873392016,
    "hi95": 0.002906179162054694,
    "p_le_0": 0.0
  },
  "delta_hash": {
    "mean": 0.002662345848899579,
    "lo95": 0.0025286666353652896,
    "hi95": 0.0028307875452073306,
    "p_le_0": 0.0
  },
  "k_ctx": 7,
  "ib_clusters": 64,
  "stride": 2,
  "label_mode": "ib",
  "null_label": "C-1",
  "n_clusters": 64,
  "n_gram_order": 3,
  "coverage_train": {
    "full_frac": 0.2055240972372073,
    "backoff_frac": 0.7944759027627927,
    "null_frac": 5.2086046148236886e-05
  },
  "coverage_test": {
    "full_frac": 0.034726442449603254,
    "backoff_frac": 0.9652735575503968,
    "null_frac": 0.00012154254857361138
  },
  "control": "block",
  "control_tag": "ctrl-block-2-333"
}