{
  "H_base": 1.817148589610931,
  "H_ib": 1.8166780584978126,
  "H_hash": 1.8820894741818053,
  "delta_ib": {
    "mean": -0.0004705311131184408,
    "lo95": -0.005694288519276466,
    "hi95": 0.004438184143394701,
    "p_le_0": 0.582
  },
  "delta_hash": {
    "mean": 0.06494088457087434,
    "lo95": 0.04486100141637153,
    "hi95": 0.08601747707642349,
    "p_le_0": 0.0
  },
  "k_ctx": 5,
  "ib_clusters": 32,
  "stride": 1,
  "label_mode": "ib",
  "null_label": "C-1",
  "n_clusters": 32,
  "n_gram_order": 3,
  "coverage_train": {
    "full_frac": 0.42317310363989996,
    "backoff_frac": 0.5768268963601,
    "null_frac": 0.0002778549597110308
  },
  "coverage_test": {
    "full_frac": 0.6676691729323309,
    "backoff_frac": 0.3323308270676692,
    "null_frac": 0.002506265664160401
  },
  "notes": "Bits/token. delta<0 means conditional helps. Hash control preserves label histogram."
}