{
  "H_base": 2.826837415247051,
  "H_ib": 2.829701203435077,
  "H_hash": 2.8355425216603454,
  "delta_ib": {
    "mean": 0.0028637881880261185,
    "lo95": 0.0019694231341171055,
    "hi95": 0.0037742228989111407,
    "p_le_0": 0.0
  },
  "delta_hash": {
    "mean": 0.008705106413294486,
    "lo95": 0.007882262064486003,
    "hi95": 0.009518805371998302,
    "p_le_0": 0.0
  },
  "k_ctx": 5,
  "ib_clusters": 64,
  "stride": 1,
  "label_mode": "ib",
  "null_label": "C-1",
  "n_clusters": 64,
  "n_gram_order": 3,
  "coverage_train": {
    "full_frac": 0.14868925450605966,
    "backoff_frac": 0.8513107454939404,
    "null_frac": 2.381009071644563e-05
  },
  "coverage_test": {
    "full_frac": 0.21545641424523584,
    "backoff_frac": 0.7845435857547641,
    "null_frac": 5.555864214678593e-05
  },
  "control": "block",
  "control_tag": "ctrl-block-2-333"
}