{
  "H_base": 2.82556404821523,
  "H_ib": 2.8481697948344524,
  "H_hash": 2.9562391499143357,
  "delta_ib": {
    "mean": 0.022605746619222586,
    "lo95": 0.020654259889541317,
    "hi95": 0.02466223107563823,
    "p_le_0": 0.0
  },
  "delta_hash": {
    "mean": 0.13067510169910584,
    "lo95": 0.12690434318939547,
    "hi95": 0.13434306016796418,
    "p_le_0": 0.0
  },
  "k_ctx": 7,
  "ib_clusters": 64,
  "stride": 2,
  "label_mode": "ib",
  "null_label": "C-1",
  "n_clusters": 64,
  "n_gram_order": 3,
  "coverage_train": {
    "full_frac": 0.017324387003376303,
    "backoff_frac": 0.9826756129966236,
    "null_frac": 3.333444448148272e-05
  },
  "coverage_test": {
    "full_frac": 0.00956741079861767,
    "backoff_frac": 0.9904325892013823,
    "null_frac": 7.778382763103797e-05
  },
  "control": "block",
  "control_tag": "ctrl-block-2-111"
}