{
  "H_base": 3.9872474191349685,
  "H_ib": 3.9872579942385573,
  "H_hash": 3.986772323394017,
  "delta_ib": {
    "mean": 1.0575103588526133e-05,
    "lo95": -9.579831319311645e-06,
    "hi95": 4.688684955320673e-05,
    "p_le_0": 0.377
  },
  "delta_hash": {
    "mean": -0.00047509574095145333,
    "lo95": -0.0009405092764599274,
    "hi95": -6.064715294504034e-05,
    "p_le_0": 0.988
  },
  "k_ctx": 7,
  "ib_clusters": 32,
  "stride": 2,
  "label_mode": "ib",
  "null_label": "C-1",
  "n_clusters": 32,
  "n_gram_order": 4,
  "coverage_train": {
    "full_frac": 0.032934431147704925,
    "backoff_frac": 0.9670655688522951,
    "null_frac": 3.333444448148272e-05
  },
  "coverage_test": {
    "full_frac": 0.00032224728590001444,
    "backoff_frac": 0.9996777527141,
    "null_frac": 7.778382763103797e-05
  },
  "control": "block",
  "control_tag": "ctrl-block-2-111"
}