{
  "H_base": 4.053112485471107,
  "H_ib": 4.495773677544193,
  "H_hash": 4.965203104004552,
  "delta_ib": {
    "mean": 0.4426611920730859,
    "lo95": 0.15290076949105408,
    "hi95": 0.7639153854705062,
    "p_le_0": 0.0
  },
  "delta_hash": {
    "mean": 0.9120906185334452,
    "lo95": 0.5120941018591822,
    "hi95": 1.3196229382979663,
    "p_le_0": 0.0
  },
  "k_ctx": 7,
  "ib_clusters": 64,
  "stride": 1,
  "label_mode": "ib",
  "null_label": "C-1",
  "n_clusters": 64,
  "n_gram_order": 3,
  "coverage_train": {
    "full_frac": 0.08414383371311066,
    "backoff_frac": 0.9158561662868894,
    "null_frac": 0.000389040182293114
  },
  "coverage_test": {
    "full_frac": 0.0,
    "backoff_frac": 1.0,
    "null_frac": 0.0035122930255895636
  },
  "control": "block",
  "control_tag": "ctrl-block-2-333"
}