{
  "H_base": 3.1200526821798125,
  "H_ib": 3.1336434467075334,
  "H_hash": 3.006437746280547,
  "delta_ib": {
    "mean": 0.013590764527720744,
    "lo95": 0.011939495328351247,
    "hi95": 0.015269038334714102,
    "p_le_0": 0.0
  },
  "delta_hash": {
    "mean": -0.11361493589926547,
    "lo95": -0.11893987559009721,
    "hi95": -0.10872330629582617,
    "p_le_0": 1.0
  },
  "k_ctx": 7,
  "ib_clusters": 64,
  "stride": 2,
  "label_mode": "ib",
  "null_label": "C-1",
  "n_clusters": 64,
  "n_gram_order": 4,
  "coverage_train": {
    "full_frac": 0.01502907239765135,
    "backoff_frac": 0.9849709276023486,
    "null_frac": 3.333444448148272e-05
  },
  "coverage_test": {
    "full_frac": 0.0007667263009345171,
    "backoff_frac": 0.9992332736990654,
    "null_frac": 7.778382763103797e-05
  },
  "control": "global",
  "control_tag": "ctrl-global-333"
}