{
  "H_base": 3.0029576363913177,
  "H_ib": 3.035269477202977,
  "H_hash": 3.022288254707674,
  "delta_ib": {
    "mean": 0.03231184081165952,
    "lo95": 0.029673767374783836,
    "hi95": 0.034839913788662004,
    "p_le_0": 0.0
  },
  "delta_hash": {
    "mean": 0.01933061831635683,
    "lo95": 0.01644649591574644,
    "hi95": 0.02203500917390794,
    "p_le_0": 0.0
  },
  "k_ctx": 7,
  "ib_clusters": 64,
  "stride": 2,
  "label_mode": "ib",
  "null_label": "C-1",
  "n_clusters": 64,
  "n_gram_order": 3,
  "coverage_train": {
    "full_frac": 0.01502907239765135,
    "backoff_frac": 0.9849709276023486,
    "null_frac": 3.333444448148272e-05
  },
  "coverage_test": {
    "full_frac": 0.0007667263009345171,
    "backoff_frac": 0.9992332736990654,
    "null_frac": 7.778382763103797e-05
  },
  "control": "global",
  "control_tag": "ctrl-global-333"
}