{
  "H_base": 5.350822217346962,
  "H_ib": 5.347354334368686,
  "H_hash": 5.012553704004147,
  "delta_ib": {
    "mean": -0.0034678829782758486,
    "lo95": -0.005509153076426684,
    "hi95": -0.001599031545987353,
    "p_le_0": 1.0
  },
  "delta_hash": {
    "mean": -0.3382685133428148,
    "lo95": -0.3682220809393374,
    "hi95": -0.306341928457978,
    "p_le_0": 1.0
  },
  "k_ctx": 5,
  "ib_clusters": 64,
  "stride": 2,
  "label_mode": "ib",
  "null_label": "C-1",
  "n_clusters": 64,
  "n_gram_order": 3,
  "coverage_train": {
    "full_frac": 0.08435676576826896,
    "backoff_frac": 0.915643234231731,
    "null_frac": 0.0002778549597110308
  },
  "coverage_test": {
    "full_frac": 0.0,
    "backoff_frac": 1.0,
    "null_frac": 0.002506265664160401
  },
  "control": "block",
  "control_tag": "ctrl-block-2-111"
}