{
  "H_base": 1.584976616032563,
  "H_ib": 1.5854000872824332,
  "H_hash": 1.5953759142526576,
  "delta_ib": {
    "mean": 0.00042347124987041323,
    "lo95": 0.00021960806623661002,
    "hi95": 0.0007068155205276605,
    "p_le_0": 0.0
  },
  "delta_hash": {
    "mean": 0.010399298220094735,
    "lo95": 0.009249660723210883,
    "hi95": 0.01156696835719381,
    "p_le_0": 0.0
  },
  "k_ctx": 7,
  "ib_clusters": 32,
  "stride": 2,
  "label_mode": "ib",
  "null_label": "C-1",
  "n_clusters": 32,
  "n_gram_order": 3,
  "coverage_train": {
    "full_frac": 0.18419858177137202,
    "backoff_frac": 0.815801418228628,
    "null_frac": 5.2086046148236886e-05
  },
  "coverage_test": {
    "full_frac": 0.034726442449603254,
    "backoff_frac": 0.9652735575503968,
    "null_frac": 0.00012154254857361138
  },
  "control": "block",
  "control_tag": "ctrl-block-2-111"
}