{
  "H_base": 2.9181494235576086,
  "H_ib": 2.926428119192008,
  "H_hash": 2.9825974760081757,
  "delta_ib": {
    "mean": 0.008278695634399397,
    "lo95": 0.006948568104766189,
    "hi95": 0.009703508158858785,
    "p_le_0": 0.0
  },
  "delta_hash": {
    "mean": 0.06444805245056709,
    "lo95": 0.060266719606814526,
    "hi95": 0.06873223244911726,
    "p_le_0": 0.0
  },
  "k_ctx": 7,
  "ib_clusters": 32,
  "stride": 2,
  "label_mode": "ib",
  "null_label": "C-1",
  "n_clusters": 32,
  "n_gram_order": 4,
  "coverage_train": {
    "full_frac": 0.014843351921254518,
    "backoff_frac": 0.9851566480787455,
    "null_frac": 3.333444448148272e-05
  },
  "coverage_test": {
    "full_frac": 0.008900692276065917,
    "backoff_frac": 0.9910993077239341,
    "null_frac": 7.778382763103797e-05
  },
  "control": "block",
  "control_tag": "ctrl-block-2-111"
}