{
  "H_base": 1.841926414935292,
  "H_ib": 1.7999454030313577,
  "H_hash": 2.0167413320470384,
  "delta_ib": {
    "mean": -0.0419810119039343,
    "lo95": -0.046043744404774316,
    "hi95": -0.038031693619248484,
    "p_le_0": 1.0
  },
  "delta_hash": {
    "mean": 0.1748149171117464,
    "lo95": 0.16950937310028327,
    "hi95": 0.17979904093124083,
    "p_le_0": 0.0
  },
  "k_ctx": 7,
  "ib_clusters": 32,
  "stride": 2,
  "label_mode": "ib",
  "null_label": "C-1",
  "n_clusters": 32,
  "n_gram_order": 3,
  "coverage_train": {
    "full_frac": 0.9631273423399828,
    "backoff_frac": 0.03687265766001724,
    "null_frac": 3.333444448148272e-05
  },
  "coverage_test": {
    "full_frac": 0.3386263376040359,
    "backoff_frac": 0.6613736623959642,
    "null_frac": 7.778382763103797e-05
  },
  "notes": "Bits/token. delta<0 means conditional helps. Hash control preserves label histogram."
}