{
  "H_base": 3.368985658310953,
  "H_ib": 3.368589364086508,
  "H_hash": 3.3574977558827053,
  "delta_ib": {
    "mean": -0.0003962942244449223,
    "lo95": -0.0004494590356425641,
    "hi95": -0.0003474950128062308,
    "p_le_0": 1.0
  },
  "delta_hash": {
    "mean": -0.011487902428248034,
    "lo95": -0.012305319924050005,
    "hi95": -0.010689251146232679,
    "p_le_0": 1.0
  },
  "k_ctx": 5,
  "ib_clusters": 64,
  "stride": 2,
  "label_mode": "ib",
  "null_label": "C-1",
  "n_clusters": 64,
  "n_gram_order": 3,
  "coverage_train": {
    "full_frac": 0.13603181028119718,
    "backoff_frac": 0.8639681897188028,
    "null_frac": 2.381009071644563e-05
  },
  "coverage_test": {
    "full_frac": 0.0012000666703705762,
    "backoff_frac": 0.9987999333296295,
    "null_frac": 5.555864214678593e-05
  },
  "control": "global",
  "control_tag": "ctrl-global-111"
}