{
  "H_base": 2.826837415247051,
  "H_ib": 2.856129409460881,
  "H_hash": 2.9228223827462037,
  "delta_ib": {
    "mean": 0.029291994213830313,
    "lo95": 0.026966467517039988,
    "hi95": 0.031675221064795755,
    "p_le_0": 0.0
  },
  "delta_hash": {
    "mean": 0.09598496749915289,
    "lo95": 0.09280546219178294,
    "hi95": 0.0991990368090203,
    "p_le_0": 0.0
  },
  "k_ctx": 7,
  "ib_clusters": 64,
  "stride": 1,
  "label_mode": "ib",
  "null_label": "C-1",
  "n_clusters": 64,
  "n_gram_order": 3,
  "coverage_train": {
    "full_frac": 0.022295981294614582,
    "backoff_frac": 0.9777040187053854,
    "null_frac": 3.333444448148272e-05
  },
  "coverage_test": {
    "full_frac": 0.015590101452335182,
    "backoff_frac": 0.9844098985476648,
    "null_frac": 7.778382763103797e-05
  },
  "control": "block",
  "control_tag": "ctrl-block-2-333"
}