{
  "model_runs": 64,
  "valid_metric_runs": 64,
  "metric_name": "delta_ib.mean",
  "mean": -0.0009320268411859187,
  "median": 0.00011476260160405364,
  "std": 0.009840507066048101,
  "min": -0.029590169023621125,
  "max": 0.008832305832387278,
  "robust_median": 0.00011476260160405364,
  "robust_mad": 0.006376652198122635,
  "sinusoid_fit": {
    "amp": 0.007399883004046533,
    "freq": 0.01794047023511756,
    "phase": 2.3647272941221407,
    "offset": -0.0012632271480749724,
    "r2": 0.25823845114477295
  },
  "groups": {
    "k_ctx": {
      "k_ctx": [
        5,
        7
      ],
      "count": [
        32,
        32
      ],
      "mean": [
        -0.006482603674989297,
        0.004618549992617458
      ],
      "median": [
        -0.004229858451414413,
        0.0064914147997266886
      ],
      "std": [
        0.010422135732456697,
        0.005262340219800883
      ]
    },
    "ib_clusters": {
      "ib_clusters": [
        32,
        64
      ],
      "count": [
        32,
        32
      ],
      "mean": [
        0.0028787027772595344,
        -0.004742756459631373
      ],
      "median": [
        0.003188707033153059,
        -0.004229858451414413
      ],
      "std": [
        0.005224578211966877,
        0.01194329084115532
      ]
    },
    "stride": {
      "stride": [
        1,
        2
      ],
      "count": [
        32,
        32
      ],
      "mean": [
        0.0010009998480498144,
        -0.0028650535304216526
      ],
      "median": [
        0.0030113769705295587,
        -0.000245559711599049
      ],
      "std": [
        0.00790576938300439,
        0.011388729999471235
      ]
    },
    "n": {
      "n": [
        3,
        4
      ],
      "count": [
        32,
        32
      ],
      "mean": [
        -0.005275784069947012,
        0.0034117303875751746
      ],
      "median": [
        -0.0036761070773562044,
        0.006295156748579703
      ],
      "std": [
        0.011596724437390503,
        0.005145953653458857
      ]
    },
    "ib_max_contexts": {
      "ib_max_contexts": [
        6000,
        9000
      ],
      "count": [
        32,
        32
      ],
      "mean": [
        -0.000932026841185919,
        -0.000932026841185919
      ],
      "median": [
        0.00011476260160405364,
        0.00011476260160405364
      ],
      "std": [
        0.009997965177075047,
        0.009997965177075047
      ]
    },
    "seed": {
      "seed": [
        111,
        333
      ],
      "count": [
        32,
        32
      ],
      "mean": [
        -0.000932026841185919,
        -0.000932026841185919
      ],
      "median": [
        0.00011476260160405364,
        0.00011476260160405364
      ],
      "std": [
        0.009997965177075048,
        0.009997965177075048
      ]
    }
  },
  "main_effects": {
    "betas": {
      "n_3": -0.2207079760665771,
      "n_4": 0.22070797606657716,
      "k_ctx_5": -0.28202694452612836,
      "k_ctx_7": 0.2820269445261283,
      "ib_clusters_32": 0.19362463810251643,
      "ib_clusters_64": -0.19362463810251632,
      "ib_max_contexts_6000": -2.7755575615628914e-17,
      "ib_max_contexts_9000": -5.551115123125783e-17,
      "stride_1": 0.09821782981770774,
      "stride_2": -0.09821782981770774,
      "seed_111": 8.326672684688674e-17,
      "seed_333": 6.938893903907228e-17
    },
    "betas_group": {
      "n": 0.31212821307726984,
      "k_ctx": 0.3988463299034952,
      "ib_clusters": 0.27382658921416103,
      "ib_max_contexts": 6.206335383118183e-17,
      "stride": 0.13890098699505485,
      "seed": 1.0838898772828417e-16
    },
    "r2": 0.7015539426289974
  }
}