{
  "H_base": 2.9181494235576086,
  "H_ib": 2.918845525032397,
  "H_hash": 2.9202610593702554,
  "delta_ib": {
    "mean": 0.0006961014747882663,
    "lo95": 0.0003694974178831619,
    "hi95": 0.001057829656406433,
    "p_le_0": 0.0
  },
  "delta_hash": {
    "mean": 0.0021116358126471624,
    "lo95": 0.0013065717465835008,
    "hi95": 0.0029020902370447293,
    "p_le_0": 0.0
  },
  "k_ctx": 5,
  "ib_clusters": 32,
  "stride": 2,
  "label_mode": "ib",
  "null_label": "C-1",
  "n_clusters": 32,
  "n_gram_order": 4,
  "coverage_train": {
    "full_frac": 0.10889783090073574,
    "backoff_frac": 0.8911021690992643,
    "null_frac": 2.381009071644563e-05
  },
  "coverage_test": {
    "full_frac": 0.14385243624645813,
    "backoff_frac": 0.8561475637535418,
    "null_frac": 5.555864214678593e-05
  },
  "control": "block",
  "control_tag": "ctrl-block-2-111"
}