{
  "H_base": 5.350822217346962,
  "H_ib": 5.347004114509615,
  "H_hash": 5.012553704004147,
  "delta_ib": {
    "mean": -0.0038181028373463943,
    "lo95": -0.006187789201355534,
    "hi95": -0.0016341087906378852,
    "p_le_0": 1.0
  },
  "delta_hash": {
    "mean": -0.3382685133428148,
    "lo95": -0.3682220809393374,
    "hi95": -0.306341928457978,
    "p_le_0": 1.0
  },
  "k_ctx": 7,
  "ib_clusters": 64,
  "stride": 2,
  "label_mode": "ib",
  "null_label": "C-1",
  "n_clusters": 64,
  "n_gram_order": 3,
  "coverage_train": {
    "full_frac": 0.08403267937531263,
    "backoff_frac": 0.9159673206246873,
    "null_frac": 0.000389040182293114
  },
  "coverage_test": {
    "full_frac": 0.0,
    "backoff_frac": 1.0,
    "null_frac": 0.0035122930255895636
  },
  "control": "block",
  "control_tag": "ctrl-block-2-111"
}