{
  "H_base": 0.8298834922811599,
  "H_ib": 0.8334028147605699,
  "H_hash": 4.414923985485249,
  "delta_ib": {
    "mean": 0.003519322479410042,
    "lo95": -0.005753280140368734,
    "hi95": 0.016208958732553555,
    "p_le_0": 0.304
  },
  "delta_hash": {
    "mean": 3.585040493204089,
    "lo95": 3.524277052632368,
    "hi95": 3.6473026304412954,
    "p_le_0": 0.0
  },
  "k_ctx": 7,
  "ib_clusters": 32,
  "stride": 1,
  "label_mode": "ib",
  "null_label": "C-1",
  "n_clusters": 32,
  "n_gram_order": 4,
  "coverage_train": {
    "full_frac": 0.9729894959150781,
    "backoff_frac": 0.027010504084921914,
    "null_frac": 0.000389040182293114
  },
  "coverage_test": {
    "full_frac": 0.9458103361766181,
    "backoff_frac": 0.054189663823381834,
    "null_frac": 0.0035122930255895636
  },
  "notes": "Bits/token. delta<0 means conditional helps. Hash control preserves label histogram."
}