{
  "model_runs": 64,
  "valid_metric_runs": 64,
  "metric_name": "delta_ib.mean",
  "mean": 0.0017130826839911071,
  "median": 0.0,
  "std": 0.01295678893773178,
  "min": -0.022515159103022465,
  "max": 0.039783427735418715,
  "robust_median": 0.0,
  "robust_mad": 0.0017331307223467322,
  "sinusoid_fit": {
    "amp": 0.012127477785968817,
    "freq": 0.12419209604802402,
    "phase": 1.4240347207278965,
    "offset": 0.0017747428802050817,
    "r2": 0.43748808738515366
  },
  "groups": {
    "k_ctx": {
      "k_ctx": [
        5,
        7
      ],
      "count": [
        32,
        32
      ],
      "mean": [
        0.0017046837681966587,
        0.0017214815997855558
      ],
      "median": [
        0.0,
        -0.0006445952128364934
      ],
      "std": [
        0.00936219908800412,
        0.016091510337885865
      ]
    },
    "ib_clusters": {
      "ib_clusters": [
        32,
        64
      ],
      "count": [
        32,
        32
      ],
      "mean": [
        -0.0005750972354639779,
        0.0040012626034461925
      ],
      "median": [
        0.0,
        0.0
      ],
      "std": [
        0.007537094262742809,
        0.016702410194273397
      ]
    },
    "stride": {
      "stride": [
        1,
        2
      ],
      "count": [
        32,
        32
      ],
      "mean": [
        0.0018363640083687298,
        0.0015898013596134847
      ],
      "median": [
        -0.00046948528330122044,
        0.0
      ],
      "std": [
        0.01419554709590695,
        0.012043366966752435
      ]
    },
    "n": {
      "n": [
        3,
        4
      ],
      "count": [
        32,
        32
      ],
      "mean": [
        0.00409977057842437,
        -0.0006736052104421554
      ],
      "median": [
        0.00022892226781392566,
        0.0
      ],
      "std": [
        0.01827010713338569,
        0.001015257404966704
      ]
    },
    "ib_max_contexts": {
      "ib_max_contexts": [
        6000,
        9000
      ],
      "count": [
        32,
        32
      ],
      "mean": [
        0.0017130826839911073,
        0.0017130826839911073
      ],
      "median": [
        0.0,
        0.0
      ],
      "std": [
        0.013164110724852796,
        0.013164110724852796
      ]
    },
    "seed": {
      "seed": [
        111,
        333
      ],
      "count": [
        32,
        32
      ],
      "mean": [
        0.008090730116447798,
        -0.004664564748465584
      ],
      "median": [
        0.0,
        0.0
      ],
      "std": [
        0.014416730251724456,
        0.007400850199173202
      ]
    }
  },
  "main_effects": {
    "betas": {
      "n_3": 0.09210182115619188,
      "n_4": -0.09210182115619192,
      "k_ctx_5": -0.00032411252523233125,
      "k_ctx_7": 0.00032411252523238676,
      "ib_clusters_32": -0.0883004175813633,
      "ib_clusters_64": 0.08830041758136332,
      "ib_max_contexts_6000": 3.469446951953614e-18,
      "ib_max_contexts_9000": -2.42861286636753e-17,
      "stride_1": 0.004757402304762796,
      "stride_2": -0.0047574023047628235,
      "seed_111": 0.2461121726855927,
      "seed_333": -0.24611217268559282
    },
    "betas_group": {
      "n": 0.13025164459834784,
      "k_ctx": 0.0004583643289185941,
      "ib_clusters": 0.12487564810677168,
      "ib_max_contexts": 2.4532694666933986e-17,
      "stride": 0.006727982861060586,
      "seed": 0.34805517247707446
    },
    "r2": 0.3074946409345396
  }
}