{
  "H_base": 5.0238149504167975,
  "H_ib": 5.0238149504167975,
  "H_hash": 5.001050659577212,
  "delta_ib": {
    "mean": 0.0,
    "lo95": 0.0,
    "hi95": 0.0,
    "p_le_0": 1.0
  },
  "delta_hash": {
    "mean": -0.02276429083958548,
    "lo95": -0.026966929148432035,
    "hi95": -0.018211432671668384,
    "p_le_0": 1.0
  },
  "k_ctx": 5,
  "ib_clusters": 32,
  "stride": 2,
  "label_mode": "ib",
  "null_label": "C-1",
  "n_clusters": 32,
  "n_gram_order": 4,
  "coverage_train": {
    "full_frac": 0.06979716587941094,
    "backoff_frac": 0.930202834120589,
    "null_frac": 0.0002778549597110308
  },
  "coverage_test": {
    "full_frac": 0.0,
    "backoff_frac": 1.0,
    "null_frac": 0.002506265664160401
  },
  "control": "global",
  "control_tag": "ctrl-global-333"
}