{
  "H_base": 3.368985658310953,
  "H_ib": 3.3689256118263216,
  "H_hash": 3.3374110090494904,
  "delta_ib": {
    "mean": -6.00464846315354e-05,
    "lo95": -0.00010427839766923049,
    "hi95": -3.314430895855941e-05,
    "p_le_0": 1.0
  },
  "delta_hash": {
    "mean": -0.0315746492614627,
    "lo95": -0.03285168153427758,
    "hi95": -0.030323660871398195,
    "p_le_0": 1.0
  },
  "k_ctx": 5,
  "ib_clusters": 32,
  "stride": 1,
  "label_mode": "ib",
  "null_label": "C-1",
  "n_clusters": 32,
  "n_gram_order": 3,
  "coverage_train": {
    "full_frac": 0.12623633896045144,
    "backoff_frac": 0.8737636610395486,
    "null_frac": 2.381009071644563e-05
  },
  "coverage_test": {
    "full_frac": 0.0002444580254458581,
    "backoff_frac": 0.9997555419745542,
    "null_frac": 5.555864214678593e-05
  },
  "control": "global",
  "control_tag": "ctrl-global-111"
}