{
  "H_base": 3.9872474191349685,
  "H_ib": 3.9869132217127423,
  "H_hash": 3.9472052543256986,
  "delta_ib": {
    "mean": -0.0003341974222263581,
    "lo95": -0.0005105859564462047,
    "hi95": -0.0001525938757330504,
    "p_le_0": 1.0
  },
  "delta_hash": {
    "mean": -0.040042164809270225,
    "lo95": -0.04333181391733936,
    "hi95": -0.03679988885161734,
    "p_le_0": 1.0
  },
  "k_ctx": 5,
  "ib_clusters": 64,
  "stride": 1,
  "label_mode": "ib",
  "null_label": "C-1",
  "n_clusters": 64,
  "n_gram_order": 4,
  "coverage_train": {
    "full_frac": 0.3571656468011143,
    "backoff_frac": 0.6428343531988857,
    "null_frac": 2.381009071644563e-05
  },
  "coverage_test": {
    "full_frac": 0.036546474804155786,
    "backoff_frac": 0.9634535251958443,
    "null_frac": 5.555864214678593e-05
  },
  "control": "block",
  "control_tag": "ctrl-block-2-111"
}