{
  "H_base": 5.3044212129695225,
  "H_ib": 5.30302033353324,
  "H_hash": 5.01841267701624,
  "delta_ib": {
    "mean": -0.0014008794362821834,
    "lo95": -0.004202638308846551,
    "hi95": 0.0,
    "p_le_0": 1.0
  },
  "delta_hash": {
    "mean": -0.28600853595328213,
    "lo95": -0.38660563436601997,
    "hi95": -0.1943417939243032,
    "p_le_0": 1.0
  },
  "k_ctx": 7,
  "ib_clusters": 32,
  "stride": 2,
  "label_mode": "ib",
  "null_label": "C-1",
  "n_clusters": 32,
  "n_gram_order": 3,
  "coverage_train": {
    "full_frac": 0.06980492413716445,
    "backoff_frac": 0.9301950758628356,
    "null_frac": 0.000389040182293114
  },
  "coverage_test": {
    "full_frac": 0.0,
    "backoff_frac": 1.0,
    "null_frac": 0.0035122930255895636
  },
  "control": "global",
  "control_tag": "ctrl-global-333"
}