{
  "H_base": 1.584976616032563,
  "H_ib": 1.5847250629182836,
  "H_hash": 1.5847501744918482,
  "delta_ib": {
    "mean": -0.0002515531142790761,
    "lo95": -0.0003397984862709139,
    "hi95": -0.00011627182334695191,
    "p_le_0": 0.999
  },
  "delta_hash": {
    "mean": -0.00022644154071463786,
    "lo95": -0.0003190875506052254,
    "hi95": -0.00011388023251625458,
    "p_le_0": 1.0
  },
  "k_ctx": 5,
  "ib_clusters": 32,
  "stride": 1,
  "label_mode": "ib",
  "null_label": "C-1",
  "n_clusters": 32,
  "n_gram_order": 3,
  "coverage_train": {
    "full_frac": 0.7907139402507534,
    "backoff_frac": 0.20928605974924663,
    "null_frac": 3.720376502102013e-05
  },
  "coverage_test": {
    "full_frac": 0.5781751888184739,
    "backoff_frac": 0.42182481118152615,
    "null_frac": 8.681309141418526e-05
  },
  "control": "block",
  "control_tag": "ctrl-block-2-111"
}