{
  "H_base": 5.329132934303331,
  "H_ib": 5.3289789917252035,
  "H_hash": 5.027139696244447,
  "delta_ib": {
    "mean": -0.00015394257812770907,
    "lo95": -0.0025882610267118546,
    "hi95": 0.0033031924848593497,
    "p_le_0": 0.5745
  },
  "delta_hash": {
    "mean": -0.30199323805888395,
    "lo95": -0.34530929588978554,
    "hi95": -0.25860025703705775,
    "p_le_0": 1.0
  },
  "k_ctx": 5,
  "ib_clusters": 32,
  "stride": 2,
  "label_mode": "ib",
  "null_label": "C-1",
  "n_clusters": 32,
  "n_gram_order": 3,
  "coverage_train": {
    "full_frac": 0.07057515976660184,
    "backoff_frac": 0.9294248402333982,
    "null_frac": 0.0002778549597110308
  },
  "coverage_test": {
    "full_frac": 0.0040100250626566416,
    "backoff_frac": 0.9959899749373433,
    "null_frac": 0.002506265664160401
  },
  "control": "block",
  "control_tag": "ctrl-block-2-333"
}