{
  "H_base": 3.35617615401262,
  "H_ib": 3.3599712445407532,
  "H_hash": 3.0457182865547066,
  "delta_ib": {
    "mean": 0.003795090528133248,
    "lo95": 0.003405126946313965,
    "hi95": 0.004193575033587239,
    "p_le_0": 0.0
  },
  "delta_hash": {
    "mean": -0.31045786745791343,
    "lo95": -0.31841422664289987,
    "hi95": -0.30249371075174497,
    "p_le_0": 1.0
  },
  "k_ctx": 7,
  "ib_clusters": 64,
  "stride": 2,
  "label_mode": "ib",
  "null_label": "C-1",
  "n_clusters": 64,
  "n_gram_order": 4,
  "coverage_train": {
    "full_frac": 0.023981903819395356,
    "backoff_frac": 0.9760180961806046,
    "null_frac": 5.2086046148236886e-05
  },
  "coverage_test": {
    "full_frac": 0.0,
    "backoff_frac": 1.0,
    "null_frac": 0.00012154254857361138
  },
  "control": "global",
  "control_tag": "ctrl-global-111"
}