{
  "H_base": 2.453687368234189,
  "H_ib": 2.456819071553029,
  "H_hash": 2.6038799726590933,
  "delta_ib": {
    "mean": 0.003131703318840246,
    "lo95": -0.006520273780792281,
    "hi95": 0.013405584967807313,
    "p_le_0": 0.293
  },
  "delta_hash": {
    "mean": 0.15019260442490448,
    "lo95": 0.11175791620243024,
    "hi95": 0.18680395805148733,
    "p_le_0": 0.0
  },
  "k_ctx": 5,
  "ib_clusters": 64,
  "stride": 1,
  "label_mode": "ib",
  "null_label": "C-1",
  "n_clusters": 64,
  "n_gram_order": 3,
  "coverage_train": {
    "full_frac": 0.1486524034454015,
    "backoff_frac": 0.8513475965545985,
    "null_frac": 0.0002778549597110308
  },
  "coverage_test": {
    "full_frac": 0.03508771929824561,
    "backoff_frac": 0.9649122807017544,
    "null_frac": 0.002506265664160401
  },
  "control": "block",
  "control_tag": "ctrl-block-2-333"
}