{
  "H_base": 0.658829797563314,
  "H_ib": 0.7565605217562382,
  "H_hash": 2.7080621840785586,
  "delta_ib": {
    "mean": 0.09773072419292424,
    "lo95": 0.09243181714441003,
    "hi95": 0.10293494333213146,
    "p_le_0": 0.0
  },
  "delta_hash": {
    "mean": 2.0492323865152446,
    "lo95": 2.0406091418780234,
    "hi95": 2.0571459720750114,
    "p_le_0": 0.0
  },
  "k_ctx": 5,
  "ib_clusters": 32,
  "stride": 1,
  "label_mode": "ib",
  "null_label": "C-1",
  "n_clusters": 32,
  "n_gram_order": 4,
  "coverage_train": {
    "full_frac": 1.0,
    "backoff_frac": 0.0,
    "null_frac": 3.720376502102013e-05
  },
  "coverage_test": {
    "full_frac": 1.0,
    "backoff_frac": 0.0,
    "null_frac": 8.681309141418526e-05
  },
  "notes": "Bits/token. delta<0 means conditional helps. Hash control preserves label histogram."
}