{
  "H_base": 3.9387217552259375,
  "H_ib": 3.9387187210034305,
  "H_hash": 3.9202000599396434,
  "delta_ib": {
    "mean": -3.0342225067392715e-06,
    "lo95": -4.215644743423936e-05,
    "hi95": 2.3543172753174848e-05,
    "p_le_0": 0.514
  },
  "delta_hash": {
    "mean": -0.018521695286293757,
    "lo95": -0.02025961707864454,
    "hi95": -0.01684164379543397,
    "p_le_0": 1.0
  },
  "k_ctx": 5,
  "ib_clusters": 64,
  "stride": 2,
  "label_mode": "ib",
  "null_label": "C-1",
  "n_clusters": 64,
  "n_gram_order": 4,
  "coverage_train": {
    "full_frac": 0.13603181028119718,
    "backoff_frac": 0.8639681897188028,
    "null_frac": 2.381009071644563e-05
  },
  "coverage_test": {
    "full_frac": 0.0012000666703705762,
    "backoff_frac": 0.9987999333296295,
    "null_frac": 5.555864214678593e-05
  },
  "control": "global",
  "control_tag": "ctrl-global-111"
}