{
  "H_base": 5.226308462293641,
  "H_ib": 5.226308462293641,
  "H_hash": 5.161863950429338,
  "delta_ib": {
    "mean": 0.0,
    "lo95": 0.0,
    "hi95": 0.0,
    "p_le_0": 1.0
  },
  "delta_hash": {
    "mean": -0.0644445118643025,
    "lo95": -0.07791455600179152,
    "hi95": -0.04960229974672976,
    "p_le_0": 1.0
  },
  "k_ctx": 5,
  "ib_clusters": 32,
  "stride": 2,
  "label_mode": "ib",
  "null_label": "C-1",
  "n_clusters": 32,
  "n_gram_order": 4,
  "coverage_train": {
    "full_frac": 0.07363156432342317,
    "backoff_frac": 0.9263684356765768,
    "null_frac": 0.0002778549597110308
  },
  "coverage_test": {
    "full_frac": 0.002506265664160401,
    "backoff_frac": 0.9974937343358395,
    "null_frac": 0.002506265664160401
  },
  "control": "block",
  "control_tag": "ctrl-block-2-111"
}