{
  "H_base": 6.269187095126037,
  "H_ib": 6.267894613875677,
  "H_hash": 6.105402607420646,
  "delta_ib": {
    "mean": -0.001292481250360578,
    "lo95": -0.003877443751081734,
    "hi95": 0.0,
    "p_le_0": 1.0
  },
  "delta_hash": {
    "mean": -0.16378448770539106,
    "lo95": -0.29088004793248956,
    "hi95": -0.03772092639271887,
    "p_le_0": 0.996
  },
  "k_ctx": 5,
  "ib_clusters": 64,
  "stride": 2,
  "label_mode": "ib",
  "null_label": "C-1",
  "n_clusters": 64,
  "n_gram_order": 4,
  "coverage_train": {
    "full_frac": 0.13948318977493748,
    "backoff_frac": 0.8605168102250625,
    "null_frac": 0.0002778549597110308
  },
  "coverage_test": {
    "full_frac": 0.07418546365914787,
    "backoff_frac": 0.9258145363408521,
    "null_frac": 0.002506265664160401
  },
  "control": "block",
  "control_tag": "ctrl-block-2-333"
}