{
  "H_base": 5.453434201600999,
  "H_ib": 5.452386504715286,
  "H_hash": 5.4240417573147255,
  "delta_ib": {
    "mean": -0.001047696885712592,
    "lo95": -0.0027142167956116475,
    "hi95": -7.147897692102134e-05,
    "p_le_0": 1.0
  },
  "delta_hash": {
    "mean": -0.029392444286273425,
    "lo95": -0.05007683249242448,
    "hi95": -0.008455418270107299,
    "p_le_0": 0.9965
  },
  "k_ctx": 5,
  "ib_clusters": 64,
  "stride": 1,
  "label_mode": "ib",
  "null_label": "C-1",
  "n_clusters": 64,
  "n_gram_order": 4,
  "coverage_train": {
    "full_frac": 0.1225896082245068,
    "backoff_frac": 0.8774103917754932,
    "null_frac": 0.0002778549597110308
  },
  "coverage_test": {
    "full_frac": 0.015037593984962405,
    "backoff_frac": 0.9849624060150376,
    "null_frac": 0.002506265664160401
  },
  "control": "block",
  "control_tag": "ctrl-block-2-111"
}