{
  "H_base": 5.240673514007461,
  "H_ib": 5.239738331647669,
  "H_hash": 5.013771430800053,
  "delta_ib": {
    "mean": -0.000935182359791702,
    "lo95": -0.0028055470793751057,
    "hi95": 0.0,
    "p_le_0": 1.0
  },
  "delta_hash": {
    "mean": -0.22690208320740818,
    "lo95": -0.2579042386524159,
    "hi95": -0.19759613033966536,
    "p_le_0": 1.0
  },
  "k_ctx": 7,
  "ib_clusters": 64,
  "stride": 1,
  "label_mode": "ib",
  "null_label": "C-1",
  "n_clusters": 64,
  "n_gram_order": 3,
  "coverage_train": {
    "full_frac": 0.08403267937531263,
    "backoff_frac": 0.9159673206246873,
    "null_frac": 0.000389040182293114
  },
  "coverage_test": {
    "full_frac": 0.0,
    "backoff_frac": 1.0,
    "null_frac": 0.0035122930255895636
  },
  "control": "global",
  "control_tag": "ctrl-global-333"
}