{
  "H_base": 5.006814718067479,
  "H_ib": 5.006814718067479,
  "H_hash": 5.001050659577212,
  "delta_ib": {
    "mean": 0.0,
    "lo95": 0.0,
    "hi95": 0.0,
    "p_le_0": 1.0
  },
  "delta_hash": {
    "mean": -0.00576405849026707,
    "lo95": -0.01190747520839856,
    "hi95": 0.0007295780869349646,
    "p_le_0": 0.9535
  },
  "k_ctx": 5,
  "ib_clusters": 32,
  "stride": 1,
  "label_mode": "ib",
  "null_label": "C-1",
  "n_clusters": 32,
  "n_gram_order": 4,
  "coverage_train": {
    "full_frac": 0.07007502083912198,
    "backoff_frac": 0.929924979160878,
    "null_frac": 0.0002778549597110308
  },
  "coverage_test": {
    "full_frac": 0.0,
    "backoff_frac": 1.0,
    "null_frac": 0.002506265664160401
  },
  "control": "global",
  "control_tag": "ctrl-global-333"
}