{
  "H_base": 3.1297911462514882,
  "H_ib": 3.131008825523935,
  "H_hash": 3.1276373439284137,
  "delta_ib": {
    "mean": 0.0012176792724466748,
    "lo95": 0.0006803416866368838,
    "hi95": 0.001820879411961029,
    "p_le_0": 0.0
  },
  "delta_hash": {
    "mean": -0.002153802323074514,
    "lo95": -0.0037732282787212605,
    "hi95": -0.0005783026044846949,
    "p_le_0": 0.997
  },
  "k_ctx": 5,
  "ib_clusters": 64,
  "stride": 2,
  "label_mode": "ib",
  "null_label": "C-1",
  "n_clusters": 64,
  "n_gram_order": 4,
  "coverage_train": {
    "full_frac": 0.08208290673587466,
    "backoff_frac": 0.9179170932641253,
    "null_frac": 2.381009071644563e-05
  },
  "coverage_test": {
    "full_frac": 0.05611422856825379,
    "backoff_frac": 0.9438857714317462,
    "null_frac": 5.555864214678593e-05
  },
  "control": "global",
  "control_tag": "ctrl-global-111"
}