{
  "H_base": 0.25323905184924045,
  "H_ib": 0.26004075655288367,
  "H_hash": 4.803195132712278,
  "delta_ib": {
    "mean": 0.006801704703643234,
    "lo95": -0.006672662564510221,
    "hi95": 0.028682140319810336,
    "p_le_0": 0.3365
  },
  "delta_hash": {
    "mean": 4.549956080863038,
    "lo95": 4.4992443016283215,
    "hi95": 4.601378734346795,
    "p_le_0": 0.0
  },
  "k_ctx": 7,
  "ib_clusters": 64,
  "stride": 2,
  "label_mode": "ib",
  "null_label": "C-1",
  "n_clusters": 64,
  "n_gram_order": 3,
  "coverage_train": {
    "full_frac": 0.999944422831101,
    "backoff_frac": 5.557716889901629e-05,
    "null_frac": 0.000389040182293114
  },
  "coverage_test": {
    "full_frac": 1.0,
    "backoff_frac": 0.0,
    "null_frac": 0.0035122930255895636
  },
  "control": "none",
  "control_tag": "true",
  "notes": "Bits/token. delta<0 helps. Hash control preserves label histogram."
}