{
  "H_base": 3.113939798480821,
  "H_ib": 3.1148292697061155,
  "H_hash": 3.1125536498594113,
  "delta_ib": {
    "mean": 0.0008894712252944398,
    "lo95": 0.0006001212008828878,
    "hi95": 0.0011541160765328774,
    "p_le_0": 0.0
  },
  "delta_hash": {
    "mean": -0.001386148621409689,
    "lo95": -0.0031823999053190604,
    "hi95": 0.00028784904068118424,
    "p_le_0": 0.948
  },
  "k_ctx": 5,
  "ib_clusters": 32,
  "stride": 2,
  "label_mode": "ib",
  "null_label": "C-1",
  "n_clusters": 32,
  "n_gram_order": 4,
  "coverage_train": {
    "full_frac": 0.48847055321998584,
    "backoff_frac": 0.5115294467800141,
    "null_frac": 3.720376502102013e-05
  },
  "coverage_test": {
    "full_frac": 0.48962583557600486,
    "backoff_frac": 0.5103741644239952,
    "null_frac": 8.681309141418526e-05
  },
  "control": "block",
  "control_tag": "ctrl-block-2-333"
}