{
  "H_base": 3.0077488054697,
  "H_ib": 3.031311887168863,
  "H_hash": 3.033675183396369,
  "delta_ib": {
    "mean": 0.023563081699162863,
    "lo95": 0.0215240394687418,
    "hi95": 0.02563050817102686,
    "p_le_0": 0.0
  },
  "delta_hash": {
    "mean": 0.025926377926668773,
    "lo95": 0.022834514815075847,
    "hi95": 0.02904883439308432,
    "p_le_0": 0.0
  },
  "k_ctx": 7,
  "ib_clusters": 64,
  "stride": 1,
  "label_mode": "ib",
  "null_label": "C-1",
  "n_clusters": 64,
  "n_gram_order": 3,
  "coverage_train": {
    "full_frac": 0.016157681446524408,
    "backoff_frac": 0.9838423185534756,
    "null_frac": 3.333444448148272e-05
  },
  "coverage_test": {
    "full_frac": 0.0009111819808207305,
    "backoff_frac": 0.9990888180191793,
    "null_frac": 7.778382763103797e-05
  },
  "control": "global",
  "control_tag": "ctrl-global-111"
}