{
  "H_base": 3.7509649830559657,
  "H_ib": 3.7506435618732485,
  "H_hash": 3.46806534285831,
  "delta_ib": {
    "mean": -0.00032142118271735433,
    "lo95": -0.0003559739598594699,
    "hi95": -0.00028847551148882553,
    "p_le_0": 1.0
  },
  "delta_hash": {
    "mean": -0.28289964019765595,
    "lo95": -0.30291510730108867,
    "hi95": -0.26277262474952634,
    "p_le_0": 1.0
  },
  "k_ctx": 5,
  "ib_clusters": 32,
  "stride": 2,
  "label_mode": "ib",
  "null_label": "C-1",
  "n_clusters": 32,
  "n_gram_order": 4,
  "coverage_train": {
    "full_frac": 0.1349082927192232,
    "backoff_frac": 0.8338479854161241,
    "null_frac": 0.031280925629673724
  },
  "coverage_test": {
    "full_frac": 0.04861533119194374,
    "backoff_frac": 0.5990103307578782,
    "null_frac": 0.35246115114159215
  },
  "control": "global",
  "control_tag": "ctrl-global-333"
}