{
  "H_base": 5.955651825158045,
  "H_ib": 5.953050566964123,
  "H_hash": 5.0671769498286325,
  "delta_ib": {
    "mean": -0.0026012581939213546,
    "lo95": -0.008133097149259218,
    "hi95": 0.0002195483783301022,
    "p_le_0": 0.77
  },
  "delta_hash": {
    "mean": -0.888474875329412,
    "lo95": -1.3992702138765316,
    "hi95": -0.30897736721703795,
    "p_le_0": 0.999
  },
  "k_ctx": 7,
  "ib_clusters": 64,
  "stride": 2,
  "label_mode": "ib",
  "null_label": "C-1",
  "n_clusters": 64,
  "n_gram_order": 4,
  "coverage_train": {
    "full_frac": 0.08586672594898016,
    "backoff_frac": 0.9141332740510199,
    "null_frac": 0.000389040182293114
  },
  "coverage_test": {
    "full_frac": 0.0,
    "backoff_frac": 1.0,
    "null_frac": 0.0035122930255895636
  },
  "control": "block",
  "control_tag": "ctrl-block-2-111"
}