{
  "H_base": 1.5365414798745765,
  "H_ib": 1.54329679155685,
  "H_hash": 1.6854347119105026,
  "delta_ib": {
    "mean": 0.006755311682273464,
    "lo95": 0.0007690078996068382,
    "hi95": 0.01459583146099879,
    "p_le_0": 0.005
  },
  "delta_hash": {
    "mean": 0.1488932320359261,
    "lo95": 0.11990251980569264,
    "hi95": 0.18006350422951178,
    "p_le_0": 0.0
  },
  "k_ctx": 5,
  "ib_clusters": 64,
  "stride": 2,
  "label_mode": "ib",
  "null_label": "C-1",
  "n_clusters": 64,
  "n_gram_order": 3,
  "coverage_train": {
    "full_frac": 0.13720477910530704,
    "backoff_frac": 0.862795220894693,
    "null_frac": 0.0002778549597110308
  },
  "coverage_test": {
    "full_frac": 0.02406015037593985,
    "backoff_frac": 0.9759398496240601,
    "null_frac": 0.002506265664160401
  },
  "control": "block",
  "control_tag": "ctrl-block-2-111"
}