{
  "H_base": 1.592939637535344,
  "H_ib": 1.635858715109412,
  "H_hash": 1.6464258341887754,
  "delta_ib": {
    "mean": 0.04291907757406796,
    "lo95": 0.040687592207468995,
    "hi95": 0.04504911984942485,
    "p_le_0": 0.0
  },
  "delta_hash": {
    "mean": 0.05348619665343127,
    "lo95": 0.051473013554753595,
    "hi95": 0.05537830285360719,
    "p_le_0": 0.0
  },
  "k_ctx": 5,
  "ib_clusters": 64,
  "stride": 2,
  "label_mode": "ib",
  "null_label": "C-1",
  "n_clusters": 64,
  "n_gram_order": 3,
  "coverage_train": {
    "full_frac": 0.5065813460322185,
    "backoff_frac": 0.49341865396778156,
    "null_frac": 3.720376502102013e-05
  },
  "coverage_test": {
    "full_frac": 0.5347686431113812,
    "backoff_frac": 0.46523135688861883,
    "null_frac": 8.681309141418526e-05
  },
  "control": "block",
  "control_tag": "ctrl-block-2-333"
}