{
  "H_base": 2.953749389174371,
  "H_ib": 2.9554528161259817,
  "H_hash": 3.018341710449274,
  "delta_ib": {
    "mean": 0.0017034269516108791,
    "lo95": -0.0015326547847976256,
    "hi95": 0.007212330631102834,
    "p_le_0": 0.3515
  },
  "delta_hash": {
    "mean": 0.06459232127490304,
    "lo95": 0.03919673112269798,
    "hi95": 0.08809508270044275,
    "p_le_0": 0.0
  },
  "k_ctx": 5,
  "ib_clusters": 32,
  "stride": 2,
  "label_mode": "ib",
  "null_label": "C-1",
  "n_clusters": 32,
  "n_gram_order": 3,
  "coverage_train": {
    "full_frac": 0.08863573214781884,
    "backoff_frac": 0.9113642678521812,
    "null_frac": 0.0002778549597110308
  },
  "coverage_test": {
    "full_frac": 0.010025062656641603,
    "backoff_frac": 0.9899749373433584,
    "null_frac": 0.002506265664160401
  },
  "control": "block",
  "control_tag": "ctrl-block-2-111"
}