{
  "H_base": 1.592939637535344,
  "H_ib": 1.5932350364851895,
  "H_hash": 2.2571042252561995,
  "delta_ib": {
    "mean": 0.0002953989498454474,
    "lo95": 0.0002643059093086214,
    "hi95": 0.00032660099289356817,
    "p_le_0": 0.0
  },
  "delta_hash": {
    "mean": 0.6641645877208555,
    "lo95": 0.6545653853838118,
    "hi95": 0.6736446810467782,
    "p_le_0": 0.0
  },
  "k_ctx": 7,
  "ib_clusters": 32,
  "stride": 2,
  "label_mode": "ib",
  "null_label": "C-1",
  "n_clusters": 32,
  "n_gram_order": 3,
  "coverage_train": {
    "full_frac": 0.18348425885276762,
    "backoff_frac": 0.7852641134582903,
    "null_frac": 0.03130371373509037
  },
  "coverage_test": {
    "full_frac": 0.034726442449603254,
    "backoff_frac": 0.6129217092354974,
    "null_frac": 0.352473390863473
  },
  "control": "block",
  "control_tag": "ctrl-block-2-333"
}