{
  "H_base": 5.255782971086175,
  "H_ib": 5.255432751227104,
  "H_hash": 5.00716872613336,
  "delta_ib": {
    "mean": -0.00035021985907054585,
    "lo95": -0.0010506595772116377,
    "hi95": 0.0,
    "p_le_0": 1.0
  },
  "delta_hash": {
    "mean": -0.24861424495281487,
    "lo95": -0.2731279384613529,
    "hi95": -0.22609417040510912,
    "p_le_0": 1.0
  },
  "k_ctx": 5,
  "ib_clusters": 64,
  "stride": 1,
  "label_mode": "ib",
  "null_label": "C-1",
  "n_clusters": 64,
  "n_gram_order": 3,
  "coverage_train": {
    "full_frac": 0.08435676576826896,
    "backoff_frac": 0.915643234231731,
    "null_frac": 0.0002778549597110308
  },
  "coverage_test": {
    "full_frac": 0.0,
    "backoff_frac": 1.0,
    "null_frac": 0.002506265664160401
  },
  "control": "global",
  "control_tag": "ctrl-global-333"
}