{
  "H_base": 6.003241189041754,
  "H_ib": 6.001955786822891,
  "H_hash": 5.05140731922878,
  "delta_ib": {
    "mean": -0.0012854022188622477,
    "lo95": -0.0038562066565867434,
    "hi95": 0.0,
    "p_le_0": 1.0
  },
  "delta_hash": {
    "mean": -0.9518338698129741,
    "lo95": -1.0455638550134996,
    "hi95": -0.850559479564612,
    "p_le_0": 1.0
  },
  "k_ctx": 7,
  "ib_clusters": 64,
  "stride": 2,
  "label_mode": "ib",
  "null_label": "C-1",
  "n_clusters": 64,
  "n_gram_order": 4,
  "coverage_train": {
    "full_frac": 0.08525537709109098,
    "backoff_frac": 0.914744622908909,
    "null_frac": 0.000389040182293114
  },
  "coverage_test": {
    "full_frac": 0.0,
    "backoff_frac": 1.0,
    "null_frac": 0.0035122930255895636
  },
  "control": "block",
  "control_tag": "ctrl-block-2-333"
}