{
  "H_base": 5.329132934303331,
  "H_ib": 5.326185774686263,
  "H_hash": 5.011950499582421,
  "delta_ib": {
    "mean": -0.0029471596170678378,
    "lo95": -0.004299202920887766,
    "hi95": -0.0013849186640267966,
    "p_le_0": 0.9995
  },
  "delta_hash": {
    "mean": -0.3171824347209101,
    "lo95": -0.3626548281735126,
    "hi95": -0.2737390656454955,
    "p_le_0": 1.0
  },
  "k_ctx": 7,
  "ib_clusters": 64,
  "stride": 2,
  "label_mode": "ib",
  "null_label": "C-1",
  "n_clusters": 64,
  "n_gram_order": 3,
  "coverage_train": {
    "full_frac": 0.08403267937531263,
    "backoff_frac": 0.9159673206246873,
    "null_frac": 0.000389040182293114
  },
  "coverage_test": {
    "full_frac": 0.0,
    "backoff_frac": 1.0,
    "null_frac": 0.0035122930255895636
  },
  "control": "block",
  "control_tag": "ctrl-block-2-333"
}