{
  "H_base": 5.3044212129695225,
  "H_ib": 5.303720773251381,
  "H_hash": 5.013859818848323,
  "delta_ib": {
    "mean": -0.0007004397181410917,
    "lo95": -0.0021013191544232753,
    "hi95": 0.0,
    "p_le_0": 1.0
  },
  "delta_hash": {
    "mean": -0.2905613941211992,
    "lo95": -0.39385524377528985,
    "hi95": -0.19557265366049617,
    "p_le_0": 1.0
  },
  "k_ctx": 5,
  "ib_clusters": 64,
  "stride": 1,
  "label_mode": "ib",
  "null_label": "C-1",
  "n_clusters": 64,
  "n_gram_order": 3,
  "coverage_train": {
    "full_frac": 0.08435676576826896,
    "backoff_frac": 0.915643234231731,
    "null_frac": 0.0002778549597110308
  },
  "coverage_test": {
    "full_frac": 0.0,
    "backoff_frac": 1.0,
    "null_frac": 0.002506265664160401
  },
  "control": "global",
  "control_tag": "ctrl-global-333"
}