{
  "H_base": 5.249501140039261,
  "H_ib": 5.248562169472658,
  "H_hash": 5.012023404066694,
  "delta_ib": {
    "mean": -0.0009389705666024409,
    "lo95": -0.0018779411332048817,
    "hi95": -0.00023474264165061022,
    "p_le_0": 1.0
  },
  "delta_hash": {
    "mean": -0.2374777359725667,
    "lo95": -0.265061958566658,
    "hi95": -0.20718196555593993,
    "p_le_0": 1.0
  },
  "k_ctx": 7,
  "ib_clusters": 32,
  "stride": 1,
  "label_mode": "ib",
  "null_label": "C-1",
  "n_clusters": 32,
  "n_gram_order": 4,
  "coverage_train": {
    "full_frac": 0.06986050130606347,
    "backoff_frac": 0.9301394986939365,
    "null_frac": 0.000389040182293114
  },
  "coverage_test": {
    "full_frac": 0.0,
    "backoff_frac": 1.0,
    "null_frac": 0.0035122930255895636
  },
  "control": "block",
  "control_tag": "ctrl-block-2-333"
}