{
  "H_base": 2.82556404821523,
  "H_ib": 2.856993205096447,
  "H_hash": 2.9525441208517766,
  "delta_ib": {
    "mean": 0.03142915688121694,
    "lo95": 0.029011374667489476,
    "hi95": 0.03399437634142691,
    "p_le_0": 0.0
  },
  "delta_hash": {
    "mean": 0.12698007263654656,
    "lo95": 0.12347653638152592,
    "hi95": 0.1303173747069432,
    "p_le_0": 0.0
  },
  "k_ctx": 7,
  "ib_clusters": 64,
  "stride": 1,
  "label_mode": "ib",
  "null_label": "C-1",
  "n_clusters": 64,
  "n_gram_order": 3,
  "coverage_train": {
    "full_frac": 0.02211978494521246,
    "backoff_frac": 0.9778802150547875,
    "null_frac": 3.333444448148272e-05
  },
  "coverage_test": {
    "full_frac": 0.015779005033724845,
    "backoff_frac": 0.9842209949662751,
    "null_frac": 7.778382763103797e-05
  },
  "control": "block",
  "control_tag": "ctrl-block-2-111"
}