{
  "H_base": 5.249501140039261,
  "H_ib": 5.249501140039261,
  "H_hash": 5.228575066181222,
  "delta_ib": {
    "mean": 0.0,
    "lo95": 0.0,
    "hi95": 0.0,
    "p_le_0": 1.0
  },
  "delta_hash": {
    "mean": -0.020926073858038706,
    "lo95": -0.0299981068886536,
    "hi95": -0.011490323682712482,
    "p_le_0": 1.0
  },
  "k_ctx": 5,
  "ib_clusters": 64,
  "stride": 1,
  "label_mode": "ib",
  "null_label": "C-1",
  "n_clusters": 64,
  "n_gram_order": 4,
  "coverage_train": {
    "full_frac": 0.09363712142261739,
    "backoff_frac": 0.9063628785773826,
    "null_frac": 0.0002778549597110308
  },
  "coverage_test": {
    "full_frac": 0.007017543859649123,
    "backoff_frac": 0.9929824561403509,
    "null_frac": 0.002506265664160401
  },
  "control": "block",
  "control_tag": "ctrl-block-2-333"
}