{
  "H_base": 3.9872474191349685,
  "H_ib": 3.9869133017123697,
  "H_hash": 3.976105059897096,
  "delta_ib": {
    "mean": -0.00033411742259877963,
    "lo95": -0.00045143670218973745,
    "hi95": -0.00022627543847799313,
    "p_le_0": 1.0
  },
  "delta_hash": {
    "mean": -0.011142359237872452,
    "lo95": -0.012957336630238018,
    "hi95": -0.009424294333940967,
    "p_le_0": 1.0
  },
  "k_ctx": 7,
  "ib_clusters": 64,
  "stride": 1,
  "label_mode": "ib",
  "null_label": "C-1",
  "n_clusters": 64,
  "n_gram_order": 4,
  "coverage_train": {
    "full_frac": 0.04442529036682175,
    "backoff_frac": 0.9555747096331783,
    "null_frac": 3.333444448148272e-05
  },
  "coverage_test": {
    "full_frac": 0.000333359261275877,
    "backoff_frac": 0.9996666407387241,
    "null_frac": 7.778382763103797e-05
  },
  "control": "block",
  "control_tag": "ctrl-block-2-111"
}