{
  "H_base": 1.5365414798745765,
  "H_ib": 1.5401646517650525,
  "H_hash": 1.5540374489325546,
  "delta_ib": {
    "mean": 0.003623171890475928,
    "lo95": -0.0003159933983478123,
    "hi95": 0.010803890173718233,
    "p_le_0": 0.121
  },
  "delta_hash": {
    "mean": 0.01749596905797801,
    "lo95": 0.007408582619797629,
    "hi95": 0.02891683209233678,
    "p_le_0": 0.0
  },
  "k_ctx": 5,
  "ib_clusters": 64,
  "stride": 1,
  "label_mode": "ib",
  "null_label": "C-1",
  "n_clusters": 64,
  "n_gram_order": 3,
  "coverage_train": {
    "full_frac": 0.1783828841344818,
    "backoff_frac": 0.8216171158655182,
    "null_frac": 0.0002778549597110308
  },
  "coverage_test": {
    "full_frac": 0.08922305764411027,
    "backoff_frac": 0.9107769423558897,
    "null_frac": 0.002506265664160401
  },
  "control": "block",
  "control_tag": "ctrl-block-2-111"
}