{
  "H_base": 1.5365414798745765,
  "H_ib": 1.7544767334660947,
  "H_hash": 4.68434590876557,
  "delta_ib": {
    "mean": 0.2179352535915181,
    "lo95": 0.06348524683795746,
    "hi95": 0.4690136172951823,
    "p_le_0": 0.0
  },
  "delta_hash": {
    "mean": 3.147804428890993,
    "lo95": 3.0389487790410668,
    "hi95": 3.245186646657615,
    "p_le_0": 0.0
  },
  "k_ctx": 7,
  "ib_clusters": 64,
  "stride": 1,
  "label_mode": "ib",
  "null_label": "C-1",
  "n_clusters": 64,
  "n_gram_order": 3,
  "coverage_train": {
    "full_frac": 0.0877007725226477,
    "backoff_frac": 0.9122992274773523,
    "null_frac": 0.000389040182293114
  },
  "coverage_test": {
    "full_frac": 0.0,
    "backoff_frac": 1.0,
    "null_frac": 0.0035122930255895636
  },
  "control": "block",
  "control_tag": "ctrl-block-2-111"
}