{
  "H_base": 4.173673950432172,
  "H_ib": 4.1730682673556885,
  "H_hash": 3.430942208088597,
  "delta_ib": {
    "mean": -0.0006056830764828837,
    "lo95": -0.0006692797995135865,
    "hi95": -0.0005431452360691577,
    "p_le_0": 1.0
  },
  "delta_hash": {
    "mean": -0.7427317423435748,
    "lo95": -0.7608530413505527,
    "hi95": -0.7252137245375636,
    "p_le_0": 1.0
  },
  "k_ctx": 5,
  "ib_clusters": 32,
  "stride": 2,
  "label_mode": "ib",
  "null_label": "C-1",
  "n_clusters": 32,
  "n_gram_order": 3,
  "coverage_train": {
    "full_frac": 0.13297369693813013,
    "backoff_frac": 0.8357825811972172,
    "null_frac": 0.031280925629673724
  },
  "coverage_test": {
    "full_frac": 0.041670283878808924,
    "backoff_frac": 0.6059553780710131,
    "null_frac": 0.35246115114159215
  },
  "control": "global",
  "control_tag": "ctrl-global-111"
}