{
  "H_base": 5.350822217346962,
  "H_ib": 5.347429803958616,
  "H_hash": 5.01340653633233,
  "delta_ib": {
    "mean": -0.0033924133883455085,
    "lo95": -0.005594625075854999,
    "hi95": -0.0012923916602940349,
    "p_le_0": 1.0
  },
  "delta_hash": {
    "mean": -0.33741568101463093,
    "lo95": -0.36931781511209133,
    "hi95": -0.30312710316016206,
    "p_le_0": 1.0
  },
  "k_ctx": 7,
  "ib_clusters": 32,
  "stride": 2,
  "label_mode": "ib",
  "null_label": "C-1",
  "n_clusters": 32,
  "n_gram_order": 3,
  "coverage_train": {
    "full_frac": 0.06980492413716445,
    "backoff_frac": 0.9301950758628356,
    "null_frac": 0.000389040182293114
  },
  "coverage_test": {
    "full_frac": 0.0,
    "backoff_frac": 1.0,
    "null_frac": 0.0035122930255895636
  },
  "control": "block",
  "control_tag": "ctrl-block-2-111"
}