{
  "H_base": 3.9872474191349685,
  "H_ib": 3.986931818956012,
  "H_hash": 3.9470000289664724,
  "delta_ib": {
    "mean": -0.00031560017895658054,
    "lo95": -0.0004515742613320936,
    "hi95": -0.00018681169250801903,
    "p_le_0": 1.0
  },
  "delta_hash": {
    "mean": -0.04024739016849645,
    "lo95": -0.04445362178336182,
    "hi95": -0.036300102653752886,
    "p_le_0": 1.0
  },
  "k_ctx": 7,
  "ib_clusters": 64,
  "stride": 2,
  "label_mode": "ib",
  "null_label": "C-1",
  "n_clusters": 64,
  "n_gram_order": 4,
  "coverage_train": {
    "full_frac": 0.038082221788345326,
    "backoff_frac": 0.9619177782116547,
    "null_frac": 3.333444448148272e-05
  },
  "coverage_test": {
    "full_frac": 0.00032224728590001444,
    "backoff_frac": 0.9996777527141,
    "null_frac": 7.778382763103797e-05
  },
  "control": "block",
  "control_tag": "ctrl-block-2-111"
}