{
  "H_base": 2.9181494235576086,
  "H_ib": 2.9297365060949674,
  "H_hash": 2.986417588663532,
  "delta_ib": {
    "mean": 0.011587082537358956,
    "lo95": 0.009983478461043518,
    "hi95": 0.0131096423476254,
    "p_le_0": 0.0
  },
  "delta_hash": {
    "mean": 0.06826816510592344,
    "lo95": 0.06359376428017716,
    "hi95": 0.07293247376726769,
    "p_le_0": 0.0
  },
  "k_ctx": 7,
  "ib_clusters": 64,
  "stride": 2,
  "label_mode": "ib",
  "null_label": "C-1",
  "n_clusters": 64,
  "n_gram_order": 4,
  "coverage_train": {
    "full_frac": 0.017324387003376303,
    "backoff_frac": 0.9826756129966236,
    "null_frac": 3.333444448148272e-05
  },
  "coverage_test": {
    "full_frac": 0.00956741079861767,
    "backoff_frac": 0.9904325892013823,
    "null_frac": 7.778382763103797e-05
  },
  "control": "block",
  "control_tag": "ctrl-block-2-111"
}