{
  "H_base": 3.113939798480821,
  "H_ib": 3.1140813869393242,
  "H_hash": 3.114210248496036,
  "delta_ib": {
    "mean": 0.00014158845850337627,
    "lo95": -0.00012807689767054415,
    "hi95": 0.0002943091954905658,
    "p_le_0": 0.102
  },
  "delta_hash": {
    "mean": 0.0002704500152150652,
    "lo95": 0.00016051678711366763,
    "hi95": 0.00036881609190710286,
    "p_le_0": 0.0
  },
  "k_ctx": 7,
  "ib_clusters": 64,
  "stride": 2,
  "label_mode": "ib",
  "null_label": "C-1",
  "n_clusters": 64,
  "n_gram_order": 4,
  "coverage_train": {
    "full_frac": 0.2055240972372073,
    "backoff_frac": 0.7944759027627927,
    "null_frac": 5.2086046148236886e-05
  },
  "coverage_test": {
    "full_frac": 0.034726442449603254,
    "backoff_frac": 0.9652735575503968,
    "null_frac": 0.00012154254857361138
  },
  "control": "block",
  "control_tag": "ctrl-block-2-333"
}