{
  "H_base": 3.113939798480821,
  "H_ib": 3.1152149604444586,
  "H_hash": 2.883567165250701,
  "delta_ib": {
    "mean": 0.00127516196363771,
    "lo95": 0.0012656753043512026,
    "hi95": 0.001285036328066219,
    "p_le_0": 0.0
  },
  "delta_hash": {
    "mean": -0.23037263323012006,
    "lo95": -0.2480717171486987,
    "hi95": -0.21246502875592263,
    "p_le_0": 1.0
  },
  "k_ctx": 7,
  "ib_clusters": 64,
  "stride": 1,
  "label_mode": "ib",
  "null_label": "C-1",
  "n_clusters": 64,
  "n_gram_order": 4,
  "coverage_train": {
    "full_frac": 0.26284107059147427,
    "backoff_frac": 0.7059073017195836,
    "null_frac": 0.03130371373509037
  },
  "coverage_test": {
    "full_frac": 0.07639817338912715,
    "backoff_frac": 0.5712499782959735,
    "null_frac": 0.352473390863473
  },
  "control": "block",
  "control_tag": "ctrl-block-2-333"
}