{
  "H_base": 3.9183900814098047,
  "H_ib": 3.9215623202249152,
  "H_hash": 4.00784043846449,
  "delta_ib": {
    "mean": 0.003172238815110629,
    "lo95": -5.9218391799731874e-05,
    "hi95": 0.008418250109858846,
    "p_le_0": 0.0295
  },
  "delta_hash": {
    "mean": 0.08945035705468557,
    "lo95": 0.04149315927688495,
    "hi95": 0.1532037667191689,
    "p_le_0": 0.0005
  },
  "k_ctx": 5,
  "ib_clusters": 64,
  "stride": 2,
  "label_mode": "ib",
  "null_label": "C-1",
  "n_clusters": 64,
  "n_gram_order": 3,
  "coverage_train": {
    "full_frac": 0.09085857182550708,
    "backoff_frac": 0.909141428174493,
    "null_frac": 0.0002778549597110308
  },
  "coverage_test": {
    "full_frac": 0.0005012531328320802,
    "backoff_frac": 0.9994987468671679,
    "null_frac": 0.002506265664160401
  },
  "control": "block",
  "control_tag": "ctrl-block-2-111"
}