{
  "H_base": 3.1297911462514882,
  "H_ib": 3.1352070540635446,
  "H_hash": 3.0145004075258224,
  "delta_ib": {
    "mean": 0.005415907812056085,
    "lo95": 0.0043137016415064865,
    "hi95": 0.006520499944149351,
    "p_le_0": 0.0
  },
  "delta_hash": {
    "mean": -0.11529073872566613,
    "lo95": -0.12086702300998986,
    "hi95": -0.1100093101003267,
    "p_le_0": 1.0
  },
  "k_ctx": 7,
  "ib_clusters": 32,
  "stride": 2,
  "label_mode": "ib",
  "null_label": "C-1",
  "n_clusters": 32,
  "n_gram_order": 4,
  "coverage_train": {
    "full_frac": 0.01249089255356131,
    "backoff_frac": 0.9875091074464387,
    "null_frac": 3.333444448148272e-05
  },
  "coverage_test": {
    "full_frac": 0.0007333903748069294,
    "backoff_frac": 0.9992666096251931,
    "null_frac": 7.778382763103797e-05
  },
  "control": "global",
  "control_tag": "ctrl-global-111"
}