{
  "H_base": 3.4425993180014416,
  "H_ib": 3.441971475869814,
  "H_hash": 3.437845450101899,
  "delta_ib": {
    "mean": -0.000627842131627652,
    "lo95": -0.0009930507149830978,
    "hi95": -0.00027735550845866294,
    "p_le_0": 1.0
  },
  "delta_hash": {
    "mean": -0.004753867899542399,
    "lo95": -0.005832913996349722,
    "hi95": -0.003674691921612876,
    "p_le_0": 1.0
  },
  "k_ctx": 7,
  "ib_clusters": 64,
  "stride": 1,
  "label_mode": "ib",
  "null_label": "C-1",
  "n_clusters": 64,
  "n_gram_order": 3,
  "coverage_train": {
    "full_frac": 0.04442529036682175,
    "backoff_frac": 0.9555747096331783,
    "null_frac": 3.333444448148272e-05
  },
  "coverage_test": {
    "full_frac": 0.000333359261275877,
    "backoff_frac": 0.9996666407387241,
    "null_frac": 7.778382763103797e-05
  },
  "control": "block",
  "control_tag": "ctrl-block-2-111"
}