{
  "H_base": 0.8567149276710206,
  "H_ib": 0.8135478990896172,
  "H_hash": 4.652738535221006,
  "delta_ib": {
    "mean": -0.043167028581403394,
    "lo95": -0.05673329434726279,
    "hi95": -0.02879159303950066,
    "p_le_0": 1.0
  },
  "delta_hash": {
    "mean": 3.7960236075499862,
    "lo95": 3.7353242886296774,
    "hi95": 3.853471639792748,
    "p_le_0": 0.0
  },
  "k_ctx": 5,
  "ib_clusters": 32,
  "stride": 1,
  "label_mode": "ib",
  "null_label": "C-1",
  "n_clusters": 32,
  "n_gram_order": 3,
  "coverage_train": {
    "full_frac": 1.0,
    "backoff_frac": 0.0,
    "null_frac": 0.0002778549597110308
  },
  "coverage_test": {
    "full_frac": 0.9989974937343359,
    "backoff_frac": 0.0010025062656641604,
    "null_frac": 0.002506265664160401
  },
  "notes": "Bits/token. delta<0 means conditional helps. Hash control preserves label histogram."
}