{
  "H_base": 0.8567149276710206,
  "H_ib": 0.8077525737881155,
  "H_hash": 4.890863311831768,
  "delta_ib": {
    "mean": -0.04896235388290516,
    "lo95": -0.063650941850944,
    "hi95": -0.03427817975130439,
    "p_le_0": 1.0
  },
  "delta_hash": {
    "mean": 4.034148384160748,
    "lo95": 3.9883756474420204,
    "hi95": 4.0770875572720175,
    "p_le_0": 0.0
  },
  "k_ctx": 5,
  "ib_clusters": 64,
  "stride": 1,
  "label_mode": "ib",
  "null_label": "C-1",
  "n_clusters": 64,
  "n_gram_order": 3,
  "coverage_train": {
    "full_frac": 1.0,
    "backoff_frac": 0.0,
    "null_frac": 0.0002778549597110308
  },
  "coverage_test": {
    "full_frac": 0.9989974937343359,
    "backoff_frac": 0.0010025062656641604,
    "null_frac": 0.002506265664160401
  },
  "notes": "Bits/token. delta<0 means conditional helps. Hash control preserves label histogram."
}