{
  "H_base": 1.510751789693792,
  "H_ib": 1.599746398541099,
  "H_hash": 4.720308764853046,
  "delta_ib": {
    "mean": 0.08899460884730682,
    "lo95": 0.042422399931595786,
    "hi95": 0.1423638017297629,
    "p_le_0": 0.0
  },
  "delta_hash": {
    "mean": 3.209556975159254,
    "lo95": 3.1434521308916943,
    "hi95": 3.273597248870108,
    "p_le_0": 0.0
  },
  "k_ctx": 7,
  "ib_clusters": 64,
  "stride": 2,
  "label_mode": "ib",
  "null_label": "C-1",
  "n_clusters": 64,
  "n_gram_order": 3,
  "coverage_train": {
    "full_frac": 0.08614461179347524,
    "backoff_frac": 0.9138553882065248,
    "null_frac": 0.000389040182293114
  },
  "coverage_test": {
    "full_frac": 0.0010035122930255895,
    "backoff_frac": 0.9989964877069744,
    "null_frac": 0.0035122930255895636
  },
  "control": "block",
  "control_tag": "ctrl-block-2-333"
}