{
  "H_base": 2.953749389174371,
  "H_ib": 2.9557901804099544,
  "H_hash": 3.251578912538489,
  "delta_ib": {
    "mean": 0.0020407912355833147,
    "lo95": -0.00176673707978564,
    "hi95": 0.0076303705971679636,
    "p_le_0": 0.245
  },
  "delta_hash": {
    "mean": 0.29782952336411805,
    "lo95": 0.25763752783012567,
    "hi95": 0.33650405359092367,
    "p_le_0": 0.0
  },
  "k_ctx": 5,
  "ib_clusters": 64,
  "stride": 2,
  "label_mode": "ib",
  "null_label": "C-1",
  "n_clusters": 64,
  "n_gram_order": 3,
  "coverage_train": {
    "full_frac": 0.10286190608502362,
    "backoff_frac": 0.8971380939149763,
    "null_frac": 0.0002778549597110308
  },
  "coverage_test": {
    "full_frac": 0.010025062656641603,
    "backoff_frac": 0.9899749373433584,
    "null_frac": 0.002506265664160401
  },
  "control": "block",
  "control_tag": "ctrl-block-2-111"
}