{
  "H_base": 2.5699526488454447,
  "H_ib": 2.582003870144009,
  "H_hash": 2.657944318753218,
  "delta_ib": {
    "mean": 0.012051221298564606,
    "lo95": 0.007314797792410809,
    "hi95": 0.016827478344192206,
    "p_le_0": 0.0
  },
  "delta_hash": {
    "mean": 0.08799166990777359,
    "lo95": 0.06562705307481412,
    "hi95": 0.11097238863616951,
    "p_le_0": 0.0
  },
  "k_ctx": 5,
  "ib_clusters": 64,
  "stride": 2,
  "label_mode": "ib",
  "null_label": "C-1",
  "n_clusters": 64,
  "n_gram_order": 3,
  "coverage_train": {
    "full_frac": 0.11725479299805501,
    "backoff_frac": 0.882745207001945,
    "null_frac": 0.0002778549597110308
  },
  "coverage_test": {
    "full_frac": 0.0380952380952381,
    "backoff_frac": 0.9619047619047619,
    "null_frac": 0.002506265664160401
  },
  "control": "block",
  "control_tag": "ctrl-block-2-111"
}