{
  "H_base": 5.226308462293641,
  "H_ib": 5.226308462293641,
  "H_hash": 5.03223219694083,
  "delta_ib": {
    "mean": 0.0,
    "lo95": 0.0,
    "hi95": 0.0,
    "p_le_0": 1.0
  },
  "delta_hash": {
    "mean": -0.1940762653528108,
    "lo95": -0.22458153598193945,
    "hi95": -0.16637358135306224,
    "p_le_0": 1.0
  },
  "k_ctx": 5,
  "ib_clusters": 64,
  "stride": 2,
  "label_mode": "ib",
  "null_label": "C-1",
  "n_clusters": 64,
  "n_gram_order": 4,
  "coverage_train": {
    "full_frac": 0.08785773826062795,
    "backoff_frac": 0.9121422617393721,
    "null_frac": 0.0002778549597110308
  },
  "coverage_test": {
    "full_frac": 0.002506265664160401,
    "backoff_frac": 0.9974937343358395,
    "null_frac": 0.002506265664160401
  },
  "control": "block",
  "control_tag": "ctrl-block-2-111"
}