{
  "H_base": 5.546478749330936,
  "H_ib": 5.546447244432174,
  "H_hash": 5.046845740117466,
  "delta_ib": {
    "mean": -3.150489876290008e-05,
    "lo95": -0.0001260195950516003,
    "hi95": 0.0,
    "p_le_0": 0.983
  },
  "delta_hash": {
    "mean": -0.4996330092134703,
    "lo95": -0.561803250955477,
    "hi95": -0.4379640916323397,
    "p_le_0": 1.0
  },
  "k_ctx": 7,
  "ib_clusters": 32,
  "stride": 2,
  "label_mode": "ib",
  "null_label": "C-1",
  "n_clusters": 32,
  "n_gram_order": 4,
  "coverage_train": {
    "full_frac": 0.07019396431945757,
    "backoff_frac": 0.9298060356805424,
    "null_frac": 0.000389040182293114
  },
  "coverage_test": {
    "full_frac": 0.0,
    "backoff_frac": 1.0,
    "null_frac": 0.0035122930255895636
  },
  "control": "block",
  "control_tag": "ctrl-block-2-333"
}