{
  "H_base": 5.226308462293641,
  "H_ib": 5.2234724564748225,
  "H_hash": 5.004331972947524,
  "delta_ib": {
    "mean": -0.0028360058188187445,
    "lo95": -0.004786081347253898,
    "hi95": -0.001259032475276298,
    "p_le_0": 1.0
  },
  "delta_hash": {
    "mean": -0.22197648934611666,
    "lo95": -0.2585565952464271,
    "hi95": -0.1844005062451648,
    "p_le_0": 1.0
  },
  "k_ctx": 7,
  "ib_clusters": 64,
  "stride": 1,
  "label_mode": "ib",
  "null_label": "C-1",
  "n_clusters": 64,
  "n_gram_order": 4,
  "coverage_train": {
    "full_frac": 0.0843105652198077,
    "backoff_frac": 0.9156894347801923,
    "null_frac": 0.000389040182293114
  },
  "coverage_test": {
    "full_frac": 0.0,
    "backoff_frac": 1.0,
    "null_frac": 0.0035122930255895636
  },
  "control": "block",
  "control_tag": "ctrl-block-2-111"
}