{
  "H_base": 0.25323905184924045,
  "H_ib": 0.2582762319064547,
  "H_hash": 4.805495655331875,
  "delta_ib": {
    "mean": 0.005037180057214277,
    "lo95": -0.0015065797600129942,
    "hi95": 0.016141140762800106,
    "p_le_0": 0.215
  },
  "delta_hash": {
    "mean": 4.552256603482634,
    "lo95": 4.502126855001107,
    "hi95": 4.602979195070318,
    "p_le_0": 0.0
  },
  "k_ctx": 5,
  "ib_clusters": 64,
  "stride": 2,
  "label_mode": "ib",
  "null_label": "C-1",
  "n_clusters": 64,
  "n_gram_order": 3,
  "coverage_train": {
    "full_frac": 1.0,
    "backoff_frac": 0.0,
    "null_frac": 0.0002778549597110308
  },
  "coverage_test": {
    "full_frac": 1.0,
    "backoff_frac": 0.0,
    "null_frac": 0.002506265664160401
  },
  "control": "none",
  "control_tag": "true",
  "notes": "Bits/token. delta<0 helps. Hash control preserves label histogram."
}