{
  "H_base": 5.292518302626343,
  "H_ib": 5.2920488173430416,
  "H_hash": 5.0085436836861845,
  "delta_ib": {
    "mean": -0.00046948528330121995,
    "lo95": -0.0011737132082530498,
    "hi95": 0.0,
    "p_le_0": 1.0
  },
  "delta_hash": {
    "mean": -0.28397461894015785,
    "lo95": -0.3076901153096043,
    "hi95": -0.2597354473779854,
    "p_le_0": 1.0
  },
  "k_ctx": 5,
  "ib_clusters": 32,
  "stride": 2,
  "label_mode": "ib",
  "null_label": "C-1",
  "n_clusters": 32,
  "n_gram_order": 3,
  "coverage_train": {
    "full_frac": 0.06996387885523757,
    "backoff_frac": 0.9300361211447624,
    "null_frac": 0.0002778549597110308
  },
  "coverage_test": {
    "full_frac": 0.0,
    "backoff_frac": 1.0,
    "null_frac": 0.002506265664160401
  },
  "control": "global",
  "control_tag": "ctrl-global-111"
}