{
  "H_base": 3.0029576363913177,
  "H_ib": 3.004641866445276,
  "H_hash": 3.0012797679392107,
  "delta_ib": {
    "mean": 0.001684230053958173,
    "lo95": 0.0011826424228186397,
    "hi95": 0.0022137390677709904,
    "p_le_0": 0.0
  },
  "delta_hash": {
    "mean": -0.0016778684521067885,
    "lo95": -0.0020405052073835597,
    "hi95": -0.001299650567418199,
    "p_le_0": 1.0
  },
  "k_ctx": 5,
  "ib_clusters": 32,
  "stride": 1,
  "label_mode": "ib",
  "null_label": "C-1",
  "n_clusters": 32,
  "n_gram_order": 3,
  "coverage_train": {
    "full_frac": 0.07945427272077907,
    "backoff_frac": 0.9205457272792209,
    "null_frac": 2.381009071644563e-05
  },
  "coverage_test": {
    "full_frac": 0.0633257403189066,
    "backoff_frac": 0.9366742596810934,
    "null_frac": 5.555864214678593e-05
  },
  "control": "global",
  "control_tag": "ctrl-global-333"
}