{
  "H_base": 3.4630217005588713,
  "H_ib": 3.464347727475085,
  "H_hash": 3.460702947473946,
  "delta_ib": {
    "mean": 0.0013260269162135698,
    "lo95": 0.000553602676942914,
    "hi95": 0.0021375035453092646,
    "p_le_0": 0.0
  },
  "delta_hash": {
    "mean": -0.0023187530849256093,
    "lo95": -0.002928269853975654,
    "hi95": -0.0017458848185688506,
    "p_le_0": 1.0
  },
  "k_ctx": 5,
  "ib_clusters": 32,
  "stride": 2,
  "label_mode": "ib",
  "null_label": "C-1",
  "n_clusters": 32,
  "n_gram_order": 3,
  "coverage_train": {
    "full_frac": 0.260363341984333,
    "backoff_frac": 0.739636658015667,
    "null_frac": 2.381009071644563e-05
  },
  "coverage_test": {
    "full_frac": 0.03233512972942941,
    "backoff_frac": 0.9676648702705706,
    "null_frac": 5.555864214678593e-05
  },
  "control": "block",
  "control_tag": "ctrl-block-2-333"
}