{
  "H_base": 3.3724112492744167,
  "H_ib": 3.372413425889358,
  "H_hash": 3.369969980418892,
  "delta_ib": {
    "mean": 2.176614941370324e-06,
    "lo95": -3.605912424208262e-05,
    "hi95": 2.5657100126195734e-05,
    "p_le_0": 0.387
  },
  "delta_hash": {
    "mean": -0.0024412688555248553,
    "lo95": -0.002762678581182696,
    "hi95": -0.00213390217650176,
    "p_le_0": 1.0
  },
  "k_ctx": 5,
  "ib_clusters": 32,
  "stride": 2,
  "label_mode": "ib",
  "null_label": "C-1",
  "n_clusters": 32,
  "n_gram_order": 3,
  "coverage_train": {
    "full_frac": 0.11697421367175409,
    "backoff_frac": 0.8830257863282459,
    "null_frac": 2.381009071644563e-05
  },
  "coverage_test": {
    "full_frac": 0.00043335740874493026,
    "backoff_frac": 0.999566642591255,
    "null_frac": 5.555864214678593e-05
  },
  "control": "global",
  "control_tag": "ctrl-global-333"
}