{
  "H_base": 3.0077488054697,
  "H_ib": 3.009992411085437,
  "H_hash": 3.0092687895200703,
  "delta_ib": {
    "mean": 0.002243605615736782,
    "lo95": 0.001641736371526939,
    "hi95": 0.0028686211207236156,
    "p_le_0": 0.0
  },
  "delta_hash": {
    "mean": 0.001519984050370332,
    "lo95": 0.0007721048214393703,
    "hi95": 0.0023209691745071756,
    "p_le_0": 0.0
  },
  "k_ctx": 5,
  "ib_clusters": 64,
  "stride": 2,
  "label_mode": "ib",
  "null_label": "C-1",
  "n_clusters": 64,
  "n_gram_order": 3,
  "coverage_train": {
    "full_frac": 0.08208290673587466,
    "backoff_frac": 0.9179170932641253,
    "null_frac": 2.381009071644563e-05
  },
  "coverage_test": {
    "full_frac": 0.05611422856825379,
    "backoff_frac": 0.9438857714317462,
    "null_frac": 5.555864214678593e-05
  },
  "control": "global",
  "control_tag": "ctrl-global-111"
}