{
  "H_base": 4.398781753241106,
  "H_ib": 4.399087777114807,
  "H_hash": 3.533733977097263,
  "delta_ib": {
    "mean": 0.0003060238737000731,
    "lo95": 0.0002740424404260272,
    "hi95": 0.00033815638043858075,
    "p_le_0": 0.0
  },
  "delta_hash": {
    "mean": -0.8650477761438436,
    "lo95": -0.888179517442476,
    "hi95": -0.8414698450215627,
    "p_le_0": 1.0
  },
  "k_ctx": 5,
  "ib_clusters": 32,
  "stride": 1,
  "label_mode": "ib",
  "null_label": "C-1",
  "n_clusters": 32,
  "n_gram_order": 3,
  "coverage_train": {
    "full_frac": 0.14814539231370213,
    "backoff_frac": 0.8206108858216451,
    "null_frac": 0.031280925629673724
  },
  "coverage_test": {
    "full_frac": 0.034725236565674104,
    "backoff_frac": 0.6129004253841479,
    "null_frac": 0.35246115114159215
  },
  "control": "global",
  "control_tag": "ctrl-global-333"
}