{
  "model_runs": 64,
  "valid_metric_runs": 64,
  "metric_name": "delta_ib.mean",
  "mean": -0.045683106817823366,
  "median": -0.0443742882438333,
  "std": 0.02588161006027376,
  "min": -0.1045147230174774,
  "max": -0.01087746966941401,
  "robust_median": -0.0443742882438333,
  "robust_mad": 0.017166897670921867,
  "sinusoid_fit": {
    "amp": 0.021920773603685672,
    "freq": 0.010715857928964484,
    "phase": 0.9499854904083428,
    "offset": -0.046283092558445024,
    "r2": 0.4339874584053721
  },
  "groups": {
    "k_ctx": {
      "k_ctx": [
        5,
        7
      ],
      "count": [
        32,
        32
      ],
      "mean": [
        -0.02927970816065723,
        -0.0620865054749895
      ],
      "median": [
        -0.028521739818067417,
        -0.057303735456233414
      ],
      "std": [
        0.014959311499066106,
        0.024569262923866415
      ]
    },
    "ib_clusters": {
      "ib_clusters": [
        32,
        64
      ],
      "count": [
        32,
        32
      ],
      "mean": [
        -0.0350991669949523,
        -0.05626704664069442
      ],
      "median": [
        -0.03125761327597904,
        -0.05142238268191694
      ],
      "std": [
        0.019262008824034175,
        0.027939944093724422
      ]
    },
    "stride": {
      "stride": [
        1,
        2
      ],
      "count": [
        32,
        32
      ],
      "mean": [
        -0.050628374835297155,
        -0.04073783880034957
      ],
      "median": [
        -0.04901808387770802,
        -0.03774056859389379
      ],
      "std": [
        0.027514900837037885,
        0.02398693815042495
      ]
    },
    "n": {
      "n": [
        3,
        4
      ],
      "count": [
        32,
        32
      ],
      "mean": [
        -0.06066943891078525,
        -0.03069677472486148
      ],
      "median": [
        -0.05377049806507534,
        -0.02657811217002051
      ],
      "std": [
        0.02522641686802023,
        0.01681933449027116
      ]
    },
    "ib_max_contexts": {
      "ib_max_contexts": [
        6000,
        9000
      ],
      "count": [
        32,
        32
      ],
      "mean": [
        -0.045683106817823366,
        -0.045683106817823366
      ],
      "median": [
        -0.0443742882438333,
        -0.0443742882438333
      ],
      "std": [
        0.0262957421169934,
        0.0262957421169934
      ]
    },
    "seed": {
      "seed": [
        111,
        333
      ],
      "count": [
        32,
        32
      ],
      "mean": [
        -0.045683106817823366,
        -0.045683106817823366
      ],
      "median": [
        -0.0443742882438333,
        -0.0443742882438333
      ],
      "std": [
        0.026295742116993405,
        0.026295742116993405
      ]
    }
  },
  "main_effects": {
    "betas": {
      "n_3": -0.28951698733193215,
      "n_4": 0.2895169873319322,
      "k_ctx_5": 0.3168929216147378,
      "k_ctx_7": -0.3168929216147378,
      "ib_clusters_32": 0.20446833505439033,
      "ib_clusters_64": -0.2044683350543904,
      "ib_max_contexts_6000": -2.7755575615628914e-17,
      "ib_max_contexts_9000": 8.326672684688674e-17,
      "stride_1": -0.09553632530540046,
      "stride_2": 0.09553632530540052,
      "seed_111": -8.326672684688674e-17,
      "seed_333": 8.326672684688674e-17
    },
    "betas_group": {
      "n": 0.409438850022218,
      "k_ctx": 0.44815426756759635,
      "ib_clusters": 0.289161892509765,
      "ib_max_contexts": 8.777083671441753e-17,
      "stride": 0.1351087669461853,
      "seed": 1.1775693440128312e-16
    },
    "r2": 0.9407028657941725
  }
}