{
  "model_runs": 64,
  "valid_metric_runs": 64,
  "metric_name": "delta_ib.mean",
  "mean": 0.00935634411534282,
  "median": 0.005489984265950195,
  "std": 0.009610139332052832,
  "min": 0.00036667935856984587,
  "max": 0.03142915688121694,
  "robust_median": 0.005489984265950195,
  "robust_mad": 0.004651435557218855,
  "sinusoid_fit": {
    "amp": 0.011248728340518377,
    "freq": 0.011214107053526764,
    "phase": -2.589135649555665,
    "offset": 0.010753650400119372,
    "r2": 0.7739461599967501
  },
  "groups": {
    "k_ctx": {
      "k_ctx": [
        5,
        7
      ],
      "count": [
        32,
        32
      ],
      "mean": [
        0.0015163662868725948,
        0.017196321943813046
      ],
      "median": [
        0.0013339542483141774,
        0.014356207981963324
      ],
      "std": [
        0.0007771460141491144,
        0.007947827876542564
      ]
    },
    "ib_clusters": {
      "ib_clusters": [
        32,
        64
      ],
      "count": [
        32,
        32
      ],
      "mean": [
        0.005982951685230133,
        0.012729736545455506
      ],
      "median": [
        0.004971836342076142,
        0.007225435362692537
      ],
      "std": [
        0.005342632327914197,
        0.011774144403792155
      ]
    },
    "stride": {
      "stride": [
        1,
        2
      ],
      "count": [
        32,
        32
      ],
      "mean": [
        0.010125974406947309,
        0.00858671382373833
      ],
      "median": [
        0.005489984265950195,
        0.005244829943145388
      ],
      "std": [
        0.010421813373799172,
        0.008990598326959245
      ]
    },
    "n": {
      "n": [
        3,
        4
      ],
      "count": [
        32,
        32
      ],
      "mean": [
        0.011177101862133762,
        0.007535586368551879
      ],
      "median": [
        0.006563885939886298,
        0.005411774446350574
      ],
      "std": [
        0.011183243722104606,
        0.007665428222338012
      ]
    },
    "ib_max_contexts": {
      "ib_max_contexts": [
        6000,
        9000
      ],
      "count": [
        32,
        32
      ],
      "mean": [
        0.00935634411534282,
        0.00935634411534282
      ],
      "median": [
        0.005489984265950195,
        0.005489984265950195
      ],
      "std": [
        0.009763911325281883,
        0.009763911325281883
      ]
    },
    "seed": {
      "seed": [
        111,
        333
      ],
      "count": [
        32,
        32
      ],
      "mean": [
        0.009146090774382575,
        0.009566597456303064
      ],
      "median": [
        0.005424184580097652,
        0.005489984265950195
      ],
      "std": [
        0.009535520839450176,
        0.009982510009582925
      ]
    }
  },
  "main_effects": {
    "betas": {
      "n_3": 0.09473106986584048,
      "n_4": -0.09473106986584046,
      "k_ctx_5": -0.40790131950526215,
      "k_ctx_7": 0.4079013195052623,
      "ib_clusters_32": -0.17551213199291937,
      "ib_clusters_64": 0.17551213199291943,
      "ib_max_contexts_6000": 1.6653345369377348e-16,
      "ib_max_contexts_9000": -1.6653345369377348e-16,
      "stride_1": 0.04004261470442788,
      "stride_2": -0.04004261470442794,
      "seed_111": -0.010939140018564053,
      "seed_333": 0.01093914001856408
    },
    "betas_group": {
      "n": 0.1339699637823848,
      "k_ctx": 0.576859578154223,
      "ib_clusters": 0.24821163742540342,
      "ib_max_contexts": 2.3551386880256624e-16,
      "stride": 0.05662880878788227,
      "seed": 0.015470280174951574
    },
    "r2": 0.8315403549505049
  }
}