{
  "H_base": 4.398781753241106,
  "H_ib": 4.39832569849121,
  "H_hash": 3.53322645704483,
  "delta_ib": {
    "mean": -0.00045605474989667455,
    "lo95": -0.0005039404986358254,
    "hi95": -0.0004093091380322654,
    "p_le_0": 1.0
  },
  "delta_hash": {
    "mean": -0.8655552961962769,
    "lo95": -0.8886515549755998,
    "hi95": -0.8420414516915407,
    "p_le_0": 1.0
  },
  "k_ctx": 5,
  "ib_clusters": 32,
  "stride": 2,
  "label_mode": "ib",
  "null_label": "C-1",
  "n_clusters": 32,
  "n_gram_order": 3,
  "coverage_train": {
    "full_frac": 0.1349082927192232,
    "backoff_frac": 0.8338479854161241,
    "null_frac": 0.031280925629673724
  },
  "coverage_test": {
    "full_frac": 0.04861533119194374,
    "backoff_frac": 0.5990103307578782,
    "null_frac": 0.35246115114159215
  },
  "control": "global",
  "control_tag": "ctrl-global-333"
}