{
  "H_base": 3.4630217005588713,
  "H_ib": 3.4654757661827316,
  "H_hash": 3.4622506789244576,
  "delta_ib": {
    "mean": 0.0024540656238601914,
    "lo95": 0.001709522626483351,
    "hi95": 0.003217381621784145,
    "p_le_0": 0.0
  },
  "delta_hash": {
    "mean": -0.0007710216344139268,
    "lo95": -0.002960687097325915,
    "hi95": 0.0014535213312565883,
    "p_le_0": 0.75
  },
  "k_ctx": 7,
  "ib_clusters": 64,
  "stride": 2,
  "label_mode": "ib",
  "null_label": "C-1",
  "n_clusters": 64,
  "n_gram_order": 3,
  "coverage_train": {
    "full_frac": 0.03778697385150934,
    "backoff_frac": 0.9622130261484907,
    "null_frac": 3.333444448148272e-05
  },
  "coverage_test": {
    "full_frac": 0.00018890358138966363,
    "backoff_frac": 0.9998110964186103,
    "null_frac": 7.778382763103797e-05
  },
  "control": "block",
  "control_tag": "ctrl-block-2-333"
}