{
  "H_base": 5.017516568814675,
  "H_ib": 5.017516568814675,
  "H_hash": 5.001540782520967,
  "delta_ib": {
    "mean": 0.0,
    "lo95": 0.0,
    "hi95": 0.0,
    "p_le_0": 1.0
  },
  "delta_hash": {
    "mean": -0.015975786293707963,
    "lo95": -0.027706795598043656,
    "hi95": -0.002592305457796381,
    "p_le_0": 0.994
  },
  "k_ctx": 5,
  "ib_clusters": 32,
  "stride": 2,
  "label_mode": "ib",
  "null_label": "C-1",
  "n_clusters": 32,
  "n_gram_order": 4,
  "coverage_train": {
    "full_frac": 0.07057515976660184,
    "backoff_frac": 0.9294248402333982,
    "null_frac": 0.0002778549597110308
  },
  "coverage_test": {
    "full_frac": 0.0040100250626566416,
    "backoff_frac": 0.9959899749373433,
    "null_frac": 0.002506265664160401
  },
  "control": "block",
  "control_tag": "ctrl-block-2-333"
}