{
  "H_base": 0.20363243152454386,
  "H_ib": 0.1329830425807509,
  "H_hash": 4.866612601280872,
  "delta_ib": {
    "mean": -0.07064938894379295,
    "lo95": -0.08240565823404468,
    "hi95": -0.05631137411951059,
    "p_le_0": 1.0
  },
  "delta_hash": {
    "mean": 4.662980169756328,
    "lo95": 4.6288276681674745,
    "hi95": 4.69770427284103,
    "p_le_0": 0.0
  },
  "k_ctx": 5,
  "ib_clusters": 32,
  "stride": 1,
  "label_mode": "ib",
  "null_label": "C-1",
  "n_clusters": 32,
  "n_gram_order": 3,
  "coverage_train": {
    "full_frac": 1.0,
    "backoff_frac": 0.0,
    "null_frac": 0.0002778549597110308
  },
  "coverage_test": {
    "full_frac": 1.0,
    "backoff_frac": 0.0,
    "null_frac": 0.002506265664160401
  },
  "notes": "Bits/token. delta<0 means conditional helps. Hash control preserves label histogram."
}