{
  "H_base": 4.093710525676749,
  "H_ib": 4.094443813686845,
  "H_hash": 4.083614483762299,
  "delta_ib": {
    "mean": 0.000733288010095754,
    "lo95": 0.0005059220541420909,
    "hi95": 0.0009607913951737673,
    "p_le_0": 0.0
  },
  "delta_hash": {
    "mean": -0.010096041914449785,
    "lo95": -0.011567201827640003,
    "hi95": -0.00863929655087607,
    "p_le_0": 1.0
  },
  "k_ctx": 5,
  "ib_clusters": 64,
  "stride": 1,
  "label_mode": "ib",
  "null_label": "C-1",
  "n_clusters": 64,
  "n_gram_order": 4,
  "coverage_train": {
    "full_frac": 0.3552179813805091,
    "backoff_frac": 0.6447820186194909,
    "null_frac": 2.381009071644563e-05
  },
  "coverage_test": {
    "full_frac": 0.0402800155564198,
    "backoff_frac": 0.9597199844435802,
    "null_frac": 5.555864214678593e-05
  },
  "control": "block",
  "control_tag": "ctrl-block-2-333"
}