{
  "model_runs": 64,
  "valid_metric_runs": 64,
  "metric_name": "delta_ib.mean",
  "mean": 0.0014637541922933556,
  "median": 3.0392258935321555e-06,
  "std": 0.004144640366246191,
  "min": -0.001863405747749357,
  "max": 0.01508431999146271,
  "robust_median": 3.0392258935321555e-06,
  "robust_mad": 0.00017408376398718372,
  "sinusoid_fit": {
    "amp": 0.0027052466689457804,
    "freq": 0.011587793896948473,
    "phase": -2.8583423889373747,
    "offset": 0.001914785733837936,
    "r2": 0.22067676102972023
  },
  "groups": {
    "k_ctx": {
      "k_ctx": [
        5,
        7
      ],
      "count": [
        32,
        32
      ],
      "mean": [
        -9.875893377212218e-05,
        0.0030262673183588337
      ],
      "median": [
        -1.5722638880876045e-05,
        0.00042782695911977413
      ],
      "std": [
        0.00017653022230307964,
        0.005512964559513509
      ]
    },
    "ib_clusters": {
      "ib_clusters": [
        32,
        64
      ],
      "count": [
        32,
        32
      ],
      "mean": [
        0.0004555061156420844,
        0.002472002268944627
      ],
      "median": [
        3.0392258935321555e-06,
        4.3380716947735774e-07
      ],
      "std": [
        0.0013348340504951925,
        0.005619951363006636
      ]
    },
    "stride": {
      "stride": [
        1,
        2
      ],
      "count": [
        32,
        32
      ],
      "mean": [
        0.001725526267682671,
        0.0012019821169040404
      ],
      "median": [
        3.901836845693987e-06,
        -4.2880378268447376e-07
      ],
      "std": [
        0.004458577596093984,
        0.003929880921433065
      ]
    },
    "n": {
      "n": [
        3,
        4
      ],
      "count": [
        32,
        32
      ],
      "mean": [
        0.0028024132944307516,
        0.0001250950901559596
      ],
      "median": [
        -3.975161737099217e-06,
        3.901836845693987e-06
      ],
      "std": [
        0.0056264904465922645,
        0.00032760320258377385
      ]
    },
    "ib_max_contexts": {
      "ib_max_contexts": [
        6000,
        9000
      ],
      "count": [
        32,
        32
      ],
      "mean": [
        0.0014637541922933556,
        0.0014637541922933556
      ],
      "median": [
        3.0392258935321555e-06,
        3.0392258935321555e-06
      ],
      "std": [
        0.004210958823067059,
        0.004210958823067059
      ]
    },
    "seed": {
      "seed": [
        111,
        333
      ],
      "count": [
        32,
        32
      ],
      "mean": [
        0.0007122487619692178,
        0.0022152596226174934
      ],
      "median": [
        -1.5722638880876045e-05,
        0.00010077957942449614
      ],
      "std": [
        0.0034735439074525063,
        0.004715175941883657
      ]
    }
  },
  "main_effects": {
    "betas": {
      "n_3": 0.1614927549240696,
      "n_4": -0.16149275492406956,
      "k_ctx_5": -0.18849798946605537,
      "k_ctx_7": 0.1884979894660554,
      "ib_clusters_32": -0.12163272881447632,
      "ib_clusters_64": 0.12163272881447632,
      "ib_max_contexts_6000": 1.3877787807814457e-17,
      "ib_max_contexts_9000": -1.3877787807814457e-17,
      "stride_1": 0.03157958105190012,
      "stride_2": -0.03157958105190012,
      "seed_111": -0.09065988651604229,
      "seed_333": 0.09065988651604234
    },
    "betas_group": {
      "n": 0.22838524423861362,
      "k_ctx": 0.26657641318295633,
      "ib_clusters": 0.17201465471788116,
      "ib_max_contexts": 1.962615573354719e-17,
      "stride": 0.04466027181765756,
      "seed": 0.12821244107419275
    },
    "r2": 0.3424897943270727
  }
}