{
  "H_base": 0.25323905184924045,
  "H_ib": 0.2583594253294483,
  "H_hash": 4.803057114275857,
  "delta_ib": {
    "mean": 0.00512037348020783,
    "lo95": -0.001416830610092093,
    "hi95": 0.01623961449398377,
    "p_le_0": 0.201
  },
  "delta_hash": {
    "mean": 4.549818062426617,
    "lo95": 4.499023884459294,
    "hi95": 4.601281830011495,
    "p_le_0": 0.0
  },
  "k_ctx": 5,
  "ib_clusters": 64,
  "stride": 1,
  "label_mode": "ib",
  "null_label": "C-1",
  "n_clusters": 64,
  "n_gram_order": 3,
  "coverage_train": {
    "full_frac": 1.0,
    "backoff_frac": 0.0,
    "null_frac": 0.0002778549597110308
  },
  "coverage_test": {
    "full_frac": 1.0,
    "backoff_frac": 0.0,
    "null_frac": 0.002506265664160401
  },
  "control": "none",
  "control_tag": "true",
  "notes": "Bits/token. delta<0 helps. Hash control preserves label histogram."
}