{
  "H_base": 6.269187095126037,
  "H_ib": 6.2732614160562425,
  "H_hash": 5.41513675392507,
  "delta_ib": {
    "mean": 0.0040743209302050365,
    "lo95": -0.015963902869419025,
    "hi95": 0.028722020002555155,
    "p_le_0": 0.3785
  },
  "delta_hash": {
    "mean": -0.8540503412009672,
    "lo95": -1.20814964430064,
    "hi95": -0.519836623309091,
    "p_le_0": 1.0
  },
  "k_ctx": 7,
  "ib_clusters": 32,
  "stride": 1,
  "label_mode": "ib",
  "null_label": "C-1",
  "n_clusters": 32,
  "n_gram_order": 4,
  "coverage_train": {
    "full_frac": 0.07408436614238871,
    "backoff_frac": 0.9259156338576113,
    "null_frac": 0.000389040182293114
  },
  "coverage_test": {
    "full_frac": 0.002007024586051179,
    "backoff_frac": 0.9979929754139488,
    "null_frac": 0.0035122930255895636
  },
  "control": "block",
  "control_tag": "ctrl-block-2-333"
}