{
  "H_base": 5.240673514007461,
  "H_ib": 5.239738331647669,
  "H_hash": 5.012228781151626,
  "delta_ib": {
    "mean": -0.000935182359791702,
    "lo95": -0.0028055470793751057,
    "hi95": 0.0,
    "p_le_0": 1.0
  },
  "delta_hash": {
    "mean": -0.22844473285583408,
    "lo95": -0.25931208736697525,
    "hi95": -0.19853696803372703,
    "p_le_0": 1.0
  },
  "k_ctx": 7,
  "ib_clusters": 32,
  "stride": 2,
  "label_mode": "ib",
  "null_label": "C-1",
  "n_clusters": 32,
  "n_gram_order": 3,
  "coverage_train": {
    "full_frac": 0.06980492413716445,
    "backoff_frac": 0.9301950758628356,
    "null_frac": 0.000389040182293114
  },
  "coverage_test": {
    "full_frac": 0.0,
    "backoff_frac": 1.0,
    "null_frac": 0.0035122930255895636
  },
  "control": "global",
  "control_tag": "ctrl-global-333"
}