{
  "H_base": 0.8699658146768667,
  "H_ib": 0.8760923691025125,
  "H_hash": 4.128283895971631,
  "delta_ib": {
    "mean": 0.006126554425645781,
    "lo95": -0.0006425043123227378,
    "hi95": 0.01316549453343449,
    "p_le_0": 0.038
  },
  "delta_hash": {
    "mean": 3.2583180812947643,
    "lo95": 3.180450525912853,
    "hi95": 3.3437164171546043,
    "p_le_0": 0.0
  },
  "k_ctx": 5,
  "ib_clusters": 32,
  "stride": 2,
  "label_mode": "ib",
  "null_label": "C-1",
  "n_clusters": 32,
  "n_gram_order": 4,
  "coverage_train": {
    "full_frac": 0.987329813837177,
    "backoff_frac": 0.012670186162823007,
    "null_frac": 0.0002778549597110308
  },
  "coverage_test": {
    "full_frac": 0.9774436090225563,
    "backoff_frac": 0.022556390977443608,
    "null_frac": 0.002506265664160401
  },
  "notes": "Bits/token. delta<0 means conditional helps. Hash control preserves label histogram."
}