{
  "H_base": 2.9181494235576086,
  "H_ib": 2.9191790282995207,
  "H_hash": 2.922280434263345,
  "delta_ib": {
    "mean": 0.0010296047419123184,
    "lo95": 0.0005954707850702523,
    "hi95": 0.0015150496627770722,
    "p_le_0": 0.0
  },
  "delta_hash": {
    "mean": 0.004131010705736461,
    "lo95": 0.0030017972205290443,
    "hi95": 0.005236748865121903,
    "p_le_0": 0.0
  },
  "k_ctx": 5,
  "ib_clusters": 64,
  "stride": 2,
  "label_mode": "ib",
  "null_label": "C-1",
  "n_clusters": 64,
  "n_gram_order": 4,
  "coverage_train": {
    "full_frac": 0.12490297388033049,
    "backoff_frac": 0.8750970261196696,
    "null_frac": 2.381009071644563e-05
  },
  "coverage_test": {
    "full_frac": 0.1606755930885049,
    "backoff_frac": 0.8393244069114951,
    "null_frac": 5.555864214678593e-05
  },
  "control": "block",
  "control_tag": "ctrl-block-2-111"
}