{
  "H_base": 3.4425993180014416,
  "H_ib": 3.4397704348458498,
  "H_hash": 3.4218292952215448,
  "delta_ib": {
    "mean": -0.0028288831555917274,
    "lo95": -0.0032496930914439424,
    "hi95": -0.0023561837642993464,
    "p_le_0": 1.0
  },
  "delta_hash": {
    "mean": -0.02077002277989669,
    "lo95": -0.02235848429746502,
    "hi95": -0.019053711988306944,
    "p_le_0": 1.0
  },
  "k_ctx": 5,
  "ib_clusters": 64,
  "stride": 1,
  "label_mode": "ib",
  "null_label": "C-1",
  "n_clusters": 64,
  "n_gram_order": 3,
  "coverage_train": {
    "full_frac": 0.3571656468011143,
    "backoff_frac": 0.6428343531988857,
    "null_frac": 2.381009071644563e-05
  },
  "coverage_test": {
    "full_frac": 0.036546474804155786,
    "backoff_frac": 0.9634535251958443,
    "null_frac": 5.555864214678593e-05
  },
  "control": "block",
  "control_tag": "ctrl-block-2-111"
}