{
  "H_base": 0.7322717466475916,
  "H_ib": 0.688309975751661,
  "H_hash": 4.711861575118829,
  "delta_ib": {
    "mean": -0.043961770895930646,
    "lo95": -0.05986039773933689,
    "hi95": -0.026657968043021535,
    "p_le_0": 1.0
  },
  "delta_hash": {
    "mean": 3.9795898284712368,
    "lo95": 3.900781391437382,
    "hi95": 4.051701081075455,
    "p_le_0": 0.0
  },
  "k_ctx": 7,
  "ib_clusters": 32,
  "stride": 1,
  "label_mode": "ib",
  "null_label": "C-1",
  "n_clusters": 32,
  "n_gram_order": 4,
  "coverage_train": {
    "full_frac": 1.0,
    "backoff_frac": 0.0,
    "null_frac": 0.000389040182293114
  },
  "coverage_test": {
    "full_frac": 0.9869543401906673,
    "backoff_frac": 0.013045659809332665,
    "null_frac": 0.0035122930255895636
  },
  "notes": "Bits/token. delta<0 means conditional helps. Hash control preserves label histogram."
}