{
  "H_base": 0.20363243152454386,
  "H_ib": 0.1155796494927415,
  "H_hash": 4.86911274727691,
  "delta_ib": {
    "mean": -0.08805278203180235,
    "lo95": -0.10433235616644686,
    "hi95": -0.06400306980389393,
    "p_le_0": 1.0
  },
  "delta_hash": {
    "mean": 4.665480315752365,
    "lo95": 4.623783982536478,
    "hi95": 4.707747513233987,
    "p_le_0": 0.0
  },
  "k_ctx": 7,
  "ib_clusters": 32,
  "stride": 1,
  "label_mode": "ib",
  "null_label": "C-1",
  "n_clusters": 32,
  "n_gram_order": 3,
  "coverage_train": {
    "full_frac": 1.0,
    "backoff_frac": 0.0,
    "null_frac": 0.000389040182293114
  },
  "coverage_test": {
    "full_frac": 1.0,
    "backoff_frac": 0.0,
    "null_frac": 0.0035122930255895636
  },
  "notes": "Bits/token. delta<0 means conditional helps. Hash control preserves label histogram."
}