{
  "H_base": 2.82556404821523,
  "H_ib": 2.8381029850868913,
  "H_hash": 2.877945154701706,
  "delta_ib": {
    "mean": 0.012538936871661318,
    "lo95": 0.01090322874741898,
    "hi95": 0.014233472791694398,
    "p_le_0": 0.0
  },
  "delta_hash": {
    "mean": 0.052381106486476293,
    "lo95": 0.05006745337085965,
    "hi95": 0.05447034369650123,
    "p_le_0": 0.0
  },
  "k_ctx": 7,
  "ib_clusters": 32,
  "stride": 1,
  "label_mode": "ib",
  "null_label": "C-1",
  "n_clusters": 32,
  "n_gram_order": 3,
  "coverage_train": {
    "full_frac": 0.018895867957503344,
    "backoff_frac": 0.9811041320424967,
    "null_frac": 3.333444448148272e-05
  },
  "coverage_test": {
    "full_frac": 0.014812263176024801,
    "backoff_frac": 0.9851877368239752,
    "null_frac": 7.778382763103797e-05
  },
  "control": "block",
  "control_tag": "ctrl-block-2-111"
}