{
  "H_base": 5.350822217346962,
  "H_ib": 5.344816852198334,
  "H_hash": 5.014808413178756,
  "delta_ib": {
    "mean": -0.006005365148628189,
    "lo95": -0.010062309951331368,
    "hi95": -0.0027681254882967765,
    "p_le_0": 1.0
  },
  "delta_hash": {
    "mean": -0.3360138041682065,
    "lo95": -0.3696045021062235,
    "hi95": -0.2999161831693165,
    "p_le_0": 1.0
  },
  "k_ctx": 5,
  "ib_clusters": 64,
  "stride": 1,
  "label_mode": "ib",
  "null_label": "C-1",
  "n_clusters": 64,
  "n_gram_order": 3,
  "coverage_train": {
    "full_frac": 0.0855793275909975,
    "backoff_frac": 0.9144206724090025,
    "null_frac": 0.0002778549597110308
  },
  "coverage_test": {
    "full_frac": 0.0,
    "backoff_frac": 1.0,
    "null_frac": 0.002506265664160401
  },
  "control": "block",
  "control_tag": "ctrl-block-2-111"
}