{
  "H_base": 5.329132934303331,
  "H_ib": 5.331833118398499,
  "H_hash": 5.011228048360234,
  "delta_ib": {
    "mean": 0.0027001840951679885,
    "lo95": -0.002882772060414231,
    "hi95": 0.008750913684849749,
    "p_le_0": 0.1855
  },
  "delta_hash": {
    "mean": -0.3179048859430972,
    "lo95": -0.3609686315842784,
    "hi95": -0.2766901904068968,
    "p_le_0": 1.0
  },
  "k_ctx": 5,
  "ib_clusters": 64,
  "stride": 1,
  "label_mode": "ib",
  "null_label": "C-1",
  "n_clusters": 64,
  "n_gram_order": 3,
  "coverage_train": {
    "full_frac": 0.08580161155876632,
    "backoff_frac": 0.9141983884412337,
    "null_frac": 0.0002778549597110308
  },
  "coverage_test": {
    "full_frac": 0.005513784461152882,
    "backoff_frac": 0.9944862155388471,
    "null_frac": 0.002506265664160401
  },
  "control": "block",
  "control_tag": "ctrl-block-2-333"
}