{
  "H_base": 5.546478749330936,
  "H_ib": 5.541880395476537,
  "H_hash": 5.031938364338808,
  "delta_ib": {
    "mean": -0.004598353854399778,
    "lo95": -0.006133980014886838,
    "hi95": -0.00304953876394391,
    "p_le_0": 1.0
  },
  "delta_hash": {
    "mean": -0.5145403849921281,
    "lo95": -0.5768395049691244,
    "hi95": -0.45309588622955477,
    "p_le_0": 1.0
  },
  "k_ctx": 7,
  "ib_clusters": 64,
  "stride": 1,
  "label_mode": "ib",
  "null_label": "C-1",
  "n_clusters": 64,
  "n_gram_order": 4,
  "coverage_train": {
    "full_frac": 0.08453287389540377,
    "backoff_frac": 0.9154671261045962,
    "null_frac": 0.000389040182293114
  },
  "coverage_test": {
    "full_frac": 0.0,
    "backoff_frac": 1.0,
    "null_frac": 0.0035122930255895636
  },
  "control": "block",
  "control_tag": "ctrl-block-2-333"
}