{
  "model_runs": 64,
  "valid_metric_runs": 64,
  "metric_name": "delta_ib.mean",
  "mean": -0.00026266489430290936,
  "median": 0.0,
  "std": 0.00048748541262208446,
  "min": -0.0014008794362821834,
  "max": 0.0,
  "robust_median": 0.0,
  "robust_mad": 0.00048748541262208446,
  "sinusoid_fit": {
    "amp": 0.00048587946806659,
    "freq": 0.1254377188594297,
    "phase": 1.072975275525337,
    "offset": -0.0002638708725143252,
    "r2": 0.4966341041647502
  },
  "groups": {
    "k_ctx": {
      "k_ctx": [
        5,
        7
      ],
      "count": [
        32,
        32
      ],
      "mean": [
        -0.00017510992953527292,
        -0.00035021985907054585
      ],
      "median": [
        0.0,
        0.0
      ],
      "std": [
        0.0003081523917352829,
        0.0006163047834705658
      ]
    },
    "ib_clusters": {
      "ib_clusters": [
        32,
        64
      ],
      "count": [
        32,
        32
      ],
      "mean": [
        -0.0002626648943029094,
        -0.0002626648943029094
      ],
      "median": [
        0.0,
        0.0
      ],
      "std": [
        0.00049528567450996,
        0.00049528567450996
      ]
    },
    "stride": {
      "stride": [
        1,
        2
      ],
      "count": [
        32,
        32
      ],
      "mean": [
        -0.0002626648943029094,
        -0.0002626648943029094
      ],
      "median": [
        0.0,
        0.0
      ],
      "std": [
        0.00049528567450996,
        0.00049528567450996
      ]
    },
    "n": {
      "n": [
        3,
        4
      ],
      "count": [
        32,
        32
      ],
      "mean": [
        -0.0005253297886058188,
        0.0
      ],
      "median": [
        -0.00035021985907054585,
        0.0
      ],
      "std": [
        0.00059006690633462,
        0.0
      ]
    },
    "ib_max_contexts": {
      "ib_max_contexts": [
        6000,
        9000
      ],
      "count": [
        32,
        32
      ],
      "mean": [
        -0.0002626648943029094,
        -0.0002626648943029094
      ],
      "median": [
        0.0,
        0.0
      ],
      "std": [
        0.00049528567450996,
        0.00049528567450996
      ]
    },
    "seed": {
      "seed": [
        111,
        333
      ],
      "count": [
        32,
        32
      ],
      "mean": [
        0.0,
        -0.0005253297886058188
      ],
      "median": [
        0.0,
        -0.00035021985907054585
      ],
      "std": [
        0.0,
        0.0005900669063346199
      ]
    }
  },
  "main_effects": {
    "betas": {
      "n_3": -0.26940740093187543,
      "n_4": 0.26940740093187543,
      "k_ctx_5": 0.08980246697729169,
      "k_ctx_7": -0.08980246697729173,
      "ib_clusters_32": -4.163336342344337e-17,
      "ib_clusters_64": 9.71445146547012e-17,
      "ib_max_contexts_6000": 2.7755575615628914e-17,
      "ib_max_contexts_9000": -2.7755575615628914e-17,
      "stride_1": -5.551115123125783e-17,
      "stride_2": 4.163336342344337e-17,
      "seed_111": 0.2694074009318755,
      "seed_333": -0.2694074009318756
    },
    "betas_group": {
      "n": 0.3809996002015442,
      "k_ctx": 0.12699986673384794,
      "ib_clusters": 1.0569008315563939e-16,
      "ib_max_contexts": 3.925231146709438e-17,
      "stride": 6.938893903907228e-17,
      "seed": 0.3809996002015444
    },
    "r2": 0.6129032258064517
  }
}