{
  "model_runs": 64,
  "valid_metric_runs": 64,
  "metric_name": "delta_ib.mean",
  "mean": 0.010384852061465331,
  "median": 0.00095858064398082,
  "std": 0.017216742544069366,
  "min": -0.0027445668709564835,
  "max": 0.056870971121139834,
  "robust_median": 0.00095858064398082,
  "robust_mad": 0.0020062182657247557,
  "sinusoid_fit": {
    "amp": 0.014813045976285012,
    "freq": 0.010840420210105051,
    "phase": -2.5668471606284173,
    "offset": 0.012665289449145519,
    "r2": 0.4056484611108896
  },
  "groups": {
    "k_ctx": {
      "k_ctx": [
        5,
        7
      ],
      "count": [
        32,
        32
      ],
      "mean": [
        -0.00027298950178457213,
        0.021042693624715236
      ],
      "median": [
        -8.133396462641711e-06,
        0.012194052589215569
      ],
      "std": [
        0.0010575785767209568,
        0.01939922855535296
      ]
    },
    "ib_clusters": {
      "ib_clusters": [
        32,
        64
      ],
      "count": [
        32,
        32
      ],
      "mean": [
        0.007861292619216781,
        0.012908411503713883
      ],
      "median": [
        0.002133486154019288,
        0.0007978700526221429
      ],
      "std": [
        0.012557928455158003,
        0.021002546082875304
      ]
    },
    "stride": {
      "stride": [
        1,
        2
      ],
      "count": [
        32,
        32
      ],
      "mean": [
        0.009414728641651786,
        0.011354975481278876
      ],
      "median": [
        0.00095858064398082,
        0.0022590085295486925
      ],
      "std": [
        0.016604373200728,
        0.01828408783720861
      ]
    },
    "n": {
      "n": [
        3,
        4
      ],
      "count": [
        32,
        32
      ],
      "mean": [
        0.009219593779308862,
        0.011550110343621802
      ],
      "median": [
        0.0005894187239901109,
        0.0010443477136814914
      ],
      "std": [
        0.01710690603478777,
        0.017790631957770107
      ]
    },
    "ib_max_contexts": {
      "ib_max_contexts": [
        6000,
        9000
      ],
      "count": [
        32,
        32
      ],
      "mean": [
        0.010384852061465331,
        0.010384852061465331
      ],
      "median": [
        0.00095858064398082,
        0.00095858064398082
      ],
      "std": [
        0.01749222791701114,
        0.01749222791701114
      ]
    },
    "seed": {
      "seed": [
        111,
        333
      ],
      "count": [
        32,
        32
      ],
      "mean": [
        0.009922951091675404,
        0.01084675303125526
      ],
      "median": [
        0.0018231074171335938,
        0.00095858064398082
      ],
      "std": [
        0.016567640569783642,
        0.018358346637488945
      ]
    }
  },
  "main_effects": {
    "betas": {
      "n_3": -0.033840844568088536,
      "n_4": 0.033840844568088564,
      "k_ctx_5": -0.3095196706997731,
      "k_ctx_7": 0.3095196706997731,
      "ib_clusters_32": -0.0732879432407227,
      "ib_clusters_64": 0.07328794324072278,
      "ib_max_contexts_6000": 0.0,
      "ib_max_contexts_9000": -2.7755575615628914e-17,
      "stride_1": -0.028173836105259586,
      "stride_2": 0.028173836105259586,
      "seed_111": -0.013414295494714484,
      "seed_333": 0.01341429549471454
    },
    "betas_group": {
      "n": 0.047858181350350706,
      "k_ctx": 0.4377269161248734,
      "ib_clusters": 0.1036448032894597,
      "ib_max_contexts": 2.7755575615628914e-17,
      "stride": 0.039843821124134884,
      "seed": 0.01897067861830557
    },
    "r2": 0.4131698875441604
  }
}