{
  "H_base": 3.4425993180014416,
  "H_ib": 3.442379759988985,
  "H_hash": 3.4418494804269932,
  "delta_ib": {
    "mean": -0.00021955801245673816,
    "lo95": -0.0002715266149254523,
    "hi95": -0.00017049988162903788,
    "p_le_0": 1.0
  },
  "delta_hash": {
    "mean": -0.0007498375744483675,
    "lo95": -0.001135295896778855,
    "hi95": -0.000422779407606922,
    "p_le_0": 1.0
  },
  "k_ctx": 7,
  "ib_clusters": 32,
  "stride": 1,
  "label_mode": "ib",
  "null_label": "C-1",
  "n_clusters": 32,
  "n_gram_order": 3,
  "coverage_train": {
    "full_frac": 0.03832984909020777,
    "backoff_frac": 0.9616701509097922,
    "null_frac": 3.333444448148272e-05
  },
  "coverage_test": {
    "full_frac": 0.000333359261275877,
    "backoff_frac": 0.9996666407387241,
    "null_frac": 7.778382763103797e-05
  },
  "control": "block",
  "control_tag": "ctrl-block-2-111"
}