{
  "model_runs": 64,
  "valid_metric_runs": 64,
  "metric_name": "delta_ib.mean",
  "mean": -0.0004034310401956566,
  "median": -0.00017510992953527292,
  "std": 0.0005490504443951872,
  "min": -0.001684672402282774,
  "max": 0.0,
  "robust_median": -0.00017510992953527292,
  "robust_mad": 0.00017510992953527292,
  "sinusoid_fit": {
    "amp": 0.0005698779266347722,
    "freq": 0.24975087543771887,
    "phase": -2.3023832245825275,
    "offset": -0.00040343388244342294,
    "r2": 0.5394948298954974
  },
  "groups": {
    "k_ctx": {
      "k_ctx": [
        5,
        7
      ],
      "count": [
        32,
        32
      ],
      "mean": [
        -0.00031587607542802015,
        -0.000490986004963293
      ],
      "median": [
        -0.00017510992953527292,
        -0.00017510992953527292
      ],
      "std": [
        0.0003844502070743517,
        0.0006772985328194537
      ]
    },
    "ib_clusters": {
      "ib_clusters": [
        32,
        64
      ],
      "count": [
        32,
        32
      ],
      "mean": [
        -0.0003856939798206197,
        -0.0004211681005706935
      ],
      "median": [
        -0.00017510992953527292,
        -0.00017510992953527292
      ],
      "std": [
        0.0005309985927279505,
        0.0005828829824924065
      ]
    },
    "stride": {
      "stride": [
        1,
        2
      ],
      "count": [
        32,
        32
      ],
      "mean": [
        -0.0003856939798206197,
        -0.0004211681005706935
      ],
      "median": [
        -0.00017510992953527292,
        -0.00017510992953527292
      ],
      "std": [
        0.0005309985927279505,
        0.0005828829824924065
      ]
    },
    "n": {
      "n": [
        3,
        4
      ],
      "count": [
        32,
        32
      ],
      "mean": [
        -0.0008068620803913132,
        0.0
      ],
      "median": [
        -0.0005253297886058188,
        0.0
      ],
      "std": [
        0.0005351148903776675,
        0.0
      ]
    },
    "ib_max_contexts": {
      "ib_max_contexts": [
        6000,
        9000
      ],
      "count": [
        32,
        32
      ],
      "mean": [
        -0.0004034310401956566,
        -0.0004034310401956566
      ],
      "median": [
        -0.00017510992953527292,
        -0.00017510992953527292
      ],
      "std": [
        0.0005578358093415984,
        0.0005578358093415984
      ]
    },
    "seed": {
      "seed": [
        111,
        333
      ],
      "count": [
        32,
        32
      ],
      "mean": [
        -0.0006317521508560403,
        -0.00017510992953527292
      ],
      "median": [
        -0.00035021985907054585,
        -0.00017510992953527292
      ],
      "std": [
        0.0006950428972886164,
        0.00017791186631979254
      ]
    }
  },
  "main_effects": {
    "betas": {
      "n_3": -0.36738910817994636,
      "n_4": 0.36738910817994647,
      "k_ctx_5": 0.0797329338047671,
      "k_ctx_7": -0.0797329338047671,
      "ib_clusters_32": 0.016152457653626107,
      "ib_clusters_64": -0.01615245765362614,
      "ib_max_contexts_6000": 1.6479873021779667e-17,
      "ib_max_contexts_9000": 7.806255641895632e-18,
      "stride_1": 0.016152457653626127,
      "stride_2": -0.016152457653626127,
      "seed_111": -0.20792324057041253,
      "seed_333": 0.2079232405704126
    },
    "betas_group": {
      "n": 0.5195666594562364,
      "k_ctx": 0.11275939635449787,
      "ib_clusters": 0.022843024679415166,
      "ib_max_contexts": 1.8235236273780735e-17,
      "stride": 0.02284302467941517,
      "seed": 0.2940478667472412
    },
    "r2": 0.7403465950093784
  }
}