{
  "H_base": 3.3724112492744167,
  "H_ib": 3.3730135266725596,
  "H_hash": 3.2430169660763317,
  "delta_ib": {
    "mean": 0.0006022773981428545,
    "lo95": 0.00024127392808864277,
    "hi95": 0.0009848740098429996,
    "p_le_0": 0.0005
  },
  "delta_hash": {
    "mean": -0.12939428319808488,
    "lo95": -0.13305767609811936,
    "hi95": -0.1258236096674211,
    "p_le_0": 1.0
  },
  "k_ctx": 7,
  "ib_clusters": 32,
  "stride": 1,
  "label_mode": "ib",
  "null_label": "C-1",
  "n_clusters": 32,
  "n_gram_order": 3,
  "coverage_train": {
    "full_frac": 0.017786307162619707,
    "backoff_frac": 0.9822136928373802,
    "null_frac": 3.333444448148272e-05
  },
  "coverage_test": {
    "full_frac": 0.0,
    "backoff_frac": 1.0,
    "null_frac": 7.778382763103797e-05
  },
  "control": "global",
  "control_tag": "ctrl-global-333"
}