{
  "H_base": 3.9183900814098047,
  "H_ib": 3.926201748614425,
  "H_hash": 4.881554622644464,
  "delta_ib": {
    "mean": 0.007811667204620395,
    "lo95": -0.0012791917466185012,
    "hi95": 0.020467380649940456,
    "p_le_0": 0.0615
  },
  "delta_hash": {
    "mean": 0.9631645412346594,
    "lo95": 0.6198567120930866,
    "hi95": 1.3029127439438375,
    "p_le_0": 0.0
  },
  "k_ctx": 7,
  "ib_clusters": 64,
  "stride": 2,
  "label_mode": "ib",
  "null_label": "C-1",
  "n_clusters": 64,
  "n_gram_order": 3,
  "coverage_train": {
    "full_frac": 0.08403267937531263,
    "backoff_frac": 0.9159673206246873,
    "null_frac": 0.000389040182293114
  },
  "coverage_test": {
    "full_frac": 0.0,
    "backoff_frac": 1.0,
    "null_frac": 0.0035122930255895636
  },
  "control": "block",
  "control_tag": "ctrl-block-2-111"
}