{
  "H_base": 3.7509649830559657,
  "H_ib": 3.7886214352873906,
  "H_hash": 3.1440791933171024,
  "delta_ib": {
    "mean": 0.037656452231425025,
    "lo95": 0.03370504187119956,
    "hi95": 0.041610379715724656,
    "p_le_0": 0.0
  },
  "delta_hash": {
    "mean": -0.6068857897388633,
    "lo95": -0.6509685384551213,
    "hi95": -0.5636036480235826,
    "p_le_0": 1.0
  },
  "k_ctx": 7,
  "ib_clusters": 32,
  "stride": 2,
  "label_mode": "ib",
  "null_label": "C-1",
  "n_clusters": 32,
  "n_gram_order": 4,
  "coverage_train": {
    "full_frac": 0.020082891222013052,
    "backoff_frac": 0.979917108777987,
    "null_frac": 5.2086046148236886e-05
  },
  "coverage_test": {
    "full_frac": 0.0,
    "backoff_frac": 1.0,
    "null_frac": 0.00012154254857361138
  },
  "control": "global",
  "control_tag": "ctrl-global-333"
}