{
  "H_base": 5.252291420871503,
  "H_ib": 5.251590981153361,
  "H_hash": 5.022126159056817,
  "delta_ib": {
    "mean": -0.0007004397181410917,
    "lo95": -0.0021013191544232753,
    "hi95": 0.0,
    "p_le_0": 1.0
  },
  "delta_hash": {
    "mean": -0.23016526181468583,
    "lo95": -0.29304148611824055,
    "hi95": -0.16543278884997306,
    "p_le_0": 1.0
  },
  "k_ctx": 5,
  "ib_clusters": 32,
  "stride": 1,
  "label_mode": "ib",
  "null_label": "C-1",
  "n_clusters": 32,
  "n_gram_order": 3,
  "coverage_train": {
    "full_frac": 0.07007502083912198,
    "backoff_frac": 0.929924979160878,
    "null_frac": 0.0002778549597110308
  },
  "coverage_test": {
    "full_frac": 0.0,
    "backoff_frac": 1.0,
    "null_frac": 0.002506265664160401
  },
  "control": "global",
  "control_tag": "ctrl-global-111"
}