{
  "H_base": 5.432465333321061,
  "H_ib": 5.4321151134619905,
  "H_hash": 5.416532531831766,
  "delta_ib": {
    "mean": -0.00035021985907054585,
    "lo95": -0.0010506595772116377,
    "hi95": 0.0,
    "p_le_0": 1.0
  },
  "delta_hash": {
    "mean": -0.015932801489294518,
    "lo95": -0.029010151578723012,
    "hi95": -0.004461688248208274,
    "p_le_0": 0.9985
  },
  "k_ctx": 5,
  "ib_clusters": 64,
  "stride": 1,
  "label_mode": "ib",
  "null_label": "C-1",
  "n_clusters": 64,
  "n_gram_order": 4,
  "coverage_train": {
    "full_frac": 0.0963601000277855,
    "backoff_frac": 0.9036398999722145,
    "null_frac": 0.0002778549597110308
  },
  "coverage_test": {
    "full_frac": 0.0010025062656641604,
    "backoff_frac": 0.9989974937343359,
    "null_frac": 0.002506265664160401
  },
  "control": "block",
  "control_tag": "ctrl-block-2-111"
}