{
  "H_base": 3.0077488054697,
  "H_ib": 3.009988601380382,
  "H_hash": 3.007864877540415,
  "delta_ib": {
    "mean": 0.0022397959106818205,
    "lo95": 0.001538291938316879,
    "hi95": 0.0029456094349812854,
    "p_le_0": 0.0
  },
  "delta_hash": {
    "mean": 0.00011607207071507142,
    "lo95": -0.00016226528327344892,
    "hi95": 0.0003992200384151897,
    "p_le_0": 0.2035
  },
  "k_ctx": 5,
  "ib_clusters": 64,
  "stride": 1,
  "label_mode": "ib",
  "null_label": "C-1",
  "n_clusters": 64,
  "n_gram_order": 3,
  "coverage_train": {
    "full_frac": 0.09344984404390581,
    "backoff_frac": 0.9065501559560942,
    "null_frac": 2.381009071644563e-05
  },
  "coverage_test": {
    "full_frac": 0.06487027057058725,
    "backoff_frac": 0.9351297294294127,
    "null_frac": 5.555864214678593e-05
  },
  "control": "global",
  "control_tag": "ctrl-global-111"
}