{
  "H_base": 5.432465333321061,
  "H_ib": 5.431645628178689,
  "H_hash": 5.023250144092222,
  "delta_ib": {
    "mean": -0.0008197051423717663,
    "lo95": -0.0019896301438140783,
    "hi95": 0.0,
    "p_le_0": 1.0
  },
  "delta_hash": {
    "mean": -0.40921518922883915,
    "lo95": -0.5334806248730136,
    "hi95": -0.3000308688179989,
    "p_le_0": 1.0
  },
  "k_ctx": 7,
  "ib_clusters": 64,
  "stride": 1,
  "label_mode": "ib",
  "null_label": "C-1",
  "n_clusters": 64,
  "n_gram_order": 4,
  "coverage_train": {
    "full_frac": 0.08403267937531263,
    "backoff_frac": 0.9159673206246873,
    "null_frac": 0.000389040182293114
  },
  "coverage_test": {
    "full_frac": 0.0,
    "backoff_frac": 1.0,
    "null_frac": 0.0035122930255895636
  },
  "control": "block",
  "control_tag": "ctrl-block-2-111"
}