{
  "H_base": 3.0077488054697,
  "H_ib": 3.025034332138105,
  "H_hash": 3.0261442580370455,
  "delta_ib": {
    "mean": 0.0172855266684045,
    "lo95": 0.015584047958490917,
    "hi95": 0.01903833982335517,
    "p_le_0": 0.0
  },
  "delta_hash": {
    "mean": 0.018395452567345153,
    "lo95": 0.015590211940038201,
    "hi95": 0.02128529482784175,
    "p_le_0": 0.0
  },
  "k_ctx": 7,
  "ib_clusters": 32,
  "stride": 2,
  "label_mode": "ib",
  "null_label": "C-1",
  "n_clusters": 32,
  "n_gram_order": 3,
  "coverage_train": {
    "full_frac": 0.01249089255356131,
    "backoff_frac": 0.9875091074464387,
    "null_frac": 3.333444448148272e-05
  },
  "coverage_test": {
    "full_frac": 0.0007333903748069294,
    "backoff_frac": 0.9992666096251931,
    "null_frac": 7.778382763103797e-05
  },
  "control": "global",
  "control_tag": "ctrl-global-111"
}