{
  "H_base": 3.992799039930589,
  "H_ib": 3.9928029417674344,
  "H_hash": 3.983807175921316,
  "delta_ib": {
    "mean": 3.901836845693987e-06,
    "lo95": 0.0,
    "hi95": 1.1705510537081961e-05,
    "p_le_0": 0.374
  },
  "delta_hash": {
    "mean": -0.008991864009272888,
    "lo95": -0.010107136003672553,
    "hi95": -0.007938941851945259,
    "p_le_0": 1.0
  },
  "k_ctx": 5,
  "ib_clusters": 64,
  "stride": 1,
  "label_mode": "ib",
  "null_label": "C-1",
  "n_clusters": 64,
  "n_gram_order": 4,
  "coverage_train": {
    "full_frac": 0.14701778613776517,
    "backoff_frac": 0.8529822138622348,
    "null_frac": 2.381009071644563e-05
  },
  "coverage_test": {
    "full_frac": 0.0,
    "backoff_frac": 1.0,
    "null_frac": 5.555864214678593e-05
  },
  "control": "global",
  "control_tag": "ctrl-global-333"
}