{
  "H_base": 2.9181494235576086,
  "H_ib": 2.9411542347138573,
  "H_hash": 2.997446667864837,
  "delta_ib": {
    "mean": 0.023004811156248892,
    "lo95": 0.02084583717900315,
    "hi95": 0.025298006622061737,
    "p_le_0": 0.0
  },
  "delta_hash": {
    "mean": 0.07929724430722818,
    "lo95": 0.07448298637563071,
    "hi95": 0.08415745099126586,
    "p_le_0": 0.0
  },
  "k_ctx": 7,
  "ib_clusters": 64,
  "stride": 1,
  "label_mode": "ib",
  "null_label": "C-1",
  "n_clusters": 64,
  "n_gram_order": 4,
  "coverage_train": {
    "full_frac": 0.02211978494521246,
    "backoff_frac": 0.9778802150547875,
    "null_frac": 3.333444448148272e-05
  },
  "coverage_test": {
    "full_frac": 0.015779005033724845,
    "backoff_frac": 0.9842209949662751,
    "null_frac": 7.778382763103797e-05
  },
  "control": "block",
  "control_tag": "ctrl-block-2-111"
}