{
  "H_base": 3.9183900814098047,
  "H_ib": 3.9183616894921003,
  "H_hash": 3.9240147761710675,
  "delta_ib": {
    "mean": -2.8391917704334467e-05,
    "lo95": -0.0012218208363381424,
    "hi95": 0.0015772176746111203,
    "p_le_0": 0.5715
  },
  "delta_hash": {
    "mean": 0.005624694761262636,
    "lo95": -0.0031835762118513932,
    "hi95": 0.01469128577276067,
    "p_le_0": 0.109
  },
  "k_ctx": 5,
  "ib_clusters": 32,
  "stride": 1,
  "label_mode": "ib",
  "null_label": "C-1",
  "n_clusters": 32,
  "n_gram_order": 3,
  "coverage_train": {
    "full_frac": 0.08213392609058072,
    "backoff_frac": 0.9178660739094193,
    "null_frac": 0.0002778549597110308
  },
  "coverage_test": {
    "full_frac": 0.0010025062656641604,
    "backoff_frac": 0.9989974937343359,
    "null_frac": 0.002506265664160401
  },
  "control": "block",
  "control_tag": "ctrl-block-2-111"
}