{
  "H_base": 0.25993409155669034,
  "H_ib": 0.262371979007071,
  "H_hash": 4.773932965470314,
  "delta_ib": {
    "mean": 0.002437887450380618,
    "lo95": -0.00013898801463557283,
    "hi95": 0.007438394129293724,
    "p_le_0": 0.2985
  },
  "delta_hash": {
    "mean": 4.513998873913623,
    "lo95": 4.455966334674035,
    "hi95": 4.572752051142539,
    "p_le_0": 0.0
  },
  "k_ctx": 5,
  "ib_clusters": 32,
  "stride": 2,
  "label_mode": "ib",
  "null_label": "C-1",
  "n_clusters": 32,
  "n_gram_order": 4,
  "coverage_train": {
    "full_frac": 1.0,
    "backoff_frac": 0.0,
    "null_frac": 0.0002778549597110308
  },
  "coverage_test": {
    "full_frac": 1.0,
    "backoff_frac": 0.0,
    "null_frac": 0.002506265664160401
  },
  "control": "none",
  "control_tag": "true",
  "notes": "Bits/token. delta<0 helps. Hash control preserves label histogram."
}