{
  "H_base": 5.017516568814675,
  "H_ib": 5.017516568814675,
  "H_hash": 5.000605600161175,
  "delta_ib": {
    "mean": 0.0,
    "lo95": 0.0,
    "hi95": 0.0,
    "p_le_0": 1.0
  },
  "delta_hash": {
    "mean": -0.016910968653499666,
    "lo95": -0.028502074873150852,
    "hi95": -0.0041086621114985004,
    "p_le_0": 0.996
  },
  "k_ctx": 5,
  "ib_clusters": 64,
  "stride": 1,
  "label_mode": "ib",
  "null_label": "C-1",
  "n_clusters": 64,
  "n_gram_order": 4,
  "coverage_train": {
    "full_frac": 0.08580161155876632,
    "backoff_frac": 0.9141983884412337,
    "null_frac": 0.0002778549597110308
  },
  "coverage_test": {
    "full_frac": 0.005513784461152882,
    "backoff_frac": 0.9944862155388471,
    "null_frac": 0.002506265664160401
  },
  "control": "block",
  "control_tag": "ctrl-block-2-333"
}