{
  "H_base": 2.453687368234189,
  "H_ib": 2.5139036965978447,
  "H_hash": 4.86065376548035,
  "delta_ib": {
    "mean": 0.0602163283636559,
    "lo95": 0.038599510479420444,
    "hi95": 0.08167638430651002,
    "p_le_0": 0.0
  },
  "delta_hash": {
    "mean": 2.4069663972461615,
    "lo95": 2.285567294984038,
    "hi95": 2.5207596944332975,
    "p_le_0": 0.0
  },
  "k_ctx": 7,
  "ib_clusters": 64,
  "stride": 1,
  "label_mode": "ib",
  "null_label": "C-1",
  "n_clusters": 64,
  "n_gram_order": 3,
  "coverage_train": {
    "full_frac": 0.08642249763797032,
    "backoff_frac": 0.9135775023620297,
    "null_frac": 0.000389040182293114
  },
  "coverage_test": {
    "full_frac": 0.0,
    "backoff_frac": 1.0,
    "null_frac": 0.0035122930255895636
  },
  "control": "block",
  "control_tag": "ctrl-block-2-333"
}