{
  "model_runs": 64,
  "valid_metric_runs": 64,
  "metric_name": "delta_ib.mean",
  "mean": -0.009410299167033629,
  "median": -0.004992190611660761,
  "std": 0.024713100698749494,
  "min": -0.04896235388290516,
  "max": 0.03496435736649269,
  "robust_median": -0.004992190611660761,
  "robust_mad": 0.013630769051363761,
  "sinusoid_fit": {
    "amp": 0.022438196541117037,
    "freq": 0.010715857928964484,
    "phase": -2.4907195112396265,
    "offset": -0.006268725488216883,
    "r2": 0.4610641124542225
  },
  "groups": {
    "k_ctx": {
      "k_ctx": [
        5,
        7
      ],
      "count": [
        32,
        32
      ],
      "mean": [
        -0.024928295858516688,
        0.00610769752444943
      ],
      "median": [
        -0.024812095539576043,
        0.005539365208296808
      ],
      "std": [
        0.021044773342551507,
        0.017912067434281313
      ]
    },
    "ib_clusters": {
      "ib_clusters": [
        32,
        64
      ],
      "count": [
        32,
        32
      ],
      "mean": [
        -0.011666187972664811,
        -0.007154410361402445
      ],
      "median": [
        -0.005073320371344376,
        -0.0036124175568307743
      ],
      "std": [
        0.02105486785593102,
        0.028408858616471144
      ]
    },
    "stride": {
      "stride": [
        1,
        2
      ],
      "count": [
        32,
        32
      ],
      "mean": [
        -0.014661608667232862,
        -0.004158989666834396
      ],
      "median": [
        -0.012492691910629516,
        -0.00037617695311669124
      ],
      "std": [
        0.022092744670141762,
        0.026755487637682266
      ]
    },
    "n": {
      "n": [
        3,
        4
      ],
      "count": [
        32,
        32
      ],
      "mean": [
        -0.026445478021450246,
        0.0076248796873829875
      ],
      "median": [
        -0.03094236329197105,
        0.001294695172064977
      ],
      "std": [
        0.021141055864798683,
        0.014656596255190685
      ]
    },
    "ib_max_contexts": {
      "ib_max_contexts": [
        6000,
        9000
      ],
      "count": [
        32,
        32
      ],
      "mean": [
        -0.009410299167033629,
        -0.009410299167033629
      ],
      "median": [
        -0.004992190611660761,
        -0.004992190611660761
      ],
      "std": [
        0.025108535418477462,
        0.025108535418477462
      ]
    },
    "seed": {
      "seed": [
        111,
        333
      ],
      "count": [
        32,
        32
      ],
      "mean": [
        -0.009410299167033629,
        -0.009410299167033629
      ],
      "median": [
        -0.004992190611660761,
        -0.004992190611660761
      ],
      "std": [
        0.025108535418477455,
        0.025108535418477455
      ]
    }
  },
  "main_effects": {
    "betas": {
      "n_3": -0.3446588594208911,
      "n_4": 0.34465885942089114,
      "k_ctx_5": -0.3139629519532198,
      "k_ctx_7": 0.31396295195322,
      "ib_clusters_32": -0.04564155559350741,
      "ib_clusters_64": 0.045641555593507424,
      "ib_max_contexts_6000": 1.1102230246251565e-16,
      "ib_max_contexts_9000": -1.1102230246251565e-16,
      "stride_1": -0.10624545584594858,
      "stride_2": 0.10624545584594858,
      "seed_111": 1.1102230246251565e-16,
      "seed_333": -5.551115123125783e-17
    },
    "betas_group": {
      "n": 0.4874212333850662,
      "k_ctx": 0.444010664734936,
      "ib_clusters": 0.06454690692814379,
      "ib_max_contexts": 1.5700924586837752e-16,
      "stride": 0.1502537645978523,
      "seed": 1.2412670766236366e-16
    },
    "r2": 0.9229349232458051
  }
}