{
  "H_base": 3.3724112492744167,
  "H_ib": 3.3724011223360013,
  "H_hash": 3.3723902088349997,
  "delta_ib": {
    "mean": -1.0126938415568759e-05,
    "lo95": -4.6554737559939815e-05,
    "hi95": 1.1814191703313526e-05,
    "p_le_0": 0.6495
  },
  "delta_hash": {
    "mean": -2.1040439417152162e-05,
    "lo95": -5.7021332180872214e-05,
    "hi95": 8.298931809415238e-06,
    "p_le_0": 0.901
  },
  "k_ctx": 5,
  "ib_clusters": 32,
  "stride": 1,
  "label_mode": "ib",
  "null_label": "C-1",
  "n_clusters": 32,
  "n_gram_order": 3,
  "coverage_train": {
    "full_frac": 0.1262934831781709,
    "backoff_frac": 0.8737065168218291,
    "null_frac": 2.381009071644563e-05
  },
  "coverage_test": {
    "full_frac": 0.0,
    "backoff_frac": 1.0,
    "null_frac": 5.555864214678593e-05
  },
  "control": "global",
  "control_tag": "ctrl-global-333"
}