{
  "H_base": 2.953749389174371,
  "H_ib": 3.040137652507337,
  "H_hash": 4.912602296270105,
  "delta_ib": {
    "mean": 0.08638826333296633,
    "lo95": 0.05636863942680833,
    "hi95": 0.11754076555352139,
    "p_le_0": 0.0
  },
  "delta_hash": {
    "mean": 1.958852907095734,
    "lo95": 1.8342162766250076,
    "hi95": 2.0779398418286856,
    "p_le_0": 0.0
  },
  "k_ctx": 7,
  "ib_clusters": 64,
  "stride": 2,
  "label_mode": "ib",
  "null_label": "C-1",
  "n_clusters": 64,
  "n_gram_order": 3,
  "coverage_train": {
    "full_frac": 0.08453287389540377,
    "backoff_frac": 0.9154671261045962,
    "null_frac": 0.000389040182293114
  },
  "coverage_test": {
    "full_frac": 0.0,
    "backoff_frac": 1.0,
    "null_frac": 0.0035122930255895636
  },
  "control": "block",
  "control_tag": "ctrl-block-2-111"
}