{
  "H_base": 5.329132934303331,
  "H_ib": 5.333327810967291,
  "H_hash": 5.055629544292167,
  "delta_ib": {
    "mean": 0.004194876663960136,
    "lo95": -0.0007321532214367375,
    "hi95": 0.009718161597276896,
    "p_le_0": 0.052
  },
  "delta_hash": {
    "mean": -0.27350339001116475,
    "lo95": -0.31433762648978375,
    "hi95": -0.23672099529787172,
    "p_le_0": 1.0
  },
  "k_ctx": 5,
  "ib_clusters": 32,
  "stride": 1,
  "label_mode": "ib",
  "null_label": "C-1",
  "n_clusters": 32,
  "n_gram_order": 3,
  "coverage_train": {
    "full_frac": 0.07157543762156154,
    "backoff_frac": 0.9284245623784384,
    "null_frac": 0.0002778549597110308
  },
  "coverage_test": {
    "full_frac": 0.005513784461152882,
    "backoff_frac": 0.9944862155388471,
    "null_frac": 0.002506265664160401
  },
  "control": "block",
  "control_tag": "ctrl-block-2-333"
}