{
  "H_base": 2.9181494235576086,
  "H_ib": 2.9200000838653217,
  "H_hash": 2.9234596771280628,
  "delta_ib": {
    "mean": 0.0018506603077132148,
    "lo95": 0.001232229684159408,
    "hi95": 0.002530827996494774,
    "p_le_0": 0.0
  },
  "delta_hash": {
    "mean": 0.00531025357045418,
    "lo95": 0.003950359079915973,
    "hi95": 0.006710820419065036,
    "p_le_0": 0.0
  },
  "k_ctx": 5,
  "ib_clusters": 64,
  "stride": 1,
  "label_mode": "ib",
  "null_label": "C-1",
  "n_clusters": 64,
  "n_gram_order": 4,
  "coverage_train": {
    "full_frac": 0.14927498273768422,
    "backoff_frac": 0.8507250172623158,
    "null_frac": 2.381009071644563e-05
  },
  "coverage_test": {
    "full_frac": 0.21314517473192957,
    "backoff_frac": 0.7868548252680705,
    "null_frac": 5.555864214678593e-05
  },
  "control": "block",
  "control_tag": "ctrl-block-2-111"
}