{
  "H_base": 3.0029576363913177,
  "H_ib": 3.0094982451195893,
  "H_hash": 3.0117189475908352,
  "delta_ib": {
    "mean": 0.006540608728271804,
    "lo95": 0.005491662666740508,
    "hi95": 0.007586167344751442,
    "p_le_0": 0.0
  },
  "delta_hash": {
    "mean": 0.008761311199517773,
    "lo95": 0.007274703863037577,
    "hi95": 0.01028950245894661,
    "p_le_0": 0.0
  },
  "k_ctx": 7,
  "ib_clusters": 32,
  "stride": 1,
  "label_mode": "ib",
  "null_label": "C-1",
  "n_clusters": 32,
  "n_gram_order": 3,
  "coverage_train": {
    "full_frac": 0.013824270332820618,
    "backoff_frac": 0.9861757296671794,
    "null_frac": 3.333444448148272e-05
  },
  "coverage_test": {
    "full_frac": 0.0007778382763103797,
    "backoff_frac": 0.9992221617236896,
    "null_frac": 7.778382763103797e-05
  },
  "control": "global",
  "control_tag": "ctrl-global-333"
}