{
  "H_base": 1.592939637535344,
  "H_ib": 1.5921288938711482,
  "H_hash": 2.256396901231076,
  "delta_ib": {
    "mean": -0.0008107436641957962,
    "lo95": -0.000813017368500765,
    "hi95": -0.0008084749480710192,
    "p_le_0": 1.0
  },
  "delta_hash": {
    "mean": 0.6634572636957321,
    "lo95": 0.6538050149351333,
    "hi95": 0.6729339662552407,
    "p_le_0": 0.0
  },
  "k_ctx": 7,
  "ib_clusters": 64,
  "stride": 1,
  "label_mode": "ib",
  "null_label": "C-1",
  "n_clusters": 64,
  "n_gram_order": 3,
  "coverage_train": {
    "full_frac": 0.26284107059147427,
    "backoff_frac": 0.7059073017195836,
    "null_frac": 0.03130371373509037
  },
  "coverage_test": {
    "full_frac": 0.07639817338912715,
    "backoff_frac": 0.5712499782959735,
    "null_frac": 0.352473390863473
  },
  "control": "block",
  "control_tag": "ctrl-block-2-333"
}