{
  "H_base": 3.9872474191349685,
  "H_ib": 3.987197633216779,
  "H_hash": 3.986400300374636,
  "delta_ib": {
    "mean": -4.978591818941058e-05,
    "lo95": -9.245846477920665e-05,
    "hi95": 4.144922968036393e-06,
    "p_le_0": 0.964
  },
  "delta_hash": {
    "mean": -0.0008471187603325982,
    "lo95": -0.0013301176482687271,
    "hi95": -0.000385164458376597,
    "p_le_0": 1.0
  },
  "k_ctx": 7,
  "ib_clusters": 32,
  "stride": 1,
  "label_mode": "ib",
  "null_label": "C-1",
  "n_clusters": 32,
  "n_gram_order": 4,
  "coverage_train": {
    "full_frac": 0.03832984909020777,
    "backoff_frac": 0.9616701509097922,
    "null_frac": 3.333444448148272e-05
  },
  "coverage_test": {
    "full_frac": 0.000333359261275877,
    "backoff_frac": 0.9996666407387241,
    "null_frac": 7.778382763103797e-05
  },
  "control": "block",
  "control_tag": "ctrl-block-2-111"
}