{
  "H_base": 0.14836178701265826,
  "H_ib": 0.11234900510088704,
  "H_hash": 4.822941592617104,
  "delta_ib": {
    "mean": -0.036012781911771215,
    "lo95": -0.04839459686064361,
    "hi95": -0.019308797326014704,
    "p_le_0": 0.9995
  },
  "delta_hash": {
    "mean": 4.674579805604446,
    "lo95": 4.633780920975635,
    "hi95": 4.712725555465037,
    "p_le_0": 0.0
  },
  "k_ctx": 7,
  "ib_clusters": 64,
  "stride": 1,
  "label_mode": "ib",
  "null_label": "C-1",
  "n_clusters": 64,
  "n_gram_order": 4,
  "coverage_train": {
    "full_frac": 1.0,
    "backoff_frac": 0.0,
    "null_frac": 0.000389040182293114
  },
  "coverage_test": {
    "full_frac": 1.0,
    "backoff_frac": 0.0,
    "null_frac": 0.0035122930255895636
  },
  "notes": "Bits/token. delta<0 means conditional helps. Hash control preserves label histogram."
}