{
  "H_base": 5.222420101089953,
  "H_ib": 5.222069881230882,
  "H_hash": 5.004577284035181,
  "delta_ib": {
    "mean": -0.00035021985907054585,
    "lo95": -0.0010506595772116377,
    "hi95": 0.0,
    "p_le_0": 1.0
  },
  "delta_hash": {
    "mean": -0.217842817054771,
    "lo95": -0.2367621838175479,
    "hi95": -0.19854520926775263,
    "p_le_0": 1.0
  },
  "k_ctx": 5,
  "ib_clusters": 32,
  "stride": 2,
  "label_mode": "ib",
  "null_label": "C-1",
  "n_clusters": 32,
  "n_gram_order": 3,
  "coverage_train": {
    "full_frac": 0.06990830786329535,
    "backoff_frac": 0.9300916921367046,
    "null_frac": 0.0002778549597110308
  },
  "coverage_test": {
    "full_frac": 0.0,
    "backoff_frac": 1.0,
    "null_frac": 0.002506265664160401
  },
  "control": "global",
  "control_tag": "ctrl-global-333"
}