{
  "H_base": 3.1200526821798125,
  "H_ib": 3.121767902270319,
  "H_hash": 3.08452643358409,
  "delta_ib": {
    "mean": 0.0017152200905066006,
    "lo95": 0.0010939017421108543,
    "hi95": 0.0024116358940446062,
    "p_le_0": 0.0
  },
  "delta_hash": {
    "mean": -0.03552624859572266,
    "lo95": -0.038682403097509484,
    "hi95": -0.03246300965788335,
    "p_le_0": 1.0
  },
  "k_ctx": 7,
  "ib_clusters": 32,
  "stride": 1,
  "label_mode": "ib",
  "null_label": "C-1",
  "n_clusters": 32,
  "n_gram_order": 4,
  "coverage_train": {
    "full_frac": 0.013824270332820618,
    "backoff_frac": 0.9861757296671794,
    "null_frac": 3.333444448148272e-05
  },
  "coverage_test": {
    "full_frac": 0.0007778382763103797,
    "backoff_frac": 0.9992221617236896,
    "null_frac": 7.778382763103797e-05
  },
  "control": "global",
  "control_tag": "ctrl-global-333"
}