{
  "H_base": 5.810018269537211,
  "H_ib": 5.819247115070277,
  "H_hash": 5.019955983558055,
  "delta_ib": {
    "mean": 0.009228845533066361,
    "lo95": -0.006480941095305291,
    "hi95": 0.026383789631114013,
    "p_le_0": 0.1275
  },
  "delta_hash": {
    "mean": -0.7900622859791551,
    "lo95": -0.9193666472748759,
    "hi95": -0.6496681054743503,
    "p_le_0": 1.0
  },
  "k_ctx": 7,
  "ib_clusters": 64,
  "stride": 1,
  "label_mode": "ib",
  "null_label": "C-1",
  "n_clusters": 64,
  "n_gram_order": 4,
  "coverage_train": {
    "full_frac": 0.08536653142888902,
    "backoff_frac": 0.9146334685711109,
    "null_frac": 0.000389040182293114
  },
  "coverage_test": {
    "full_frac": 0.0,
    "backoff_frac": 1.0,
    "null_frac": 0.0035122930255895636
  },
  "control": "block",
  "control_tag": "ctrl-block-2-111"
}