{
  "H_base": 2.6074314795214337,
  "H_ib": 2.6041517053451564,
  "H_hash": 2.6471859497342787,
  "delta_ib": {
    "mean": -0.0032797741762771314,
    "lo95": -0.0033769469324213706,
    "hi95": -0.0031871878785384423,
    "p_le_0": 1.0
  },
  "delta_hash": {
    "mean": 0.0397544702128448,
    "lo95": 0.03856951594299814,
    "hi95": 0.04098633501587196,
    "p_le_0": 0.0
  },
  "k_ctx": 5,
  "ib_clusters": 64,
  "stride": 1,
  "label_mode": "ib",
  "null_label": "C-1",
  "n_clusters": 64,
  "n_gram_order": 4,
  "coverage_train": {
    "full_frac": 0.8335801183079727,
    "backoff_frac": 0.16641988169202723,
    "null_frac": 3.720376502102013e-05
  },
  "coverage_test": {
    "full_frac": 0.6163729490407154,
    "backoff_frac": 0.3836270509592847,
    "null_frac": 8.681309141418526e-05
  },
  "control": "block",
  "control_tag": "ctrl-block-2-111"
}