{
  "H_base": 2.5699526488454447,
  "H_ib": 2.620654326193104,
  "H_hash": 4.716591751011019,
  "delta_ib": {
    "mean": 0.05070167734765941,
    "lo95": 0.03150251147153626,
    "hi95": 0.07155624501370497,
    "p_le_0": 0.0
  },
  "delta_hash": {
    "mean": 2.1466391021655746,
    "lo95": 2.0037255833669394,
    "hi95": 2.2876623882904417,
    "p_le_0": 0.0
  },
  "k_ctx": 7,
  "ib_clusters": 32,
  "stride": 2,
  "label_mode": "ib",
  "null_label": "C-1",
  "n_clusters": 32,
  "n_gram_order": 3,
  "coverage_train": {
    "full_frac": 0.07047185016395265,
    "backoff_frac": 0.9295281498360474,
    "null_frac": 0.000389040182293114
  },
  "coverage_test": {
    "full_frac": 0.0,
    "backoff_frac": 1.0,
    "null_frac": 0.0035122930255895636
  },
  "control": "block",
  "control_tag": "ctrl-block-2-111"
}