{
  "H_base": 2.9181494235576086,
  "H_ib": 2.918939624174888,
  "H_hash": 2.9200050708205647,
  "delta_ib": {
    "mean": 0.0007902006172799194,
    "lo95": 0.0004043129028718711,
    "hi95": 0.001253607318826198,
    "p_le_0": 0.0
  },
  "delta_hash": {
    "mean": 0.0018556472629564227,
    "lo95": 0.0011080492705112586,
    "hi95": 0.002572935630219741,
    "p_le_0": 0.0
  },
  "k_ctx": 5,
  "ib_clusters": 32,
  "stride": 1,
  "label_mode": "ib",
  "null_label": "C-1",
  "n_clusters": 32,
  "n_gram_order": 4,
  "coverage_train": {
    "full_frac": 0.12962213386033,
    "backoff_frac": 0.8703778661396699,
    "null_frac": 2.381009071644563e-05
  },
  "coverage_test": {
    "full_frac": 0.19274404133562975,
    "backoff_frac": 0.8072559586643703,
    "null_frac": 5.555864214678593e-05
  },
  "control": "block",
  "control_tag": "ctrl-block-2-111"
}