{
  "H_base": 6.269187095126037,
  "H_ib": 6.265309651374955,
  "H_hash": 5.128288051923175,
  "delta_ib": {
    "mean": -0.003877443751081734,
    "lo95": -0.011632331253245202,
    "hi95": 0.0,
    "p_le_0": 1.0
  },
  "delta_hash": {
    "mean": -1.140899043202863,
    "lo95": -1.5341987058438173,
    "hi95": -0.7592166100822844,
    "p_le_0": 1.0
  },
  "k_ctx": 7,
  "ib_clusters": 64,
  "stride": 2,
  "label_mode": "ib",
  "null_label": "C-1",
  "n_clusters": 64,
  "n_gram_order": 4,
  "coverage_train": {
    "full_frac": 0.08614461179347524,
    "backoff_frac": 0.9138553882065248,
    "null_frac": 0.000389040182293114
  },
  "coverage_test": {
    "full_frac": 0.0010035122930255895,
    "backoff_frac": 0.9989964877069744,
    "null_frac": 0.0035122930255895636
  },
  "control": "block",
  "control_tag": "ctrl-block-2-333"
}