{
  "H_base": 5.299163949507389,
  "H_ib": 5.297405273798415,
  "H_hash": 5.012058371802249,
  "delta_ib": {
    "mean": -0.0017586757089742072,
    "lo95": -0.0035173514179484143,
    "hi95": -0.00046948528330122044,
    "p_le_0": 1.0
  },
  "delta_hash": {
    "mean": -0.28710557770514067,
    "lo95": -0.3086664525713136,
    "hi95": -0.2647908904733988,
    "p_le_0": 1.0
  },
  "k_ctx": 5,
  "ib_clusters": 32,
  "stride": 2,
  "label_mode": "ib",
  "null_label": "C-1",
  "n_clusters": 32,
  "n_gram_order": 3,
  "coverage_train": {
    "full_frac": 0.06985273687135315,
    "backoff_frac": 0.9301472631286468,
    "null_frac": 0.0002778549597110308
  },
  "coverage_test": {
    "full_frac": 0.0,
    "backoff_frac": 1.0,
    "null_frac": 0.002506265664160401
  },
  "control": "global",
  "control_tag": "ctrl-global-333"
}