{
  "H_base": 2.9201708943729208,
  "H_ib": 2.923233397866459,
  "H_hash": 3.0855337850387894,
  "delta_ib": {
    "mean": 0.0030625034935380857,
    "lo95": 4.5342985460754104e-05,
    "hi95": 0.009051481524231995,
    "p_le_0": 0.001
  },
  "delta_hash": {
    "mean": 0.1653628906658684,
    "lo95": 0.13940503430703327,
    "hi95": 0.1897263236742003,
    "p_le_0": 0.0
  },
  "k_ctx": 5,
  "ib_clusters": 32,
  "stride": 2,
  "label_mode": "ib",
  "null_label": "C-1",
  "n_clusters": 32,
  "n_gram_order": 3,
  "coverage_train": {
    "full_frac": 0.09180327868852459,
    "backoff_frac": 0.9081967213114754,
    "null_frac": 0.0002778549597110308
  },
  "coverage_test": {
    "full_frac": 0.005513784461152882,
    "backoff_frac": 0.9944862155388471,
    "null_frac": 0.002506265664160401
  },
  "control": "block",
  "control_tag": "ctrl-block-2-333"
}