{
  "H_base": 0.766841945581487,
  "H_ib": 0.6754780811795276,
  "H_hash": 4.786250783252168,
  "delta_ib": {
    "mean": -0.09136386440195948,
    "lo95": -0.11509818037763084,
    "hi95": -0.06743494268231869,
    "p_le_0": 1.0
  },
  "delta_hash": {
    "mean": 4.019408837670681,
    "lo95": 3.946282681735566,
    "hi95": 4.0903081378923,
    "p_le_0": 0.0
  },
  "k_ctx": 7,
  "ib_clusters": 64,
  "stride": 2,
  "label_mode": "ib",
  "null_label": "C-1",
  "n_clusters": 64,
  "n_gram_order": 3,
  "coverage_train": {
    "full_frac": 0.9916078474962485,
    "backoff_frac": 0.008392152503751459,
    "null_frac": 0.000389040182293114
  },
  "coverage_test": {
    "full_frac": 0.9739086803813347,
    "backoff_frac": 0.02609131961866533,
    "null_frac": 0.0035122930255895636
  },
  "notes": "Bits/token. delta<0 means conditional helps. Hash control preserves label histogram."
}