{
  "H_base": 2.167839564262961,
  "H_ib": 2.1657356277566615,
  "H_hash": 2.2839806445752795,
  "delta_ib": {
    "mean": -0.002103936506299682,
    "lo95": -0.004342234751457173,
    "hi95": -0.0004405725913859813,
    "p_le_0": 1.0
  },
  "delta_hash": {
    "mean": 0.11614108031231836,
    "lo95": 0.07934957424756654,
    "hi95": 0.15129069919757124,
    "p_le_0": 0.0
  },
  "k_ctx": 5,
  "ib_clusters": 32,
  "stride": 2,
  "label_mode": "ib",
  "null_label": "C-1",
  "n_clusters": 32,
  "n_gram_order": 4,
  "coverage_train": {
    "full_frac": 0.39238677410391776,
    "backoff_frac": 0.6076132258960822,
    "null_frac": 0.0002778549597110308
  },
  "coverage_test": {
    "full_frac": 0.6521303258145363,
    "backoff_frac": 0.34786967418546366,
    "null_frac": 0.002506265664160401
  },
  "notes": "Bits/token. delta<0 means conditional helps. Hash control preserves label histogram."
}