{
  "H_base": 1.841926414935292,
  "H_ib": 1.835295518295441,
  "H_hash": 1.8876574868954934,
  "delta_ib": {
    "mean": -0.006630896639851236,
    "lo95": -0.008736799613007926,
    "hi95": -0.004688104311969831,
    "p_le_0": 1.0
  },
  "delta_hash": {
    "mean": 0.04573107196020136,
    "lo95": 0.0427917233845274,
    "hi95": 0.04869156768997402,
    "p_le_0": 0.0
  },
  "k_ctx": 5,
  "ib_clusters": 32,
  "stride": 1,
  "label_mode": "ib",
  "null_label": "C-1",
  "n_clusters": 32,
  "n_gram_order": 3,
  "coverage_train": {
    "full_frac": 0.9988380675730375,
    "backoff_frac": 0.0011619324269625468,
    "null_frac": 2.381009071644563e-05
  },
  "coverage_test": {
    "full_frac": 0.9550308350463914,
    "backoff_frac": 0.04496916495360853,
    "null_frac": 5.555864214678593e-05
  },
  "notes": "Bits/token. delta<0 means conditional helps. Hash control preserves label histogram."
}