{
  "H_base": 4.706051578121345,
  "H_ib": 4.723021776120296,
  "H_hash": 4.7530321586178506,
  "delta_ib": {
    "mean": 0.016970197998951466,
    "lo95": 0.00755344034517038,
    "hi95": 0.026706354823651014,
    "p_le_0": 0.0005
  },
  "delta_hash": {
    "mean": 0.046980580496505345,
    "lo95": 0.017960545409607235,
    "hi95": 0.07431648937090962,
    "p_le_0": 0.0
  },
  "k_ctx": 5,
  "ib_clusters": 64,
  "stride": 1,
  "label_mode": "ib",
  "null_label": "C-1",
  "n_clusters": 64,
  "n_gram_order": 3,
  "coverage_train": {
    "full_frac": 0.09252570158377327,
    "backoff_frac": 0.9074742984162267,
    "null_frac": 0.0002778549597110308
  },
  "coverage_test": {
    "full_frac": 0.007518796992481203,
    "backoff_frac": 0.9924812030075187,
    "null_frac": 0.002506265664160401
  },
  "control": "block",
  "control_tag": "ctrl-block-2-111"
}