{
  "H_base": 2.9201708943729208,
  "H_ib": 3.0830162001283625,
  "H_hash": 4.91075576968375,
  "delta_ib": {
    "mean": 0.16284530575544182,
    "lo95": 0.11542380180136806,
    "hi95": 0.2096086113285181,
    "p_le_0": 0.0
  },
  "delta_hash": {
    "mean": 1.9905848753108286,
    "lo95": 1.8741347368698167,
    "hi95": 2.101050246539647,
    "p_le_0": 0.0
  },
  "k_ctx": 7,
  "ib_clusters": 64,
  "stride": 1,
  "label_mode": "ib",
  "null_label": "C-1",
  "n_clusters": 64,
  "n_gram_order": 3,
  "coverage_train": {
    "full_frac": 0.08453287389540377,
    "backoff_frac": 0.9154671261045962,
    "null_frac": 0.000389040182293114
  },
  "coverage_test": {
    "full_frac": 0.0,
    "backoff_frac": 1.0,
    "null_frac": 0.0035122930255895636
  },
  "control": "block",
  "control_tag": "ctrl-block-2-333"
}