{
  "H_base": 3.4630217005588713,
  "H_ib": 3.475411916568675,
  "H_hash": 3.4532519250550924,
  "delta_ib": {
    "mean": 0.012390216009803638,
    "lo95": 0.010508917290695849,
    "hi95": 0.014174720056177512,
    "p_le_0": 0.0
  },
  "delta_hash": {
    "mean": -0.009769775503779048,
    "lo95": -0.010765758538001479,
    "hi95": -0.008791097149103916,
    "p_le_0": 1.0
  },
  "k_ctx": 5,
  "ib_clusters": 64,
  "stride": 2,
  "label_mode": "ib",
  "null_label": "C-1",
  "n_clusters": 64,
  "n_gram_order": 3,
  "coverage_train": {
    "full_frac": 0.2937974713683659,
    "backoff_frac": 0.7062025286316341,
    "null_frac": 2.381009071644563e-05
  },
  "coverage_test": {
    "full_frac": 0.044891382854603035,
    "backoff_frac": 0.955108617145397,
    "null_frac": 5.555864214678593e-05
  },
  "control": "block",
  "control_tag": "ctrl-block-2-333"
}