{
  "H_base": 1.592939637535344,
  "H_ib": 1.6033119091853005,
  "H_hash": 1.6146326315533241,
  "delta_ib": {
    "mean": 0.01037227164995639,
    "lo95": 0.008969064365989115,
    "hi95": 0.011686719901339864,
    "p_le_0": 0.0
  },
  "delta_hash": {
    "mean": 0.02169299401798007,
    "lo95": 0.019851747098006252,
    "hi95": 0.023399206766864973,
    "p_le_0": 0.0
  },
  "k_ctx": 5,
  "ib_clusters": 32,
  "stride": 2,
  "label_mode": "ib",
  "null_label": "C-1",
  "n_clusters": 32,
  "n_gram_order": 3,
  "coverage_train": {
    "full_frac": 0.48847055321998584,
    "backoff_frac": 0.5115294467800141,
    "null_frac": 3.720376502102013e-05
  },
  "coverage_test": {
    "full_frac": 0.48962583557600486,
    "backoff_frac": 0.5103741644239952,
    "null_frac": 8.681309141418526e-05
  },
  "control": "block",
  "control_tag": "ctrl-block-2-333"
}