{
  "model_runs": 64,
  "valid_metric_runs": 64,
  "metric_name": "delta_ib.mean",
  "mean": 0.005793052051634468,
  "median": 0.005448526993642148,
  "std": 0.0021379530544350725,
  "min": 0.002437887450380618,
  "max": 0.009908037396372556,
  "robust_median": 0.005448526993642148,
  "robust_mad": 0.0014616547770586285,
  "sinusoid_fit": {
    "amp": 0.0022768864434266857,
    "freq": 0.0135807903951976,
    "phase": -2.1848938566811262,
    "offset": 0.005632398534796183,
    "r2": 0.6022102361518137
  },
  "groups": {
    "k_ctx": {
      "k_ctx": [
        5,
        7
      ],
      "count": [
        32,
        32
      ],
      "mean": [
        0.004100051136205359,
        0.007486052967063578
      ],
      "median": [
        0.0044417701628648824,
        0.007149337433410181
      ],
      "std": [
        0.0010687878791779072,
        0.0015417030905500524
      ]
    },
    "ib_clusters": {
      "ib_clusters": [
        32,
        64
      ],
      "count": [
        32,
        32
      ],
      "mean": [
        0.006172829144518449,
        0.005413274958750489
      ],
      "median": [
        0.00617269586566031,
        0.005448526993642148
      ],
      "std": [
        0.002828708405214445,
        0.0010664060740581262
      ]
    },
    "stride": {
      "stride": [
        1,
        2
      ],
      "count": [
        32,
        32
      ],
      "mean": [
        0.0058031492533234495,
        0.005782954849945487
      ],
      "median": [
        0.005448526993642148,
        0.005406930282145372
      ],
      "std": [
        0.00217281199096889,
        0.0021714643001832456
      ]
    },
    "n": {
      "n": [
        3,
        4
      ],
      "count": [
        32,
        32
      ],
      "mean": [
        0.006688620785728889,
        0.004897483317540047
      ],
      "median": [
        0.005961039091925533,
        0.004866718730316296
      ],
      "std": [
        0.0020375039852688656,
        0.0019050789227677142
      ]
    },
    "ib_max_contexts": {
      "ib_max_contexts": [
        6000,
        9000
      ],
      "count": [
        32,
        32
      ],
      "mean": [
        0.005793052051634468,
        0.005793052051634468
      ],
      "median": [
        0.005448526993642148,
        0.005448526993642148
      ],
      "std": [
        0.002172162475469595,
        0.002172162475469595
      ]
    },
    "seed": {
      "seed": [
        111,
        333
      ],
      "count": [
        32,
        32
      ],
      "mean": [
        0.005793052051634468,
        0.005793052051634468
      ],
      "median": [
        0.005448526993642148,
        0.005448526993642148
      ],
      "std": [
        0.002172162475469595,
        0.002172162475469595
      ]
    }
  },
  "main_effects": {
    "betas": {
      "n_3": 0.20944527176057604,
      "n_4": -0.2094452717605761,
      "k_ctx_5": -0.3959395000334712,
      "k_ctx_7": 0.3959395000334713,
      "ib_clusters_32": 0.08881788007925301,
      "ib_clusters_64": -0.08881788007925295,
      "ib_max_contexts_6000": 5.551115123125783e-17,
      "ib_max_contexts_9000": -1.1102230246251565e-16,
      "stride_1": 0.002361416908896935,
      "stride_2": -0.0023614169088969073,
      "seed_111": 1.942890293094024e-16,
      "seed_333": 0.0
    },
    "betas_group": {
      "n": 0.2962003438987253,
      "k_ctx": 0.5599430108265576,
      "ib_clusters": 0.1256074505893067,
      "ib_max_contexts": 1.2412670766236366e-16,
      "stride": 0.003339547818979177,
      "seed": 1.942890293094024e-16
    },
    "r2": 0.8341191836048129
  }
}