{
  "H_base": 1.510751789693792,
  "H_ib": 1.5681544176318585,
  "H_hash": 4.695737376752289,
  "delta_ib": {
    "mean": 0.05740262793806624,
    "lo95": 0.012162809434977183,
    "hi95": 0.11273189338520309,
    "p_le_0": 0.0035
  },
  "delta_hash": {
    "mean": 3.1849855870584975,
    "lo95": 3.1075450891370124,
    "hi95": 3.264220798434565,
    "p_le_0": 0.0
  },
  "k_ctx": 7,
  "ib_clusters": 64,
  "stride": 1,
  "label_mode": "ib",
  "null_label": "C-1",
  "n_clusters": 64,
  "n_gram_order": 3,
  "coverage_train": {
    "full_frac": 0.08831212138053687,
    "backoff_frac": 0.9116878786194631,
    "null_frac": 0.000389040182293114
  },
  "coverage_test": {
    "full_frac": 0.002007024586051179,
    "backoff_frac": 0.9979929754139488,
    "null_frac": 0.0035122930255895636
  },
  "control": "block",
  "control_tag": "ctrl-block-2-333"
}