{
  "H_base": 0.25323905184924045,
  "H_ib": 0.263147089245613,
  "H_hash": 4.773768239632381,
  "delta_ib": {
    "mean": 0.009908037396372556,
    "lo95": -0.00012855013606604443,
    "hi95": 0.02982224797171962,
    "p_le_0": 0.268
  },
  "delta_hash": {
    "mean": 4.520529187783141,
    "lo95": 4.461729309902302,
    "hi95": 4.578019223363471,
    "p_le_0": 0.0
  },
  "k_ctx": 7,
  "ib_clusters": 32,
  "stride": 1,
  "label_mode": "ib",
  "null_label": "C-1",
  "n_clusters": 32,
  "n_gram_order": 3,
  "coverage_train": {
    "full_frac": 1.0,
    "backoff_frac": 0.0,
    "null_frac": 0.000389040182293114
  },
  "coverage_test": {
    "full_frac": 1.0,
    "backoff_frac": 0.0,
    "null_frac": 0.0035122930255895636
  },
  "control": "none",
  "control_tag": "true",
  "notes": "Bits/token. delta<0 helps. Hash control preserves label histogram."
}