{
  "H_base": 3.4425993180014416,
  "H_ib": 3.4482423468819223,
  "H_hash": 3.437299801287546,
  "delta_ib": {
    "mean": 0.005643028880480654,
    "lo95": 0.004455369737117781,
    "hi95": 0.006820472246777119,
    "p_le_0": 0.0
  },
  "delta_hash": {
    "mean": -0.005299516713895416,
    "lo95": -0.00709254839065254,
    "hi95": -0.0035177581699574077,
    "p_le_0": 1.0
  },
  "k_ctx": 7,
  "ib_clusters": 64,
  "stride": 2,
  "label_mode": "ib",
  "null_label": "C-1",
  "n_clusters": 64,
  "n_gram_order": 3,
  "coverage_train": {
    "full_frac": 0.038082221788345326,
    "backoff_frac": 0.9619177782116547,
    "null_frac": 3.333444448148272e-05
  },
  "coverage_test": {
    "full_frac": 0.00032224728590001444,
    "backoff_frac": 0.9996777527141,
    "null_frac": 7.778382763103797e-05
  },
  "control": "block",
  "control_tag": "ctrl-block-2-111"
}