{
  "H_base": 6.003241189041754,
  "H_ib": 6.005696682149199,
  "H_hash": 5.03968410569079,
  "delta_ib": {
    "mean": 0.0024554931074448768,
    "lo95": -0.006367386696507026,
    "hi95": 0.011532309561589018,
    "p_le_0": 0.3105
  },
  "delta_hash": {
    "mean": -0.9635570833509642,
    "lo95": -1.0632374340887785,
    "hi95": -0.8576294435315999,
    "p_le_0": 1.0
  },
  "k_ctx": 7,
  "ib_clusters": 64,
  "stride": 1,
  "label_mode": "ib",
  "null_label": "C-1",
  "n_clusters": 64,
  "n_gram_order": 4,
  "coverage_train": {
    "full_frac": 0.08642249763797032,
    "backoff_frac": 0.9135775023620297,
    "null_frac": 0.000389040182293114
  },
  "coverage_test": {
    "full_frac": 0.0,
    "backoff_frac": 1.0,
    "null_frac": 0.0035122930255895636
  },
  "control": "block",
  "control_tag": "ctrl-block-2-333"
}