{
  "H_base": 3.9872474191349685,
  "H_ib": 3.9870092753909363,
  "H_hash": 3.984543012176481,
  "delta_ib": {
    "mean": -0.000238143744032366,
    "lo95": -0.00034422485315389683,
    "hi95": -0.00013325678453533744,
    "p_le_0": 1.0
  },
  "delta_hash": {
    "mean": -0.002704406958487674,
    "lo95": -0.0037129338213109753,
    "hi95": -0.0017484875818156967,
    "p_le_0": 1.0
  },
  "k_ctx": 5,
  "ib_clusters": 32,
  "stride": 1,
  "label_mode": "ib",
  "null_label": "C-1",
  "n_clusters": 32,
  "n_gram_order": 4,
  "coverage_train": {
    "full_frac": 0.31397414224148196,
    "backoff_frac": 0.6860258577585181,
    "null_frac": 2.381009071644563e-05
  },
  "coverage_test": {
    "full_frac": 0.029734985276959832,
    "backoff_frac": 0.9702650147230402,
    "null_frac": 5.555864214678593e-05
  },
  "control": "block",
  "control_tag": "ctrl-block-2-111"
}