{
  "H_base": 3.4425993180014416,
  "H_ib": 3.4420738605614547,
  "H_hash": 3.4406027680322713,
  "delta_ib": {
    "mean": -0.0005254574399870418,
    "lo95": -0.0009061829142983734,
    "hi95": -0.00010409998871743714,
    "p_le_0": 0.993
  },
  "delta_hash": {
    "mean": -0.001996549969170444,
    "lo95": -0.002559450058383814,
    "hi95": -0.00144845381972759,
    "p_le_0": 1.0
  },
  "k_ctx": 5,
  "ib_clusters": 64,
  "stride": 2,
  "label_mode": "ib",
  "null_label": "C-1",
  "n_clusters": 64,
  "n_gram_order": 3,
  "coverage_train": {
    "full_frac": 0.2950070239767614,
    "backoff_frac": 0.7049929760232386,
    "null_frac": 2.381009071644563e-05
  },
  "coverage_test": {
    "full_frac": 0.03353519639979999,
    "backoff_frac": 0.9664648036002,
    "null_frac": 5.555864214678593e-05
  },
  "control": "block",
  "control_tag": "ctrl-block-2-111"
}