{
  "H_base": 2.953749389174371,
  "H_ib": 2.951764162448485,
  "H_hash": 3.1758669444100605,
  "delta_ib": {
    "mean": -0.0019852267258857565,
    "lo95": -0.006416666718494183,
    "hi95": 0.004183615582257541,
    "p_le_0": 0.7805
  },
  "delta_hash": {
    "mean": 0.22211755523568943,
    "lo95": 0.17555513545020543,
    "hi95": 0.2679950249269376,
    "p_le_0": 0.0
  },
  "k_ctx": 5,
  "ib_clusters": 32,
  "stride": 1,
  "label_mode": "ib",
  "null_label": "C-1",
  "n_clusters": 32,
  "n_gram_order": 3,
  "coverage_train": {
    "full_frac": 0.10836343428730202,
    "backoff_frac": 0.891636565712698,
    "null_frac": 0.0002778549597110308
  },
  "coverage_test": {
    "full_frac": 0.015037593984962405,
    "backoff_frac": 0.9849624060150376,
    "null_frac": 0.002506265664160401
  },
  "control": "block",
  "control_tag": "ctrl-block-2-111"
}