{
  "H_base": 4.053112485471107,
  "H_ib": 4.0558664071598205,
  "H_hash": 4.069215777640424,
  "delta_ib": {
    "mean": 0.0027539216887131177,
    "lo95": -0.00016851749363878542,
    "hi95": 0.007465956800267638,
    "p_le_0": 0.118
  },
  "delta_hash": {
    "mean": 0.016103292169316896,
    "lo95": 0.005964392921541258,
    "hi95": 0.02646793906514394,
    "p_le_0": 0.0005
  },
  "k_ctx": 5,
  "ib_clusters": 64,
  "stride": 1,
  "label_mode": "ib",
  "null_label": "C-1",
  "n_clusters": 64,
  "n_gram_order": 3,
  "coverage_train": {
    "full_frac": 0.09813837176993609,
    "backoff_frac": 0.9018616282300639,
    "null_frac": 0.0002778549597110308
  },
  "coverage_test": {
    "full_frac": 0.0,
    "backoff_frac": 1.0,
    "null_frac": 0.002506265664160401
  },
  "control": "block",
  "control_tag": "ctrl-block-2-333"
}