{
  "H_base": 5.226308462293641,
  "H_ib": 5.226308462293641,
  "H_hash": 5.217957195362624,
  "delta_ib": {
    "mean": 0.0,
    "lo95": 0.0,
    "hi95": 0.0,
    "p_le_0": 1.0
  },
  "delta_hash": {
    "mean": -0.008351266931017143,
    "lo95": -0.013153152074438073,
    "hi95": -0.0030800227751515558,
    "p_le_0": 0.9975
  },
  "k_ctx": 5,
  "ib_clusters": 32,
  "stride": 1,
  "label_mode": "ib",
  "null_label": "C-1",
  "n_clusters": 32,
  "n_gram_order": 4,
  "coverage_train": {
    "full_frac": 0.07829952764656849,
    "backoff_frac": 0.9217004723534316,
    "null_frac": 0.0002778549597110308
  },
  "coverage_test": {
    "full_frac": 0.007518796992481203,
    "backoff_frac": 0.9924812030075187,
    "null_frac": 0.002506265664160401
  },
  "control": "block",
  "control_tag": "ctrl-block-2-111"
}