{
  "H_base": 5.292518302626343,
  "H_ib": 5.291402884693699,
  "H_hash": 5.011330089121299,
  "delta_ib": {
    "mean": -0.0011154179326432075,
    "lo95": -0.002516668480191975,
    "hi95": -0.00017681847730735046,
    "p_le_0": 1.0
  },
  "delta_hash": {
    "mean": -0.2811882135050439,
    "lo95": -0.30326716350183897,
    "hi95": -0.25959027860831957,
    "p_le_0": 1.0
  },
  "k_ctx": 7,
  "ib_clusters": 32,
  "stride": 1,
  "label_mode": "ib",
  "null_label": "C-1",
  "n_clusters": 32,
  "n_gram_order": 3,
  "coverage_train": {
    "full_frac": 0.06980492413716445,
    "backoff_frac": 0.9301950758628356,
    "null_frac": 0.000389040182293114
  },
  "coverage_test": {
    "full_frac": 0.0,
    "backoff_frac": 1.0,
    "null_frac": 0.0035122930255895636
  },
  "control": "global",
  "control_tag": "ctrl-global-111"
}