{
  "H_base": 2.82556404821523,
  "H_ib": 2.841042307403895,
  "H_hash": 2.945495259078856,
  "delta_ib": {
    "mean": 0.015478259188665217,
    "lo95": 0.013892243386919311,
    "hi95": 0.01722490488868064,
    "p_le_0": 0.0
  },
  "delta_hash": {
    "mean": 0.1199312108636261,
    "lo95": 0.11628762096815301,
    "hi95": 0.12386000634502627,
    "p_le_0": 0.0
  },
  "k_ctx": 7,
  "ib_clusters": 32,
  "stride": 2,
  "label_mode": "ib",
  "null_label": "C-1",
  "n_clusters": 32,
  "n_gram_order": 3,
  "coverage_train": {
    "full_frac": 0.014843351921254518,
    "backoff_frac": 0.9851566480787455,
    "null_frac": 3.333444448148272e-05
  },
  "coverage_test": {
    "full_frac": 0.008900692276065917,
    "backoff_frac": 0.9910993077239341,
    "null_frac": 7.778382763103797e-05
  },
  "control": "block",
  "control_tag": "ctrl-block-2-111"
}