{
  "H_base": 4.053112485471107,
  "H_ib": 4.0558664071598205,
  "H_hash": 4.066667973098466,
  "delta_ib": {
    "mean": 0.0027539216887131177,
    "lo95": -0.00016851749363878542,
    "hi95": 0.007465956800267638,
    "p_le_0": 0.118
  },
  "delta_hash": {
    "mean": 0.013555487627358509,
    "lo95": 0.003668332406028557,
    "hi95": 0.023325541894930413,
    "p_le_0": 0.007
  },
  "k_ctx": 5,
  "ib_clusters": 32,
  "stride": 1,
  "label_mode": "ib",
  "null_label": "C-1",
  "n_clusters": 32,
  "n_gram_order": 3,
  "coverage_train": {
    "full_frac": 0.08391219783273131,
    "backoff_frac": 0.9160878021672687,
    "null_frac": 0.0002778549597110308
  },
  "coverage_test": {
    "full_frac": 0.0,
    "backoff_frac": 1.0,
    "null_frac": 0.002506265664160401
  },
  "control": "block",
  "control_tag": "ctrl-block-2-333"
}