{
  "H_base": 4.093710525676749,
  "H_ib": 4.093797679613714,
  "H_hash": 3.884976504522887,
  "delta_ib": {
    "mean": 8.715393696452415e-05,
    "lo95": -4.186835205108045e-06,
    "hi95": 0.00019121131546293087,
    "p_le_0": 0.0325
  },
  "delta_hash": {
    "mean": -0.20873402115386214,
    "lo95": -0.21712179113792607,
    "hi95": -0.20040692128997292,
    "p_le_0": 1.0
  },
  "k_ctx": 7,
  "ib_clusters": 64,
  "stride": 1,
  "label_mode": "ib",
  "null_label": "C-1",
  "n_clusters": 64,
  "n_gram_order": 4,
  "coverage_train": {
    "full_frac": 0.04432052496987995,
    "backoff_frac": 0.9556794750301201,
    "null_frac": 3.333444448148272e-05
  },
  "coverage_test": {
    "full_frac": 5.5559876879312835e-05,
    "backoff_frac": 0.9999444401231207,
    "null_frac": 7.778382763103797e-05
  },
  "control": "block",
  "control_tag": "ctrl-block-2-333"
}