{
  "H_base": 2.167839564262961,
  "H_ib": 2.176007470316455,
  "H_hash": 3.124747766772794,
  "delta_ib": {
    "mean": 0.008167906053493858,
    "lo95": 0.0006320264260445066,
    "hi95": 0.017118545407510295,
    "p_le_0": 0.016
  },
  "delta_hash": {
    "mean": 0.9569082025098327,
    "lo95": 0.7838889580500377,
    "hi95": 1.1311868309679303,
    "p_le_0": 0.0
  },
  "k_ctx": 7,
  "ib_clusters": 64,
  "stride": 1,
  "label_mode": "ib",
  "null_label": "C-1",
  "n_clusters": 64,
  "n_gram_order": 4,
  "coverage_train": {
    "full_frac": 0.27594064358361586,
    "backoff_frac": 0.7240593564163842,
    "null_frac": 0.000389040182293114
  },
  "coverage_test": {
    "full_frac": 0.5464124435524336,
    "backoff_frac": 0.4535875564475665,
    "null_frac": 0.0035122930255895636
  },
  "notes": "Bits/token. delta<0 means conditional helps. Hash control preserves label histogram."
}