{
  "H_base": 2.826837415247051,
  "H_ib": 2.8275677106785904,
  "H_hash": 2.8282926395805843,
  "delta_ib": {
    "mean": 0.0007302954315395783,
    "lo95": 0.00038840359742613737,
    "hi95": 0.0011023943307763933,
    "p_le_0": 0.0
  },
  "delta_hash": {
    "mean": 0.001455224333533526,
    "lo95": 0.0011763901283904697,
    "hi95": 0.0017261370768283488,
    "p_le_0": 0.0
  },
  "k_ctx": 5,
  "ib_clusters": 32,
  "stride": 2,
  "label_mode": "ib",
  "null_label": "C-1",
  "n_clusters": 32,
  "n_gram_order": 3,
  "coverage_train": {
    "full_frac": 0.10778828067334936,
    "backoff_frac": 0.8922117193266507,
    "null_frac": 2.381009071644563e-05
  },
  "coverage_test": {
    "full_frac": 0.14099672204011335,
    "backoff_frac": 0.8590032779598866,
    "null_frac": 5.555864214678593e-05
  },
  "control": "block",
  "control_tag": "ctrl-block-2-333"
}