{
  "H_base": 4.941751550446055,
  "H_ib": 4.927827186321452,
  "H_hash": 4.989631346728012,
  "delta_ib": {
    "mean": -0.01392436412460274,
    "lo95": -0.022878898294979032,
    "hi95": -0.0041380418289747485,
    "p_le_0": 0.996
  },
  "delta_hash": {
    "mean": 0.04787979628195683,
    "lo95": -0.047745104934680094,
    "hi95": 0.14855232096498408,
    "p_le_0": 0.161
  },
  "k_ctx": 5,
  "ib_clusters": 64,
  "stride": 2,
  "label_mode": "ib",
  "null_label": "C-1",
  "n_clusters": 64,
  "n_gram_order": 3,
  "coverage_train": {
    "full_frac": 0.0883023061961656,
    "backoff_frac": 0.9116976938038344,
    "null_frac": 0.0002778549597110308
  },
  "coverage_test": {
    "full_frac": 0.0015037593984962407,
    "backoff_frac": 0.9984962406015038,
    "null_frac": 0.002506265664160401
  },
  "control": "block",
  "control_tag": "ctrl-block-2-333"
}