{
  "H_base": 3.4425993180014416,
  "H_ib": 3.44192013235383,
  "H_hash": 3.441798922876475,
  "delta_ib": {
    "mean": -0.0006791856476112408,
    "lo95": -0.0008016581982142248,
    "hi95": -0.0005494980334213665,
    "p_le_0": 1.0
  },
  "delta_hash": {
    "mean": -0.0008003951249665703,
    "lo95": -0.001019397244627811,
    "hi95": -0.0005882932706998185,
    "p_le_0": 1.0
  },
  "k_ctx": 7,
  "ib_clusters": 32,
  "stride": 2,
  "label_mode": "ib",
  "null_label": "C-1",
  "n_clusters": 32,
  "n_gram_order": 3,
  "coverage_train": {
    "full_frac": 0.032934431147704925,
    "backoff_frac": 0.9670655688522951,
    "null_frac": 3.333444448148272e-05
  },
  "coverage_test": {
    "full_frac": 0.00032224728590001444,
    "backoff_frac": 0.9996777527141,
    "null_frac": 7.778382763103797e-05
  },
  "control": "block",
  "control_tag": "ctrl-block-2-111"
}