{
  "H_base": 2.453687368234189,
  "H_ib": 2.4549884019446457,
  "H_hash": 2.4973277224582073,
  "delta_ib": {
    "mean": 0.0013010337104570344,
    "lo95": -0.0002676315090218533,
    "hi95": 0.004063758574201829,
    "p_le_0": 0.2055
  },
  "delta_hash": {
    "mean": 0.04364035422401847,
    "lo95": 0.02348233278407499,
    "hi95": 0.06380009108994107,
    "p_le_0": 0.0
  },
  "k_ctx": 5,
  "ib_clusters": 32,
  "stride": 1,
  "label_mode": "ib",
  "null_label": "C-1",
  "n_clusters": 32,
  "n_gram_order": 3,
  "coverage_train": {
    "full_frac": 0.13442622950819672,
    "backoff_frac": 0.8655737704918033,
    "null_frac": 0.0002778549597110308
  },
  "coverage_test": {
    "full_frac": 0.03458646616541353,
    "backoff_frac": 0.9654135338345865,
    "null_frac": 0.002506265664160401
  },
  "control": "block",
  "control_tag": "ctrl-block-2-333"
}