{
  "model_runs": 64,
  "valid_metric_runs": 64,
  "metric_name": "delta_ib.mean",
  "mean": -0.026477175689428773,
  "median": -0.01134546156384834,
  "std": 0.03330954521402052,
  "min": -0.08805278203180235,
  "max": 0.0051043358306295155,
  "robust_median": -0.01134546156384834,
  "robust_mad": 0.014923889756845464,
  "sinusoid_fit": {
    "amp": 0.035089851046322174,
    "freq": 0.06066533266633317,
    "phase": -2.3716780980483714,
    "offset": -0.026695181762625017,
    "r2": 0.569140887995118
  },
  "groups": {
    "k_ctx": {
      "k_ctx": [
        5,
        7
      ],
      "count": [
        32,
        32
      ],
      "mean": [
        -0.02296038492482342,
        -0.029993966454034127
      ],
      "median": [
        -0.01134546156384834,
        -0.018576818239852234
      ],
      "std": [
        0.029272657849194448,
        0.03752614899965223
      ]
    },
    "ib_clusters": {
      "ib_clusters": [
        32,
        64
      ],
      "count": [
        32,
        32
      ],
      "mean": [
        -0.026423734274625275,
        -0.02653061710423227
      ],
      "median": [
        -0.01134546156384834,
        -0.011548566881448459
      ],
      "std": [
        0.03381812608298334,
        0.03386683283934992
      ]
    },
    "stride": {
      "stride": [
        1,
        2
      ],
      "count": [
        32,
        32
      ],
      "mean": [
        -0.05354684027100408,
        0.0005924888921465354
      ],
      "median": [
        -0.05333108542778209,
        0.0004558329937157404
      ],
      "std": [
        0.027687725844686723,
        0.0033488800227503604
      ]
    },
    "n": {
      "n": [
        3,
        4
      ],
      "count": [
        32,
        32
      ],
      "mean": [
        -0.040928374448457816,
        -0.012025976930399728
      ],
      "median": [
        -0.037147717596633906,
        -0.008496178161428548
      ],
      "std": [
        0.0396315030200187,
        0.016995005959326872
      ]
    },
    "ib_max_contexts": {
      "ib_max_contexts": [
        6000,
        9000
      ],
      "count": [
        32,
        32
      ],
      "mean": [
        -0.026477175689428773,
        -0.026477175689428773
      ],
      "median": [
        -0.01134546156384834,
        -0.01134546156384834
      ],
      "std": [
        0.033842531779993544,
        0.033842531779993544
      ]
    },
    "seed": {
      "seed": [
        111,
        333
      ],
      "count": [
        32,
        32
      ],
      "mean": [
        -0.026477175689428773,
        -0.026477175689428773
      ],
      "median": [
        -0.01134546156384834,
        -0.01134546156384834
      ],
      "std": [
        0.03384253177999355,
        0.03384253177999355
      ]
    }
  },
  "main_effects": {
    "betas": {
      "n_3": -0.21692278086107195,
      "n_4": 0.21692278086107197,
      "k_ctx_5": 0.05278953290211241,
      "k_ctx_7": -0.05278953290211226,
      "ib_clusters_32": 0.0008021936799590471,
      "ib_clusters_64": -0.0008021936799590748,
      "ib_max_contexts_6000": -1.3877787807814457e-17,
      "ib_max_contexts_9000": -1.3877787807814457e-17,
      "stride_1": -0.40633493566358747,
      "stride_2": 0.40633493566358747,
      "seed_111": 8.326672684688674e-17,
      "seed_333": -1.5265566588595902e-16
    },
    "betas_group": {
      "n": 0.3067751386814148,
      "k_ctx": 0.074655673381508,
      "ib_clusters": 0.001134473181848086,
      "ib_max_contexts": 1.962615573354719e-17,
      "stride": 0.5746443768814444,
      "seed": 1.7388818282700985e-16
    },
    "r2": 0.8598038525696785
  }
}