{
  "H_base": 5.810018269537211,
  "H_ib": 5.808544085921418,
  "H_hash": 5.046064128464699,
  "delta_ib": {
    "mean": -0.0014741836157923386,
    "lo95": -0.004422550847377016,
    "hi95": 0.0,
    "p_le_0": 1.0
  },
  "delta_hash": {
    "mean": -0.7639541410725115,
    "lo95": -0.896130115322354,
    "hi95": -0.6250416528898879,
    "p_le_0": 1.0
  },
  "k_ctx": 7,
  "ib_clusters": 64,
  "stride": 2,
  "label_mode": "ib",
  "null_label": "C-1",
  "n_clusters": 64,
  "n_gram_order": 4,
  "coverage_train": {
    "full_frac": 0.08469960540210082,
    "backoff_frac": 0.9153003945978991,
    "null_frac": 0.000389040182293114
  },
  "coverage_test": {
    "full_frac": 0.0,
    "backoff_frac": 1.0,
    "null_frac": 0.0035122930255895636
  },
  "control": "block",
  "control_tag": "ctrl-block-2-111"
}