{
  "H_base": 1.510751789693792,
  "H_ib": 1.5680236812870159,
  "H_hash": 4.279362702009066,
  "delta_ib": {
    "mean": 0.05727189159322382,
    "lo95": 0.01760322747924931,
    "hi95": 0.10429168359344777,
    "p_le_0": 0.0
  },
  "delta_hash": {
    "mean": 2.768610912315274,
    "lo95": 2.61199767604857,
    "hi95": 2.928040980350369,
    "p_le_0": 0.0
  },
  "k_ctx": 7,
  "ib_clusters": 32,
  "stride": 2,
  "label_mode": "ib",
  "null_label": "C-1",
  "n_clusters": 32,
  "n_gram_order": 3,
  "coverage_train": {
    "full_frac": 0.07191685655532708,
    "backoff_frac": 0.9280831434446729,
    "null_frac": 0.000389040182293114
  },
  "coverage_test": {
    "full_frac": 0.0010035122930255895,
    "backoff_frac": 0.9989964877069744,
    "null_frac": 0.0035122930255895636
  },
  "control": "block",
  "control_tag": "ctrl-block-2-333"
}