{
  "H_base": 3.9387217552259375,
  "H_ib": 3.9383493730729726,
  "H_hash": 3.0761166637822646,
  "delta_ib": {
    "mean": -0.00037238215296477457,
    "lo95": -0.0005695103710564712,
    "hi95": -0.00014789592953784597,
    "p_le_0": 0.9995
  },
  "delta_hash": {
    "mean": -0.8626050914436727,
    "lo95": -0.8820574835112045,
    "hi95": -0.842561745312531,
    "p_le_0": 1.0
  },
  "k_ctx": 7,
  "ib_clusters": 64,
  "stride": 2,
  "label_mode": "ib",
  "null_label": "C-1",
  "n_clusters": 64,
  "n_gram_order": 4,
  "coverage_train": {
    "full_frac": 0.016100536684556153,
    "backoff_frac": 0.9838994633154439,
    "null_frac": 3.333444448148272e-05
  },
  "coverage_test": {
    "full_frac": 0.0,
    "backoff_frac": 1.0,
    "null_frac": 7.778382763103797e-05
  },
  "control": "global",
  "control_tag": "ctrl-global-111"
}