{
  "H_base": 3.1297911462514882,
  "H_ib": 3.1309356140574787,
  "H_hash": 3.124409184961189,
  "delta_ib": {
    "mean": 0.0011444678059903638,
    "lo95": 0.0005946317417269262,
    "hi95": 0.0017255133020796895,
    "p_le_0": 0.0
  },
  "delta_hash": {
    "mean": -0.005381961290299317,
    "lo95": -0.00703698649540452,
    "hi95": -0.003591391706022983,
    "p_le_0": 1.0
  },
  "k_ctx": 5,
  "ib_clusters": 32,
  "stride": 2,
  "label_mode": "ib",
  "null_label": "C-1",
  "n_clusters": 32,
  "n_gram_order": 4,
  "coverage_train": {
    "full_frac": 0.06914450344055811,
    "backoff_frac": 0.9308554965594419,
    "null_frac": 2.381009071644563e-05
  },
  "coverage_test": {
    "full_frac": 0.04742485693649647,
    "backoff_frac": 0.9525751430635035,
    "null_frac": 5.555864214678593e-05
  },
  "control": "global",
  "control_tag": "ctrl-global-111"
}