{
  "H_base": 6.269187095126037,
  "H_ib": 6.264700240071601,
  "H_hash": 5.140636939819626,
  "delta_ib": {
    "mean": -0.004486855054436029,
    "lo95": -0.020586515331584957,
    "hi95": 0.014641729154584709,
    "p_le_0": 0.701
  },
  "delta_hash": {
    "mean": -1.1285501553064108,
    "lo95": -1.5202904834763804,
    "hi95": -0.749387742119176,
    "p_le_0": 1.0
  },
  "k_ctx": 7,
  "ib_clusters": 64,
  "stride": 1,
  "label_mode": "ib",
  "null_label": "C-1",
  "n_clusters": 64,
  "n_gram_order": 4,
  "coverage_train": {
    "full_frac": 0.08831212138053687,
    "backoff_frac": 0.9116878786194631,
    "null_frac": 0.000389040182293114
  },
  "coverage_test": {
    "full_frac": 0.002007024586051179,
    "backoff_frac": 0.9979929754139488,
    "null_frac": 0.0035122930255895636
  },
  "control": "block",
  "control_tag": "ctrl-block-2-333"
}