{
  "H_base": 4.398781753241106,
  "H_ib": 4.4098098818866704,
  "H_hash": 4.351527849113267,
  "delta_ib": {
    "mean": 0.011028128645563835,
    "lo95": 0.00960466604993346,
    "hi95": 0.012545939371911495,
    "p_le_0": 0.0
  },
  "delta_hash": {
    "mean": -0.047253904127840037,
    "lo95": -0.050361318214778586,
    "hi95": -0.04402881291141614,
    "p_le_0": 1.0
  },
  "k_ctx": 7,
  "ib_clusters": 32,
  "stride": 1,
  "label_mode": "ib",
  "null_label": "C-1",
  "n_clusters": 32,
  "n_gram_order": 3,
  "coverage_train": {
    "full_frac": 0.02288809685028238,
    "backoff_frac": 0.9771119031497176,
    "null_frac": 5.2086046148236886e-05
  },
  "coverage_test": {
    "full_frac": 0.0,
    "backoff_frac": 1.0,
    "null_frac": 0.00012154254857361138
  },
  "control": "global",
  "control_tag": "ctrl-global-333"
}