{
  "H_base": 4.706051578121345,
  "H_ib": 4.736055643469663,
  "H_hash": 4.941218126225205,
  "delta_ib": {
    "mean": 0.030004065348318246,
    "lo95": 0.013158933658712353,
    "hi95": 0.048152913371113076,
    "p_le_0": 0.0
  },
  "delta_hash": {
    "mean": 0.23516654810386003,
    "lo95": 0.14859874898276482,
    "hi95": 0.3254691573862467,
    "p_le_0": 0.0
  },
  "k_ctx": 5,
  "ib_clusters": 64,
  "stride": 2,
  "label_mode": "ib",
  "null_label": "C-1",
  "n_clusters": 64,
  "n_gram_order": 3,
  "coverage_train": {
    "full_frac": 0.08785773826062795,
    "backoff_frac": 0.9121422617393721,
    "null_frac": 0.0002778549597110308
  },
  "coverage_test": {
    "full_frac": 0.002506265664160401,
    "backoff_frac": 0.9974937343358395,
    "null_frac": 0.002506265664160401
  },
  "control": "block",
  "control_tag": "ctrl-block-2-111"
}