{
  "H_base": 0.766841945581487,
  "H_ib": 0.7133753463108218,
  "H_hash": 4.666817942519208,
  "delta_ib": {
    "mean": -0.05346659927066528,
    "lo95": -0.07241638570833792,
    "hi95": -0.03532394287321693,
    "p_le_0": 1.0
  },
  "delta_hash": {
    "mean": 3.89997599693772,
    "lo95": 3.824578070845643,
    "hi95": 3.969917081700548,
    "p_le_0": 0.0
  },
  "k_ctx": 7,
  "ib_clusters": 32,
  "stride": 2,
  "label_mode": "ib",
  "null_label": "C-1",
  "n_clusters": 32,
  "n_gram_order": 3,
  "coverage_train": {
    "full_frac": 0.9916078474962485,
    "backoff_frac": 0.008392152503751459,
    "null_frac": 0.000389040182293114
  },
  "coverage_test": {
    "full_frac": 0.9739086803813347,
    "backoff_frac": 0.02609131961866533,
    "null_frac": 0.0035122930255895636
  },
  "notes": "Bits/token. delta<0 means conditional helps. Hash control preserves label histogram."
}