{
  "H_base": 0.766841945581487,
  "H_ib": 0.7361476139854354,
  "H_hash": 4.533952769910793,
  "delta_ib": {
    "mean": -0.030694331596051633,
    "lo95": -0.04532481930590366,
    "hi95": -0.0158858387560076,
    "p_le_0": 1.0
  },
  "delta_hash": {
    "mean": 3.767110824329306,
    "lo95": 3.663951984877776,
    "hi95": 3.870130153192079,
    "p_le_0": 0.0
  },
  "k_ctx": 5,
  "ib_clusters": 32,
  "stride": 2,
  "label_mode": "ib",
  "null_label": "C-1",
  "n_clusters": 32,
  "n_gram_order": 3,
  "coverage_train": {
    "full_frac": 0.9979438732981384,
    "backoff_frac": 0.0020561267018616284,
    "null_frac": 0.0002778549597110308
  },
  "coverage_test": {
    "full_frac": 0.9929824561403509,
    "backoff_frac": 0.007017543859649123,
    "null_frac": 0.002506265664160401
  },
  "notes": "Bits/token. delta<0 means conditional helps. Hash control preserves label histogram."
}