{
  "model_runs": 64,
  "valid_metric_runs": 64,
  "metric_name": "delta_ib.mean",
  "mean": 0.047648341859788314,
  "median": -0.00018930588838744015,
  "std": 0.11586766800057054,
  "min": -0.0010610557387783306,
  "max": 0.4426611920730859,
  "robust_median": -0.00018930588838744015,
  "robust_mad": 0.0006303992539843261,
  "sinusoid_fit": {
    "amp": 0.06780524232593524,
    "freq": 0.2487543771885943,
    "phase": 1.1444847445769015,
    "offset": 0.04769021244382461,
    "r2": 0.17247916787372009
  },
  "groups": {
    "k_ctx": {
      "k_ctx": [
        5,
        7
      ],
      "count": [
        32,
        32
      ],
      "mean": [
        0.0006081120010081613,
        0.09468857171856847
      ],
      "median": [
        -0.00018930588838744015,
        0.0037194634317190517
      ],
      "std": [
        0.0014109913831560788,
        0.1521396229504995
      ]
    },
    "ib_clusters": {
      "ib_clusters": [
        32,
        64
      ],
      "count": [
        32,
        32
      ],
      "mean": [
        0.04487303221385039,
        0.050423651505726245
      ],
      "median": [
        -0.00018930588838744015,
        -7.851929275889617e-05
      ],
      "std": [
        0.11641160003062562,
        0.11895049471214887
      ]
    },
    "stride": {
      "stride": [
        1,
        2
      ],
      "count": [
        32,
        32
      ],
      "mean": [
        0.08123374197817068,
        0.014062941741405944
      ],
      "median": [
        -0.00018930588838744015,
        0.0002719750437594547
      ],
      "std": [
        0.15491046408467443,
        0.03729342430277246
      ]
    },
    "n": {
      "n": [
        3,
        4
      ],
      "count": [
        32,
        32
      ],
      "mean": [
        0.09585271638726371,
        -0.000556032667687077
      ],
      "median": [
        0.00548069276880964,
        -0.0005849625007211561
      ],
      "std": [
        0.15139188591013003,
        0.00020542743322259134
      ]
    },
    "ib_max_contexts": {
      "ib_max_contexts": [
        6000,
        9000
      ],
      "count": [
        32,
        32
      ],
      "mean": [
        0.047648341859788314,
        0.047648341859788314
      ],
      "median": [
        -0.00018930588838744015,
        -0.00018930588838744015
      ],
      "std": [
        0.11772166841030696,
        0.11772166841030696
      ]
    },
    "seed": {
      "seed": [
        111,
        333
      ],
      "count": [
        32,
        32
      ],
      "mean": [
        0.026879032046306515,
        0.06841765167327012
      ],
      "median": [
        -0.00018930588838744015,
        0.00015491773194007628
      ],
      "std": [
        0.06921799913426015,
        0.14844221977548852
      ]
    }
  },
  "main_effects": {
    "betas": {
      "n_3": 0.20801477685568512,
      "n_4": -0.20801477685568517,
      "k_ctx_5": -0.20299118105426373,
      "k_ctx_7": 0.20299118105426367,
      "ib_clusters_32": -0.011976203868720663,
      "ib_clusters_64": 0.011976203868720683,
      "ib_max_contexts_6000": -4.163336342344337e-17,
      "ib_max_contexts_9000": 4.163336342344337e-17,
      "stride_1": 0.144929989855012,
      "stride_2": -0.14492998985501204,
      "seed_111": -0.08962513026355154,
      "seed_333": 0.08962513026355162
    },
    "betas_group": {
      "n": 0.2941773186033229,
      "k_ctx": 0.2870728812890722,
      "ib_clusters": 0.016936909936889906,
      "ib_max_contexts": 5.887846720064156e-17,
      "stride": 0.20496195724755306,
      "seed": 0.12674907474816996
    },
    "r2": 0.4546254555062721
  }
}