{
  "model_runs": 64,
  "valid_metric_runs": 64,
  "metric_name": "delta_ib.mean",
  "mean": -0.0002775730723317437,
  "median": -0.00017510992953527292,
  "std": 0.00032513085612197043,
  "min": -0.000935182359791702,
  "max": 0.0,
  "robust_median": -0.00017510992953527292,
  "robust_mad": 0.00017510992953527292,
  "sinusoid_fit": {
    "amp": 0.00039208111474872036,
    "freq": 0.24975087543771887,
    "phase": -2.300436802496386,
    "offset": -0.00027757587280345485,
    "r2": 0.7282551343662182
  },
  "groups": {
    "k_ctx": {
      "k_ctx": [
        5,
        7
      ],
      "count": [
        32,
        32
      ],
      "mean": [
        -0.0002044527597415992,
        -0.0003506933849218882
      ],
      "median": [
        -0.00017510992953527292,
        -0.00017510992953527292
      ],
      "std": [
        0.00022018629314360112,
        0.0003983968466070177
      ]
    },
    "ib_clusters": {
      "ib_clusters": [
        32,
        64
      ],
      "count": [
        32,
        32
      ],
      "mean": [
        -0.0002775730723317437,
        -0.0002775730723317437
      ],
      "median": [
        -0.00017510992953527292,
        -0.00017510992953527292
      ],
      "std": [
        0.00033033328015336723,
        0.00033033328015336723
      ]
    },
    "stride": {
      "stride": [
        1,
        2
      ],
      "count": [
        32,
        32
      ],
      "mean": [
        -0.00030691590253807,
        -0.0002482302421254174
      ],
      "median": [
        -0.00017510992953527292,
        -0.00017510992953527292
      ],
      "std": [
        0.0003460380886003273,
        0.00031099878026575635
      ]
    },
    "n": {
      "n": [
        3,
        4
      ],
      "count": [
        32,
        32
      ],
      "mean": [
        -0.0005551461446634874,
        0.0
      ],
      "median": [
        -0.000467591179895851,
        0.0
      ],
      "std": [
        0.00024326070175782592,
        0.0
      ]
    },
    "ib_max_contexts": {
      "ib_max_contexts": [
        6000,
        9000
      ],
      "count": [
        32,
        32
      ],
      "mean": [
        -0.0002775730723317437,
        -0.0002775730723317437
      ],
      "median": [
        -0.00017510992953527292,
        -0.00017510992953527292
      ],
      "std": [
        0.00033033328015336723,
        0.00033033328015336723
      ]
    },
    "seed": {
      "seed": [
        111,
        333
      ],
      "count": [
        32,
        32
      ],
      "mean": [
        -0.0002337955899479255,
        -0.000321350554715562
      ],
      "median": [
        -0.00017510992953527292,
        -0.00017510992953527292
      ],
      "std": [
        0.00025205916633687034,
        0.0003882650507026791
      ]
    }
  },
  "main_effects": {
    "betas": {
      "n_3": -0.42686231395111385,
      "n_4": 0.4268623139511139,
      "k_ctx_5": 0.11244716775607905,
      "k_ctx_7": -0.11244716775607907,
      "ib_clusters_32": 0.0,
      "ib_clusters_64": -1.3877787807814457e-17,
      "ib_max_contexts_6000": 0.0,
      "ib_max_contexts_9000": 1.3877787807814457e-17,
      "stride_1": -0.04512450827642718,
      "stride_2": 0.04512450827642718,
      "seed_111": 0.06732265947965185,
      "seed_333": -0.06732265947965191
    },
    "betas_group": {
      "n": 0.6036744736556272,
      "k_ctx": 0.1590243096910896,
      "ib_clusters": 1.3877787807814457e-17,
      "ib_max_contexts": 1.3877787807814457e-17,
      "stride": 0.06381569159994029,
      "seed": 0.0952086180911493
    },
    "r2": 0.8057024022661119
  }
}